date,plant_code,plant_name,shift,total,fail_count,yield_rate,avg_temp,avg_humidity,avg_takt
2023-01-01,ASN,아산공장,A,468,15,96.79,22.946581196581196,44.76602564102564,2.808739316239316
2023-01-01,ASN,아산공장,B,496,5,98.99,23.080645161290324,45.179637096774194,2.805141129032258
2023-01-01,ASN,아산공장,C,51,0,100.0,22.72352941176471,44.160784313725486,2.78078431372549
2023-01-01,GWJ,광주공장,A,271,14,94.83,22.75867158671587,44.55239852398524,2.8188560885608855
2023-01-01,GWJ,광주공장,B,305,12,96.07,23.007213114754098,44.99639344262295,2.7941639344262295
2023-01-01,GWJ,광주공장,C,37,2,94.59,23.68378378378378,44.25675675675676,2.786756756756757
2023-01-01,HWS,화성공장,A,299,15,94.98,23.059197324414715,45.70969899665552,2.806923076923077
2023-01-01,HWS,화성공장,B,297,11,96.3,23.052861952861953,44.020538720538724,2.785622895622896
2023-01-01,HWS,화성공장,C,20,0,100.0,23.2,44.565,2.7079999999999997
2023-01-01,ULN,울산공장,A,866,30,96.54,22.919399538106237,45.07990762124711,2.806963048498845
2023-01-01,ULN,울산공장,B,788,35,95.56,23.02728426395939,45.1741116751269,2.7981345177664974
2023-01-01,ULN,울산공장,C,102,4,96.08,22.99607843137255,43.54019607843138,2.817745098039216
2023-01-02,ASN,아산공장,A,493,20,95.94,23.219269776876267,44.617038539553754,2.8237119675456386
2023-01-02,ASN,아산공장,B,461,20,95.66,23.14273318872017,45.71540130151843,2.8158351409978306
2023-01-02,ASN,아산공장,C,51,2,96.08,22.862745098039216,41.66274509803922,2.8290196078431373
2023-01-02,GWJ,광주공장,A,287,10,96.52,23.122996515679443,45.52090592334495,2.788885017421603
2023-01-02,GWJ,광주공장,B,277,12,95.67,22.9101083032491,44.93176895306859,2.801624548736462
2023-01-02,GWJ,광주공장,C,39,2,94.87,23.441025641025643,44.45641025641026,2.8261538461538462
2023-01-02,HWS,화성공장,A,311,13,95.82,22.8540192926045,44.76109324758843,2.773022508038585
2023-01-02,HWS,화성공장,B,241,13,94.61,23.182157676348545,44.75684647302904,2.773319502074689
2023-01-02,HWS,화성공장,C,47,3,93.62,22.9,46.42553191489362,2.8372340425531912
2023-01-02,ULN,울산공장,A,850,36,95.76,22.94764705882353,44.900588235294116,2.8091764705882354
2023-01-02,ULN,울산공장,B,831,31,96.27,23.122984356197353,44.73898916967509,2.78072202166065
2023-01-02,ULN,울산공장,C,103,7,93.2,23.199029126213592,44.49029126213592,2.857184466019418
2023-01-03,ASN,아산공장,A,481,27,94.39,23.04802494802495,44.853430353430355,2.7967567567567566
2023-01-03,ASN,아산공장,B,487,15,96.92,23.076796714579054,45.09671457905544,2.8078850102669404
2023-01-03,ASN,아산공장,C,57,6,89.47,23.056140350877193,44.26491228070175,2.7966666666666664
2023-01-03,GWJ,광주공장,A,270,9,96.67,23.00074074074074,45.88851851851852,2.8198148148148148
2023-01-03,GWJ,광주공장,B,276,10,96.38,22.720289855072465,45.575,2.784710144927536
2023-01-03,GWJ,광주공장,C,29,2,93.1,22.73448275862069,44.77241379310345,2.8289655172413792
2023-01-03,HWS,화성공장,A,286,8,97.2,22.86048951048951,45.02097902097902,2.773916083916084
2023-01-03,HWS,화성공장,B,267,9,96.63,23.198501872659175,44.189513108614236,2.773071161048689
2023-01-03,HWS,화성공장,C,27,3,88.89,23.114814814814817,48.029629629629625,2.7629629629629626
2023-01-03,ULN,울산공장,A,862,40,95.36,22.907772621809745,45.05649651972158,2.7827030162412996
2023-01-03,ULN,울산공장,B,822,22,97.32,23.284063260340634,45.16873479318735,2.8155109489051093
2023-01-03,ULN,울산공장,C,116,7,93.97,22.71551724137931,45.092241379310344,2.758706896551724
2023-01-04,ASN,아산공장,A,443,23,94.81,23.054176072234764,45.237923250564336,2.8016478555304745
2023-01-04,ASN,아산공장,B,464,19,95.91,23.237068965517242,45.296982758620686,2.799030172413793
2023-01-04,ASN,아산공장,C,54,4,92.59,22.7,46.153703703703705,2.743888888888889
2023-01-04,GWJ,광주공장,A,249,10,95.98,22.81004016064257,45.16224899598394,2.8220883534136547
2023-01-04,GWJ,광주공장,B,276,15,94.57,22.980797101449276,45.530434782608694,2.8008333333333333
2023-01-04,GWJ,광주공장,C,35,2,94.29,23.365714285714283,44.38285714285715,2.809428571428571
2023-01-04,HWS,화성공장,A,276,15,94.57,22.880797101449275,45.03514492753624,2.8154347826086954
2023-01-04,HWS,화성공장,B,288,15,94.79,22.966666666666665,45.15763888888889,2.8151041666666665
2023-01-04,HWS,화성공장,C,45,3,93.33,22.793333333333333,45.071111111111115,2.7904444444444443
2023-01-04,ULN,울산공장,A,832,39,95.31,23.069951923076925,45.447475961538466,2.812788461538461
2023-01-04,ULN,울산공장,B,799,35,95.62,22.946057571964957,45.53779724655819,2.8000125156445557
2023-01-04,ULN,울산공장,C,94,6,93.62,23.427659574468084,46.65425531914894,2.7897872340425534
2023-01-05,ASN,아산공장,A,492,14,97.15,22.954878048780486,44.77235772357724,2.810711382113821
2023-01-05,ASN,아산공장,B,513,21,95.91,22.926900584795323,44.86803118908382,2.8194541910331385
2023-01-05,ASN,아산공장,C,56,6,89.29,22.708928571428572,44.31964285714286,2.82
2023-01-05,GWJ,광주공장,A,255,8,96.86,22.96078431372549,45.29686274509804,2.819058823529412
2023-01-05,GWJ,광주공장,B,259,11,95.75,22.81698841698842,46.48610038610038,2.8111196911196914
2023-01-05,GWJ,광주공장,C,37,1,97.3,22.405405405405407,45.02972972972973,2.7435135135135136
2023-01-05,HWS,화성공장,A,253,12,95.26,22.971541501976287,44.74703557312253,2.842371541501976
2023-01-05,HWS,화성공장,B,262,11,95.8,22.721755725190842,45.791984732824424,2.821564885496183
2023-01-05,HWS,화성공장,C,38,5,86.84,22.523684210526316,42.43157894736842,2.7910526315789475
2023-01-05,ULN,울산공장,A,848,33,96.11,23.033254716981133,44.54870283018868,2.7968632075471698
2023-01-05,ULN,울산공장,B,834,25,97.0,22.98884892086331,44.59508393285372,2.821223021582734
2023-01-05,ULN,울산공장,C,106,8,92.45,22.78679245283019,44.18962264150944,2.8135849056603774
2023-01-06,ASN,아산공장,A,436,14,96.79,23.105045871559632,45.4105504587156,2.825
2023-01-06,ASN,아산공장,B,437,15,96.57,22.937070938215104,44.460640732265446,2.8053775743707097
2023-01-06,ASN,아산공장,C,50,2,96.0,22.776,43.961999999999996,2.72
2023-01-06,GWJ,광주공장,A,306,14,95.42,23.12091503267974,44.76732026143791,2.811699346405229
2023-01-06,GWJ,광주공장,B,294,14,95.24,23.15408163265306,45.179251700680275,2.787619047619047
2023-01-06,GWJ,광주공장,C,41,2,95.12,22.878048780487806,43.75609756097561,2.8187804878048777
2023-01-06,HWS,화성공장,A,260,13,95.0,23.044615384615387,45.137692307692305,2.806807692307692
2023-01-06,HWS,화성공장,B,276,7,97.46,23.118840579710145,44.903260869565216,2.810869565217391
2023-01-06,HWS,화성공장,C,29,0,100.0,22.66551724137931,44.851724137931036,2.8520689655172418
2023-01-06,ULN,울산공장,A,870,40,95.4,23.007241379310344,45.32908045977012,2.79116091954023
2023-01-06,ULN,울산공장,B,871,35,95.98,23.093800229621127,44.60952927669346,2.807703788748565
2023-01-06,ULN,울산공장,C,105,8,92.38,23.18190476190476,42.75142857142857,2.7480952380952384
2023-01-07,ASN,아산공장,A,463,19,95.9,22.75529157667387,44.62008639308855,2.814470842332613
2023-01-07,ASN,아산공장,B,489,15,96.93,23.22678936605317,44.867484662576686,2.8194274028629858
2023-01-07,ASN,아산공장,C,62,5,91.94,23.00483870967742,47.354838709677416,2.8
2023-01-07,GWJ,광주공장,A,265,5,98.11,22.895849056603772,45.467924528301886,2.8189811320754714
2023-01-07,GWJ,광주공장,B,283,10,96.47,23.053356890459366,45.57703180212014,2.819469964664311
2023-01-07,GWJ,광주공장,C,38,0,100.0,22.93421052631579,47.171052631578945,2.8844736842105263
2023-01-07,HWS,화성공장,A,277,15,94.58,23.267148014440433,45.05812274368231,2.81072202166065
2023-01-07,HWS,화성공장,B,263,10,96.2,22.788212927756653,45.29011406844106,2.7998859315589355
2023-01-07,HWS,화성공장,C,29,5,82.76,22.24827586206897,49.86206896551724,2.829310344827586
2023-01-07,ULN,울산공장,A,833,31,96.28,22.771788715486196,45.55138055222089,2.791740696278511
2023-01-07,ULN,울산공장,B,803,35,95.64,23.023661270236612,45.05305105853051,2.7954669987546703
2023-01-07,ULN,울산공장,C,105,6,94.29,23.175238095238097,44.45809523809524,2.7804761904761905
2023-01-08,ASN,아산공장,A,462,14,96.97,22.953679653679654,44.340692640692644,2.7740692640692637
2023-01-08,ASN,아산공장,B,457,19,95.84,22.788402625820567,44.76542669584245,2.8185995623632385
2023-01-08,ASN,아산공장,C,62,5,91.94,22.677419354838708,44.69193548387097,2.763225806451613
2023-01-08,GWJ,광주공장,A,240,9,96.25,23.163333333333334,45.30875,2.794208333333333
2023-01-08,GWJ,광주공장,B,258,5,98.06,23.191860465116278,45.701550387596896,2.789263565891473
2023-01-08,GWJ,광주공장,C,49,3,93.88,22.616326530612245,44.453061224489794,2.7779591836734694
2023-01-08,HWS,화성공장,A,280,18,93.57,23.247142857142858,45.81928571428571,2.7842857142857143
2023-01-08,HWS,화성공장,B,275,9,96.73,23.212,45.214181818181814,2.8008363636363636
2023-01-08,HWS,화성공장,C,30,2,93.33,22.073333333333334,42.61666666666667,2.701333333333333
2023-01-08,ULN,울산공장,A,848,31,96.34,22.969103773584905,44.960023584905656,2.795070754716981
2023-01-08,ULN,울산공장,B,853,37,95.66,22.96354044548652,45.04994138335287,2.7952989449003516
2023-01-08,ULN,울산공장,C,93,9,90.32,23.092473118279568,43.27204301075269,2.839784946236559
2023-01-09,ASN,아산공장,A,450,16,96.44,22.59711111111111,44.965111111111106,2.7987555555555557
2023-01-09,ASN,아산공장,B,487,15,96.92,22.857084188911703,44.48747433264887,2.8037371663244355
2023-01-09,ASN,아산공장,C,55,1,98.18,22.985454545454548,43.28727272727273,2.6932727272727273
2023-01-09,GWJ,광주공장,A,278,9,96.76,23.20863309352518,44.96474820143885,2.770323741007194
2023-01-09,GWJ,광주공장,B,273,13,95.24,22.982783882783885,44.591575091575095,2.813260073260073
2023-01-09,GWJ,광주공장,C,43,2,95.35,23.127906976744185,47.16744186046512,2.848372093023256
2023-01-09,HWS,화성공장,A,279,13,95.34,23.099641577060932,44.348387096774196,2.797562724014337
2023-01-09,HWS,화성공장,B,301,15,95.02,22.876079734219267,45.23156146179402,2.7979069767441858
2023-01-09,HWS,화성공장,C,41,0,100.0,23.217073170731705,45.09512195121951,2.846585365853658
2023-01-09,ULN,울산공장,A,836,39,95.33,23.000956937799042,45.161244019138756,2.790574162679426
2023-01-09,ULN,울산공장,B,860,30,96.51,23.04732558139535,44.83279069767441,2.806372093023256
2023-01-09,ULN,울산공장,C,113,9,92.04,22.868141592920352,44.47699115044247,2.8287610619469024
2023-01-10,ASN,아산공장,A,491,23,95.32,22.986761710794298,45.38329938900204,2.80061099796334
2023-01-10,ASN,아산공장,B,465,17,96.34,23.087096774193547,44.76215053763441,2.7619569892473117
2023-01-10,ASN,아산공장,C,58,6,89.66,23.32758620689655,44.36379310344827,2.7803448275862066
2023-01-10,GWJ,광주공장,A,273,8,97.07,23.052747252747253,44.87875457875458,2.8265201465201466
2023-01-10,GWJ,광주공장,B,284,11,96.13,22.94788732394366,45.208450704225356,2.812394366197183
2023-01-10,GWJ,광주공장,C,35,3,91.43,22.702857142857145,45.72571428571429,2.783714285714286
2023-01-10,HWS,화성공장,A,298,12,95.97,23.05805369127517,44.84161073825503,2.81496644295302
2023-01-10,HWS,화성공장,B,300,13,95.67,23.189333333333334,44.943,2.811033333333333
2023-01-10,HWS,화성공장,C,36,2,94.44,23.427777777777777,44.37777777777777,2.8600000000000003
2023-01-10,ULN,울산공장,A,828,34,95.89,22.851570048309178,45.203140096618355,2.798405797101449
2023-01-10,ULN,울산공장,B,861,33,96.17,22.871080139372822,44.892450638792106,2.803635307781649
2023-01-10,ULN,울산공장,C,93,4,95.7,22.70967741935484,46.483870967741936,2.828279569892473
2023-01-11,ASN,아산공장,A,487,24,95.07,23.12689938398357,45.17227926078029,2.8004722792607804
2023-01-11,ASN,아산공장,B,468,17,96.37,22.929059829059828,44.70705128205128,2.824209401709402
2023-01-11,ASN,아산공장,C,59,5,91.53,23.184745762711866,43.88474576271186,2.7930508474576268
2023-01-11,GWJ,광주공장,A,291,13,95.53,22.95979381443299,45.472852233676974,2.7889003436426116
2023-01-11,GWJ,광주공장,B,289,18,93.77,22.944290657439446,44.53737024221453,2.805121107266436
2023-01-11,GWJ,광주공장,C,31,0,100.0,23.02258064516129,44.55806451612903,2.785806451612903
2023-01-11,HWS,화성공장,A,272,9,96.69,22.95808823529412,45.57977941176471,2.8002573529411765
2023-01-11,HWS,화성공장,B,288,17,94.1,23.155555555555555,45.577777777777776,2.82625
2023-01-11,HWS,화성공장,C,27,5,81.48,23.62222222222222,43.45925925925926,2.818888888888889
2023-01-11,ULN,울산공장,A,840,40,95.24,22.995833333333334,45.15714285714286,2.7873809523809525
2023-01-11,ULN,울산공장,B,809,28,96.54,22.80655129789864,45.37021013597033,2.7757231149567367
2023-01-11,ULN,울산공장,C,95,7,92.63,23.093684210526316,44.65368421052632,2.7557894736842106
2023-01-12,ASN,아산공장,A,450,12,97.33,22.901333333333334,44.96666666666667,2.8022444444444443
2023-01-12,ASN,아산공장,B,469,21,95.52,23.064179104477613,45.53816631130064,2.775586353944563
2023-01-12,ASN,아산공장,C,59,4,93.22,22.522033898305082,44.11186440677966,2.720677966101695
2023-01-12,GWJ,광주공장,A,254,10,96.06,22.703937007874018,44.61771653543307,2.792677165354331
2023-01-12,GWJ,광주공장,B,290,7,97.59,22.862758620689654,44.991379310344826,2.805758620689655
2023-01-12,GWJ,광주공장,C,38,5,86.84,22.913157894736845,44.20263157894737,2.8228947368421053
2023-01-12,HWS,화성공장,A,292,14,95.21,22.931506849315067,44.22842465753425,2.8249657534246575
2023-01-12,HWS,화성공장,B,244,10,95.9,23.046311475409837,44.71680327868852,2.8205737704918032
2023-01-12,HWS,화성공장,C,42,3,92.86,23.61904761904762,47.41190476190476,2.8023809523809526
2023-01-12,ULN,울산공장,A,835,29,96.53,22.837245508982033,45.03760479041917,2.8042754491017967
2023-01-12,ULN,울산공장,B,851,24,97.18,23.047708578143357,45.41433607520564,2.809271445358402
2023-01-12,ULN,울산공장,C,119,8,93.28,23.346218487394957,45.831932773109244,2.8114285714285714
2023-01-13,ASN,아산공장,A,427,13,96.96,23.102107728337238,45.9072599531616,2.7871896955503517
2023-01-13,ASN,아산공장,B,481,17,96.47,23.204573804573805,45.05384615384616,2.8101247401247402
2023-01-13,ASN,아산공장,C,56,2,96.43,22.50714285714286,45.60892857142857,2.7110714285714286
2023-01-13,GWJ,광주공장,A,300,16,94.67,22.997666666666667,44.525666666666666,2.7888
2023-01-13,GWJ,광주공장,B,257,8,96.89,22.905836575875487,44.83929961089495,2.8118677042801554
2023-01-13,GWJ,광주공장,C,28,3,89.29,22.65357142857143,45.739285714285714,2.825714285714286
2023-01-13,HWS,화성공장,A,267,13,95.13,22.930337078651686,44.37640449438202,2.8287265917602995
2023-01-13,HWS,화성공장,B,296,7,97.64,22.92972972972973,44.59662162162162,2.8057432432432434
2023-01-13,HWS,화성공장,C,29,2,93.1,23.162068965517243,44.62068965517241,2.818275862068966
2023-01-13,ULN,울산공장,A,850,25,97.06,22.869176470588233,44.609529411764704,2.7932823529411763
2023-01-13,ULN,울산공장,B,836,25,97.01,22.997966507177033,45.02392344497608,2.7965789473684213
2023-01-13,ULN,울산공장,C,103,3,97.09,22.87281553398058,45.26699029126213,2.8300970873786406
2023-01-14,ASN,아산공장,A,496,22,95.56,22.880241935483873,44.89939516129032,2.8112500000000002
2023-01-14,ASN,아산공장,B,490,13,97.35,23.21061224489796,44.67612244897959,2.7651632653061227
2023-01-14,ASN,아산공장,C,61,3,95.08,23.332786885245902,45.726229508196724,2.7759016393442626
2023-01-14,GWJ,광주공장,A,267,12,95.51,23.022097378277152,44.058052434456926,2.8267790262172285
2023-01-14,GWJ,광주공장,B,274,15,94.53,22.86970802919708,44.73686131386861,2.7936131386861316
2023-01-14,GWJ,광주공장,C,26,1,96.15,23.873076923076926,44.76153846153846,2.7492307692307696
2023-01-14,HWS,화성공장,A,261,5,98.08,23.25823754789272,45.46168582375479,2.7662068965517244
2023-01-14,HWS,화성공장,B,257,11,95.72,23.20972762645914,45.27392996108949,2.804513618677043
2023-01-14,HWS,화성공장,C,32,1,96.88,22.446875,46.246875,2.815
2023-01-14,ULN,울산공장,A,836,28,96.65,23.04569377990431,45.317583732057415,2.8124880382775115
2023-01-14,ULN,울산공장,B,836,40,95.22,23.07511961722488,44.8206937799043,2.774808612440191
2023-01-14,ULN,울산공장,C,101,5,95.05,22.752475247524753,44.627722772277224,2.8234653465346535
2023-01-15,ASN,아산공장,A,506,21,95.85,22.944466403162053,44.42173913043479,2.7948023715415022
2023-01-15,ASN,아산공장,B,450,19,95.78,23.340444444444447,45.15244444444444,2.7901333333333334
2023-01-15,ASN,아산공장,C,51,4,92.16,23.047058823529415,45.596078431372554,2.861960784313726
2023-01-15,GWJ,광주공장,A,298,13,95.64,22.68221476510067,45.439597315436245,2.8283892617449666
2023-01-15,GWJ,광주공장,B,272,13,95.22,23.057720588235295,44.78272058823529,2.812610294117647
2023-01-15,GWJ,광주공장,C,32,3,90.62,23.13125,46.73125,2.755625
2023-01-15,HWS,화성공장,A,283,9,96.82,22.956890459363958,44.85689045936396,2.8008480565371023
2023-01-15,HWS,화성공장,B,298,10,96.64,22.985906040268457,46.00704697986577,2.8043624161073826
2023-01-15,HWS,화성공장,C,26,1,96.15,22.91923076923077,47.184615384615384,2.8
2023-01-15,ULN,울산공장,A,798,39,95.11,22.88095238095238,45.21390977443609,2.7995363408521308
2023-01-15,ULN,울산공장,B,866,28,96.77,23.065473441108544,44.718360277136256,2.783036951501155
2023-01-15,ULN,울산공장,C,136,13,90.44,22.826470588235296,45.56029411764706,2.8023529411764705
2023-01-16,ASN,아산공장,A,496,20,95.97,22.960483870967742,45.15564516129032,2.8092741935483874
2023-01-16,ASN,아산공장,B,456,12,97.37,22.99232456140351,45.285745614035086,2.77859649122807
2023-01-16,ASN,아산공장,C,51,7,86.27,22.431372549019606,46.52156862745098,2.7796078431372546
2023-01-16,GWJ,광주공장,A,285,15,94.74,23.109473684210524,44.96140350877193,2.819087719298246
2023-01-16,GWJ,광주공장,B,279,13,95.34,23.081362007168458,45.31111111111111,2.766164874551971
2023-01-16,GWJ,광주공장,C,37,3,91.89,22.072972972972973,45.508108108108104,2.7394594594594595
2023-01-16,HWS,화성공장,A,291,17,94.16,22.79484536082474,44.87731958762886,2.8141580756013744
2023-01-16,HWS,화성공장,B,286,8,97.2,22.824475524475524,44.71748251748252,2.803881118881119
2023-01-16,HWS,화성공장,C,32,3,90.62,22.80625,45.5125,2.731875
2023-01-16,ULN,울산공장,A,824,36,95.63,22.91990291262136,45.480461165048546,2.806019417475728
2023-01-16,ULN,울산공장,B,863,40,95.37,22.984936268829664,44.75283893395133,2.800741599073001
2023-01-16,ULN,울산공장,C,96,4,95.83,23.163541666666664,44.41458333333333,2.7891666666666666
2023-01-17,ASN,아산공장,A,453,17,96.25,22.908388520971304,45.14216335540839,2.8041721854304633
2023-01-17,ASN,아산공장,B,458,15,96.72,23.08951965065502,45.44694323144105,2.787576419213974
2023-01-17,ASN,아산공장,C,61,6,90.16,22.704918032786885,44.252459016393445,2.7862295081967217
2023-01-17,GWJ,광주공장,A,294,9,96.94,22.74285714285714,45.41836734693877,2.8445578231292514
2023-01-17,GWJ,광주공장,B,265,11,95.85,22.827924528301885,44.073584905660375,2.824
2023-01-17,GWJ,광주공장,C,28,3,89.29,22.442857142857143,46.949999999999996,2.809285714285714
2023-01-17,HWS,화성공장,A,279,12,95.7,22.71720430107527,44.920430107526876,2.8289605734767025
2023-01-17,HWS,화성공장,B,282,9,96.81,23.21631205673759,44.91347517730497,2.808794326241135
2023-01-17,HWS,화성공장,C,31,0,100.0,22.225806451612904,45.309677419354834,2.7974193548387096
2023-01-17,ULN,울산공장,A,848,28,96.7,22.88573113207547,45.075471698113205,2.799257075471698
2023-01-17,ULN,울산공장,B,865,31,96.42,23.0593063583815,44.61028901734104,2.786150289017341
2023-01-17,ULN,울산공장,C,114,4,96.49,23.0359649122807,44.61754385964912,2.876315789473684
2023-01-18,ASN,아산공장,A,461,24,94.79,23.06832971800434,44.70368763557484,2.7918872017353578
2023-01-18,ASN,아산공장,B,485,18,96.29,22.963505154639172,44.95896907216495,2.81280412371134
2023-01-18,ASN,아산공장,C,63,4,93.65,22.996825396825397,44.65873015873016,2.809047619047619
2023-01-18,GWJ,광주공장,A,282,3,98.94,23.26099290780142,45.7563829787234,2.78468085106383
2023-01-18,GWJ,광주공장,B,305,16,94.75,23.20983606557377,44.38262295081967,2.798950819672131
2023-01-18,GWJ,광주공장,C,30,0,100.0,23.986666666666668,47.013333333333335,2.8213333333333335
2023-01-18,HWS,화성공장,A,242,10,95.87,22.848347107438016,44.15247933884297,2.801611570247934
2023-01-18,HWS,화성공장,B,290,10,96.55,22.96896551724138,44.78344827586207,2.796689655172414
2023-01-18,HWS,화성공장,C,31,0,100.0,23.429032258064513,45.03225806451613,2.8448387096774193
2023-01-18,ULN,울산공장,A,851,32,96.24,23.22373678025852,45.423149236192714,2.7894359576968273
2023-01-18,ULN,울산공장,B,862,35,95.94,23.040371229698376,45.127610208816705,2.811380510440835
2023-01-18,ULN,울산공장,C,118,2,98.31,23.205932203389832,44.082203389830504,2.8309322033898305
2023-01-19,ASN,아산공장,A,481,25,94.8,23.029937629937628,45.511642411642406,2.7775467775467777
2023-01-19,ASN,아산공장,B,479,19,96.03,23.034446764091857,45.309394572025056,2.7979331941544885
2023-01-19,ASN,아산공장,C,69,5,92.75,23.046376811594204,45.369565217391305,2.7873913043478264
2023-01-19,GWJ,광주공장,A,274,16,94.16,23.05912408759124,45.13284671532847,2.802992700729927
2023-01-19,GWJ,광주공장,B,287,14,95.12,22.70313588850174,44.97909407665505,2.7914285714285714
2023-01-19,GWJ,광주공장,C,40,3,92.5,23.692500000000003,45.515,2.85575
2023-01-19,HWS,화성공장,A,274,16,94.16,22.877007299270073,44.912043795620434,2.8126642335766423
2023-01-19,HWS,화성공장,B,301,7,97.67,22.840863787375415,44.24916943521595,2.814551495016611
2023-01-19,HWS,화성공장,C,35,1,97.14,23.677142857142858,43.97142857142857,2.720857142857143
2023-01-19,ULN,울산공장,A,873,40,95.42,23.067010309278352,44.889347079037805,2.788533791523482
2023-01-19,ULN,울산공장,B,882,33,96.26,23.05578231292517,44.65340136054422,2.78640589569161
2023-01-19,ULN,울산공장,C,105,7,93.33,22.552380952380954,44.59428571428571,2.8067619047619043
2023-01-20,ASN,아산공장,A,441,16,96.37,23.00498866213152,44.84149659863945,2.807165532879819
2023-01-20,ASN,아산공장,B,444,11,97.52,23.321171171171173,44.87297297297297,2.8148648648648646
2023-01-20,ASN,아산공장,C,62,3,95.16,22.856451612903225,44.80483870967742,2.831451612903226
2023-01-20,GWJ,광주공장,A,275,10,96.36,23.08036363636364,45.087272727272726,2.788290909090909
2023-01-20,GWJ,광주공장,B,253,11,95.65,23.505533596837942,45.30909090909091,2.800513833992095
2023-01-20,GWJ,광주공장,C,35,2,94.29,22.67142857142857,43.62571428571429,2.774
2023-01-20,HWS,화성공장,A,291,5,98.28,22.82680412371134,45.22646048109966,2.82979381443299
2023-01-20,HWS,화성공장,B,259,10,96.14,23.183783783783785,44.003861003861005,2.7854440154440154
2023-01-20,HWS,화성공장,C,37,2,94.59,22.156756756756756,44.3,2.744864864864865
2023-01-20,ULN,울산공장,A,835,27,96.77,22.953772455089823,45.013413173652694,2.802299401197605
2023-01-20,ULN,울산공장,B,824,26,96.84,23.013834951456314,45.226941747572816,2.8128519417475726
2023-01-20,ULN,울산공장,C,92,11,88.04,22.959782608695654,46.60760869565217,2.8506521739130433
2023-01-21,ASN,아산공장,A,468,24,94.87,23.05213675213675,45.11452991452991,2.7799786324786324
2023-01-21,ASN,아산공장,B,481,17,96.47,22.985446985446984,44.985862785862786,2.78006237006237
2023-01-21,ASN,아산공장,C,66,5,92.42,23.374242424242425,44.487878787878785,2.8190909090909093
2023-01-21,GWJ,광주공장,A,273,13,95.24,22.946886446886445,45.362637362637365,2.8037728937728934
2023-01-21,GWJ,광주공장,B,271,15,94.46,22.854243542435423,44.26752767527675,2.7661254612546124
2023-01-21,GWJ,광주공장,C,27,1,96.3,23.566666666666666,45.77407407407408,2.8262962962962965
2023-01-21,HWS,화성공장,A,256,14,94.53,23.077734375,45.36484375,2.8041015625
2023-01-21,HWS,화성공장,B,286,11,96.15,22.95909090909091,45.67622377622377,2.8086713286713287
2023-01-21,HWS,화성공장,C,28,0,100.0,23.539285714285715,43.69642857142857,2.8167857142857144
2023-01-21,ULN,울산공장,A,836,28,96.65,23.01267942583732,44.85526315789474,2.8138277511961722
2023-01-21,ULN,울산공장,B,896,30,96.65,22.944754464285715,44.95011160714286,2.808203125
2023-01-21,ULN,울산공장,C,112,12,89.29,23.048214285714288,45.510714285714286,2.8355357142857143
2023-01-22,ASN,아산공장,A,436,21,95.18,22.925917431192662,45.16697247706422,2.7993577981651376
2023-01-22,ASN,아산공장,B,497,20,95.98,22.890342052313883,44.94245472837022,2.8059557344064383
2023-01-22,ASN,아산공장,C,66,3,95.45,23.074242424242424,46.89242424242424,2.805454545454545
2023-01-22,GWJ,광주공장,A,278,8,97.12,22.86906474820144,45.64100719424461,2.78636690647482
2023-01-22,GWJ,광주공장,B,285,9,96.84,22.78736842105263,45.004210526315795,2.8232631578947367
2023-01-22,GWJ,광주공장,C,42,1,97.62,23.26904761904762,44.4547619047619,2.777142857142857
2023-01-22,HWS,화성공장,A,280,9,96.79,23.01,45.1625,2.7664285714285715
2023-01-22,HWS,화성공장,B,289,7,97.58,22.923529411764704,44.390657439446365,2.8019377162629757
2023-01-22,HWS,화성공장,C,29,3,89.66,23.175862068965518,46.26206896551724,2.7803448275862066
2023-01-22,ULN,울산공장,A,873,42,95.19,23.184536082474224,45.10343642611684,2.792233676975945
2023-01-22,ULN,울산공장,B,804,39,95.15,23.008084577114428,45.17574626865672,2.7884825870646766
2023-01-22,ULN,울산공장,C,112,9,91.96,23.212500000000002,43.65625,2.7987499999999996
2023-01-23,ASN,아산공장,A,487,9,98.15,22.793839835728953,45.10451745379877,2.7914373716632443
2023-01-23,ASN,아산공장,B,498,18,96.39,22.90100401606426,44.72730923694779,2.7828112449799196
2023-01-23,ASN,아산공장,C,54,3,94.44,22.8537037037037,45.70925925925926,2.8777777777777778
2023-01-23,GWJ,광주공장,A,267,6,97.75,23.231460674157304,44.301872659176034,2.797940074906367
2023-01-23,GWJ,광주공장,B,269,10,96.28,22.906691449814126,44.5910780669145,2.8065055762081785
2023-01-23,GWJ,광주공장,C,39,2,94.87,22.871794871794872,45.40512820512821,2.8317948717948718
2023-01-23,HWS,화성공장,A,270,11,95.93,23.113333333333333,45.01111111111111,2.7795185185185187
2023-01-23,HWS,화성공장,B,286,10,96.5,23.024125874125872,44.65874125874126,2.7924825174825174
2023-01-23,HWS,화성공장,C,41,3,92.68,22.714634146341464,45.075609756097556,2.86609756097561
2023-01-23,ULN,울산공장,A,839,36,95.71,22.87938021454112,44.83384982121573,2.7996424314660313
2023-01-23,ULN,울산공장,B,859,30,96.51,22.90908032596042,44.823166472642605,2.781385331781141
2023-01-23,ULN,울산공장,C,119,13,89.08,23.233613445378154,44.98403361344538,2.7578991596638653
2023-01-24,ASN,아산공장,A,483,14,97.1,23.018633540372672,44.56397515527951,2.8065217391304347
2023-01-24,ASN,아산공장,B,477,19,96.02,22.879245283018868,45.162893081761005,2.80916142557652
2023-01-24,ASN,아산공장,C,60,5,91.67,23.028333333333332,43.93833333333334,2.7263333333333337
2023-01-24,GWJ,광주공장,A,320,18,94.38,23.0796875,45.1309375,2.7799375
2023-01-24,GWJ,광주공장,B,289,7,97.58,23.24256055363322,45.40795847750865,2.8019377162629757
2023-01-24,GWJ,광주공장,C,28,2,92.86,22.896428571428572,43.28214285714286,2.889642857142857
2023-01-24,HWS,화성공장,A,275,11,96.0,22.780727272727272,44.985454545454544,2.7587272727272727
2023-01-24,HWS,화성공장,B,279,15,94.62,22.87885304659498,45.36129032258064,2.8170609318996416
2023-01-24,HWS,화성공장,C,42,1,97.62,23.23095238095238,45.352380952380955,2.7811904761904764
2023-01-24,ULN,울산공장,A,768,45,94.14,23.011067708333332,44.934895833333336,2.7972265625
2023-01-24,ULN,울산공장,B,844,37,95.62,23.200118483412325,44.72476303317535,2.7870853080568723
2023-01-24,ULN,울산공장,C,109,9,91.74,23.135779816513764,44.91009174311927,2.7781651376146788
2023-01-25,ASN,아산공장,A,474,17,96.41,23.000632911392405,45.10358649789029,2.800379746835443
2023-01-25,ASN,아산공장,B,480,23,95.21,22.90354166666667,44.42583333333334,2.778770833333333
2023-01-25,ASN,아산공장,C,54,8,85.19,23.14074074074074,45.579629629629636,2.8
2023-01-25,GWJ,광주공장,A,255,12,95.29,23.171764705882353,45.22117647058823,2.7963529411764707
2023-01-25,GWJ,광주공장,B,293,14,95.22,22.75051194539249,44.98225255972696,2.817986348122867
2023-01-25,GWJ,광주공장,C,40,3,92.5,23.1125,42.6925,2.7184999999999997
2023-01-25,HWS,화성공장,A,277,10,96.39,22.633935018050543,44.748375451263534,2.775451263537906
2023-01-25,HWS,화성공장,B,282,14,95.04,22.86595744680851,44.802836879432625,2.788333333333333
2023-01-25,HWS,화성공장,C,38,2,94.74,23.05526315789474,43.66578947368421,2.819736842105263
2023-01-25,ULN,울산공장,A,837,35,95.82,23.030704898446835,45.007885304659496,2.7834289127837515
2023-01-25,ULN,울산공장,B,879,36,95.9,22.982025028441413,45.018657565415246,2.798339021615472
2023-01-25,ULN,울산공장,C,104,3,97.12,22.71923076923077,45.76826923076923,2.7801923076923076
2023-01-26,ASN,아산공장,A,489,23,95.3,22.853987730061352,44.7680981595092,2.8078118609406952
2023-01-26,ASN,아산공장,B,478,26,94.56,22.862552301255228,44.958995815899584,2.8161506276150625
2023-01-26,ASN,아산공장,C,38,2,94.74,22.689473684210526,42.77894736842105,2.791315789473684
2023-01-26,GWJ,광주공장,A,284,16,94.37,22.88169014084507,45.243309859154934,2.8138732394366195
2023-01-26,GWJ,광주공장,B,264,7,97.35,22.6875,46.14242424242424,2.7927272727272725
2023-01-26,GWJ,광주공장,C,35,1,97.14,23.22285714285714,45.434285714285714,2.809142857142857
2023-01-26,HWS,화성공장,A,274,12,95.62,22.940510948905107,45.39890510948905,2.7978467153284674
2023-01-26,HWS,화성공장,B,284,13,95.42,23.491197183098592,45.17359154929577,2.8308098591549298
2023-01-26,HWS,화성공장,C,45,1,97.78,23.364444444444448,45.32,2.7115555555555555
2023-01-26,ULN,울산공장,A,816,26,96.81,23.347058823529412,45.34166666666667,2.803848039215686
2023-01-26,ULN,울산공장,B,837,42,94.98,22.999402628434886,44.582556750298686,2.8189366786140977
2023-01-26,ULN,울산공장,C,116,9,92.24,23.106896551724137,44.9051724137931,2.7811206896551726
2023-01-27,ASN,아산공장,A,464,24,94.83,23.01939655172414,45.0521551724138,2.7855603448275863
2023-01-27,ASN,아산공장,B,472,13,97.25,22.922245762711864,44.8614406779661,2.8159745762711865
2023-01-27,ASN,아산공장,C,72,5,93.06,21.915277777777778,43.31388888888889,2.8266666666666667
2023-01-27,GWJ,광주공장,A,294,10,96.6,23.017006802721088,44.18673469387755,2.8425510204081634
2023-01-27,GWJ,광주공장,B,293,6,97.95,23.200682593856655,45.538566552901024,2.763617747440273
2023-01-27,GWJ,광주공장,C,31,0,100.0,22.509677419354837,46.41290322580645,2.920967741935484
2023-01-27,HWS,화성공장,A,286,12,95.8,22.663286713286713,45.82097902097902,2.808986013986014
2023-01-27,HWS,화성공장,B,304,9,97.04,22.839144736842105,45.01973684210526,2.795855263157895
2023-01-27,HWS,화성공장,C,32,2,93.75,23.421875,47.021875,2.7515625
2023-01-27,ULN,울산공장,A,854,39,95.43,22.983489461358314,45.33021077283372,2.781065573770492
2023-01-27,ULN,울산공장,B,808,22,97.28,23.09009900990099,45.508663366336634,2.7908415841584158
2023-01-27,ULN,울산공장,C,111,10,90.99,23.036936936936936,44.85495495495495,2.8154054054054054
2023-01-28,ASN,아산공장,A,446,17,96.19,23.021973094170402,44.92331838565022,2.822219730941704
2023-01-28,ASN,아산공장,B,486,16,96.71,22.796090534979424,45.03971193415638,2.7946913580246915
2023-01-28,ASN,아산공장,C,58,3,94.83,22.518965517241377,44.37931034482759,2.8099999999999996
2023-01-28,GWJ,광주공장,A,276,6,97.83,22.78985507246377,44.525,2.8055434782608697
2023-01-28,GWJ,광주공장,B,291,9,96.91,22.7426116838488,45.26769759450172,2.7806185567010306
2023-01-28,GWJ,광주공장,C,34,3,91.18,23.38823529411765,42.80294117647059,2.7570588235294116
2023-01-28,HWS,화성공장,A,282,12,95.74,23.06241134751773,45.48723404255319,2.802836879432624
2023-01-28,HWS,화성공장,B,298,14,95.3,23.316107382550335,45.58926174496644,2.836778523489933
2023-01-28,HWS,화성공장,C,34,1,97.06,22.58823529411765,43.46176470588235,2.7920588235294117
2023-01-28,ULN,울산공장,A,890,44,95.06,23.19011235955056,44.99168539325843,2.8000898876404494
2023-01-28,ULN,울산공장,B,879,24,97.27,22.953697383390214,44.51638225255973,2.8000341296928326
2023-01-28,ULN,울산공장,C,118,3,97.46,22.999152542372883,45.40338983050848,2.820762711864407
2023-01-29,ASN,아산공장,A,464,21,95.47,23.05,44.79784482758621,2.8079956896551725
2023-01-29,ASN,아산공장,B,516,21,95.93,23.10794573643411,44.23992248062015,2.7905232558139534
2023-01-29,ASN,아산공장,C,58,1,98.28,22.946551724137933,43.81896551724138,2.743103448275862
2023-01-29,GWJ,광주공장,A,298,8,97.32,23.038255033557046,45.57214765100671,2.825704697986577
2023-01-29,GWJ,광주공장,B,260,5,98.08,23.091923076923077,44.79038461538462,2.791730769230769
2023-01-29,GWJ,광주공장,C,32,0,100.0,22.525,43.9125,2.7975
2023-01-29,HWS,화성공장,A,277,17,93.86,23.023826714801444,44.243321299638986,2.7845126353790617
2023-01-29,HWS,화성공장,B,272,13,95.22,23.108455882352942,45.387499999999996,2.771580882352941
2023-01-29,HWS,화성공장,C,30,1,96.67,22.959999999999997,45.32666666666667,2.7946666666666666
2023-01-29,ULN,울산공장,A,860,27,96.86,22.979767441860464,44.860232558139536,2.806732558139535
2023-01-29,ULN,울산공장,B,872,39,95.53,22.979243119266055,44.4927752293578,2.7989564220183487
2023-01-29,ULN,울산공장,C,104,8,92.31,23.127884615384616,45.46634615384615,2.8147115384615384
2023-01-30,ASN,아산공장,A,507,28,94.48,22.774161735700197,44.50867850098619,2.7960946745562127
2023-01-30,ASN,아산공장,B,491,14,97.15,23.29755600814664,45.47006109979633,2.798228105906314
2023-01-30,ASN,아산공장,C,67,3,95.52,22.867164179104478,45.62985074626865,2.8107462686567164
2023-01-30,GWJ,광주공장,A,323,16,95.05,23.044582043343652,44.803405572755416,2.8258823529411763
2023-01-30,GWJ,광주공장,B,248,7,97.18,23.006048387096776,44.62862903225806,2.8102419354838712
2023-01-30,GWJ,광주공장,C,30,2,93.33,22.176666666666666,46.343333333333334,2.6873333333333336
2023-01-30,HWS,화성공장,A,277,12,95.67,23.233574007220216,44.941516245487364,2.7951985559566785
2023-01-30,HWS,화성공장,B,294,9,96.94,22.957482993197278,44.72517006802721,2.787278911564626
2023-01-30,HWS,화성공장,C,42,3,92.86,22.29047619047619,45.80238095238095,2.8511904761904763
2023-01-30,ULN,울산공장,A,853,25,97.07,23.129542790152403,45.30703399765534,2.78694021101993
2023-01-30,ULN,울산공장,B,843,44,94.78,23.108778173190984,44.586358244365364,2.7951126927639387
2023-01-30,ULN,울산공장,C,112,13,88.39,23.35982142857143,44.23571428571428,2.7715178571428574
2023-01-31,ASN,아산공장,A,430,24,94.42,23.011627906976745,45.164883720930234,2.8169302325581396
2023-01-31,ASN,아산공장,B,447,17,96.2,22.921476510067112,44.674049217002235,2.7905145413870245
2023-01-31,ASN,아산공장,C,56,3,94.64,22.99285714285714,44.419642857142854,2.8085714285714287
2023-01-31,GWJ,광주공장,A,269,15,94.42,22.985130111524164,46.25985130111524,2.8041635687732342
2023-01-31,GWJ,광주공장,B,273,5,98.17,23.416117216117218,44.44249084249084,2.7843589743589745
2023-01-31,GWJ,광주공장,C,47,2,95.74,22.851063829787233,43.708510638297874,2.8014893617021275
2023-01-31,HWS,화성공장,A,307,18,94.14,23.04755700325733,45.63224755700326,2.813355048859935
2023-01-31,HWS,화성공장,B,256,10,96.09,23.25546875,44.902734375,2.787890625
2023-01-31,HWS,화성공장,C,39,1,97.44,22.96923076923077,44.74102564102564,2.785897435897436
2023-01-31,ULN,울산공장,A,887,35,96.05,23.101578354002253,44.98816234498309,2.78271702367531
2023-01-31,ULN,울산공장,B,801,34,95.76,23.084519350811487,44.7729088639201,2.8000499375780277
2023-01-31,ULN,울산공장,C,104,6,94.23,23.082692307692305,45.05769230769231,2.7751923076923077
2023-02-01,ASN,아산공장,A,447,14,96.87,23.131767337807606,43.85973154362416,2.8075391498881435
2023-02-01,ASN,아산공장,B,504,22,95.63,23.094444444444445,44.96210317460318,2.780436507936508
2023-02-01,ASN,아산공장,C,56,4,92.86,23.089285714285715,46.51428571428572,2.820535714285714
2023-02-01,GWJ,광주공장,A,277,8,97.11,22.728158844765343,45.07400722021661,2.8230685920577616
2023-02-01,GWJ,광주공장,B,268,10,96.27,23.258955223880594,44.59925373134328,2.798470149253731
2023-02-01,GWJ,광주공장,C,37,3,91.89,23.47027027027027,44.24594594594594,2.8135135135135134
2023-02-01,HWS,화성공장,A,262,15,94.27,23.015267175572518,45.24503816793894,2.8064885496183205
2023-02-01,HWS,화성공장,B,266,7,97.37,22.95263157894737,44.45676691729323,2.804248120300752
2023-02-01,HWS,화성공장,C,27,0,100.0,23.0,44.111111111111114,2.8644444444444446
2023-02-01,ULN,울산공장,A,826,29,96.49,23.11646489104116,45.021549636803876,2.8175302663438258
2023-02-01,ULN,울산공장,B,825,35,95.76,22.972727272727273,44.774424242424246,2.820666666666667
2023-02-01,ULN,울산공장,C,113,5,95.58,22.38407079646018,45.994690265486724,2.794867256637168
2023-02-02,ASN,아산공장,A,426,18,95.77,23.118544600938968,44.773943661971835,2.7959624413145536
2023-02-02,ASN,아산공장,B,454,20,95.59,22.98568281938326,44.52290748898679,2.79795154185022
2023-02-02,ASN,아산공장,C,50,2,96.0,22.078000000000003,43.678000000000004,2.844
2023-02-02,GWJ,광주공장,A,267,12,95.51,23.050936329588016,45.48801498127341,2.8040823970037456
2023-02-02,GWJ,광주공장,B,283,13,95.41,22.80600706713781,45.02332155477032,2.8020494699646643
2023-02-02,GWJ,광주공장,C,29,2,93.1,22.337931034482757,47.59310344827586,2.818620689655172
2023-02-02,HWS,화성공장,A,273,14,94.87,22.917582417582416,45.55274725274725,2.818351648351648
2023-02-02,HWS,화성공장,B,275,13,95.27,23.020363636363637,44.94872727272727,2.8155272727272727
2023-02-02,HWS,화성공장,C,27,1,96.3,23.711111111111112,44.388888888888886,2.71
2023-02-02,ULN,울산공장,A,895,37,95.87,22.968156424581007,45.27150837988827,2.801586592178771
2023-02-02,ULN,울산공장,B,857,34,96.03,22.877129521586934,45.38973162193699,2.8104784130688447
2023-02-02,ULN,울산공장,C,90,3,96.67,23.635555555555552,45.50888888888889,2.8013333333333335
2023-02-03,ASN,아산공장,A,464,22,95.26,23.14978448275862,45.02758620689655,2.802176724137931
2023-02-03,ASN,아산공장,B,427,18,95.78,23.01264637002342,44.96065573770492,2.807985948477752
2023-02-03,ASN,아산공장,C,59,2,96.61,23.072881355932203,45.3593220338983,2.8089830508474574
2023-02-03,GWJ,광주공장,A,275,16,94.18,22.987272727272728,43.554545454545455,2.783781818181818
2023-02-03,GWJ,광주공장,B,269,5,98.14,22.865799256505575,44.53197026022305,2.8170631970260223
2023-02-03,GWJ,광주공장,C,36,1,97.22,22.869444444444444,44.34166666666667,2.732222222222222
2023-02-03,HWS,화성공장,A,280,11,96.07,22.902857142857144,44.6,2.765
2023-02-03,HWS,화성공장,B,270,13,95.19,22.80148148148148,44.7662962962963,2.8147407407407408
2023-02-03,HWS,화성공장,C,34,4,88.24,21.988235294117647,44.54117647058824,2.764411764705882
2023-02-03,ULN,울산공장,A,797,33,95.86,23.044416562107905,44.57490589711418,2.765018820577164
2023-02-03,ULN,울산공장,B,828,31,96.26,22.96352657004831,45.28695652173913,2.7992391304347826
2023-02-03,ULN,울산공장,C,101,9,91.09,22.50792079207921,43.82079207920792,2.814554455445544
2023-02-04,ASN,아산공장,A,493,23,95.33,22.99107505070994,45.591683569979715,2.7957200811359026
2023-02-04,ASN,아산공장,B,458,22,95.2,23.073362445414848,44.68908296943231,2.8019213973799126
2023-02-04,ASN,아산공장,C,75,5,93.33,22.901333333333334,46.83733333333333,2.8550666666666666
2023-02-04,GWJ,광주공장,A,296,9,96.96,23.061824324324323,45.38445945945946,2.80722972972973
2023-02-04,GWJ,광주공장,B,283,10,96.47,22.732155477031803,44.3530035335689,2.8040989399293283
2023-02-04,GWJ,광주공장,C,39,4,89.74,22.110256410256408,45.174358974358974,2.873076923076923
2023-02-04,HWS,화성공장,A,301,19,93.69,23.108970099667776,44.825581395348834,2.789767441860465
2023-02-04,HWS,화성공장,B,268,9,96.64,22.780597014925373,45.42089552238806,2.807686567164179
2023-02-04,HWS,화성공장,C,30,0,100.0,23.80666666666667,43.68333333333333,2.6933333333333334
2023-02-04,ULN,울산공장,A,809,29,96.42,23.003213844252162,44.86427688504326,2.7835105067985166
2023-02-04,ULN,울산공장,B,820,26,96.83,23.111829268292684,45.24243902439025,2.8026951219512197
2023-02-04,ULN,울산공장,C,102,5,95.1,23.130392156862747,46.5,2.762941176470588
2023-02-05,ASN,아산공장,A,442,22,95.02,22.76266968325792,44.34796380090498,2.8044570135746607
2023-02-05,ASN,아산공장,B,443,11,97.52,22.858916478555305,44.88758465011287,2.817607223476298
2023-02-05,ASN,아산공장,C,61,5,91.8,22.06393442622951,43.470491803278684,2.8226229508196723
2023-02-05,GWJ,광주공장,A,277,17,93.86,23.21768953068592,45.12382671480144,2.8016967509025275
2023-02-05,GWJ,광주공장,B,276,17,93.84,22.965217391304346,44.939492753623185,2.777789855072464
2023-02-05,GWJ,광주공장,C,52,2,96.15,22.59423076923077,44.63461538461539,2.7905769230769235
2023-02-05,HWS,화성공장,A,289,17,94.12,23.072318339100345,44.621453287197234,2.810207612456747
2023-02-05,HWS,화성공장,B,289,11,96.19,22.662629757785467,45.068858131487886,2.79719723183391
2023-02-05,HWS,화성공장,C,34,4,88.24,23.74411764705882,46.379411764705885,2.7773529411764706
2023-02-05,ULN,울산공장,A,857,26,96.97,22.927071178529754,45.090198366394404,2.797992998833139
2023-02-05,ULN,울산공장,B,848,33,96.11,23.13443396226415,45.17205188679245,2.8012028301886795
2023-02-05,ULN,울산공장,C,106,5,95.28,23.114150943396226,44.19716981132075,2.806132075471698
2023-02-06,ASN,아산공장,A,430,14,96.74,23.159302325581397,44.62418604651163,2.8076976744186046
2023-02-06,ASN,아산공장,B,472,17,96.4,23.133262711864408,45.24936440677966,2.794110169491525
2023-02-06,ASN,아산공장,C,62,4,93.55,22.937096774193545,45.44193548387097,2.82241935483871
2023-02-06,GWJ,광주공장,A,318,17,94.65,23.225157232704404,44.026729559748425,2.7966352201257862
2023-02-06,GWJ,광주공장,B,283,15,94.7,23.13886925795053,43.537455830388694,2.7928975265017666
2023-02-06,GWJ,광주공장,C,33,4,87.88,24.551515151515154,45.46363636363636,2.7809090909090908
2023-02-06,HWS,화성공장,A,293,13,95.56,23.080887372013652,45.246075085324236,2.7986006825938565
2023-02-06,HWS,화성공장,B,279,10,96.42,22.982437275985664,44.4989247311828,2.81494623655914
2023-02-06,HWS,화성공장,C,38,2,94.74,23.686842105263157,44.86578947368421,2.7536842105263157
2023-02-06,ULN,울산공장,A,831,36,95.67,23.00818291215403,45.12635379061372,2.819025270758123
2023-02-06,ULN,울산공장,B,825,40,95.15,22.954666666666665,45.11575757575758,2.795321212121212
2023-02-06,ULN,울산공장,C,104,5,95.19,22.915384615384614,45.62307692307692,2.831442307692308
2023-02-07,ASN,아산공장,A,468,18,96.15,22.852991452991454,45.39209401709402,2.8104273504273505
2023-02-07,ASN,아산공장,B,478,23,95.19,23.21171548117155,45.23974895397489,2.7926778242677828
2023-02-07,ASN,아산공장,C,51,4,92.16,22.398039215686275,44.8686274509804,2.774705882352941
2023-02-07,GWJ,광주공장,A,278,21,92.45,22.830575539568343,45.36330935251799,2.7557194244604317
2023-02-07,GWJ,광주공장,B,286,3,98.95,23.065384615384616,45.029370629370625,2.784895104895105
2023-02-07,GWJ,광주공장,C,38,5,86.84,23.352631578947367,43.87105263157895,2.754736842105263
2023-02-07,HWS,화성공장,A,294,11,96.26,22.79591836734694,45.22482993197279,2.827857142857143
2023-02-07,HWS,화성공장,B,299,4,98.66,23.34314381270903,44.9685618729097,2.800468227424749
2023-02-07,HWS,화성공장,C,34,1,97.06,23.941176470588236,43.05882352941177,2.7694117647058825
2023-02-07,ULN,울산공장,A,816,35,95.71,22.936397058823527,45.20355392156863,2.7879779411764702
2023-02-07,ULN,울산공장,B,825,33,96.0,22.864242424242423,44.91551515151515,2.808121212121212
2023-02-07,ULN,울산공장,C,105,6,94.29,23.14857142857143,45.189523809523806,2.7907619047619043
2023-02-08,ASN,아산공장,A,495,25,94.95,22.691717171717173,44.30343434343435,2.785616161616162
2023-02-08,ASN,아산공장,B,475,28,94.11,23.121684210526315,44.86,2.810357894736842
2023-02-08,ASN,아산공장,C,70,3,95.71,23.18857142857143,45.128571428571426,2.829142857142857
2023-02-08,GWJ,광주공장,A,272,14,94.85,23.148529411764706,44.64705882352941,2.8206617647058825
2023-02-08,GWJ,광주공장,B,250,13,94.8,23.072,44.8416,2.79864
2023-02-08,GWJ,광주공장,C,40,3,92.5,23.3375,45.3275,2.814
2023-02-08,HWS,화성공장,A,287,9,96.86,22.975609756097562,45.499303135888496,2.786341463414634
2023-02-08,HWS,화성공장,B,272,3,98.9,22.74448529411765,45.931985294117645,2.8009926470588233
2023-02-08,HWS,화성공장,C,48,1,97.92,22.691666666666666,45.39166666666667,2.7579166666666666
2023-02-08,ULN,울산공장,A,859,48,94.41,23.081373690337603,45.35401629802095,2.821490104772992
2023-02-08,ULN,울산공장,B,789,28,96.45,22.918631178707223,45.27807351077313,2.796235741444867
2023-02-08,ULN,울산공장,C,115,5,95.65,23.17217391304348,44.820869565217386,2.817304347826087
2023-02-09,ASN,아산공장,A,479,19,96.03,23.154906054279753,45.374321503131526,2.8050730688935284
2023-02-09,ASN,아산공장,B,477,10,97.9,22.840880503144653,45.1,2.7858490566037735
2023-02-09,ASN,아산공장,C,51,2,96.08,23.427450980392155,44.73137254901961,2.7250980392156863
2023-02-09,GWJ,광주공장,A,281,14,95.02,23.33238434163701,44.328469750889674,2.780711743772242
2023-02-09,GWJ,광주공장,B,304,13,95.72,23.048355263157895,45.39013157894737,2.8132565789473687
2023-02-09,GWJ,광주공장,C,29,0,100.0,21.768965517241377,47.97586206896552,2.856896551724138
2023-02-09,HWS,화성공장,A,272,15,94.49,22.689705882352943,44.84742647058823,2.831213235294118
2023-02-09,HWS,화성공장,B,255,10,96.08,22.89921568627451,44.716470588235296,2.8013333333333335
2023-02-09,HWS,화성공장,C,35,0,100.0,23.017142857142858,42.394285714285715,2.8457142857142856
2023-02-09,ULN,울산공장,A,843,36,95.73,23.011743772241996,45.33748517200475,2.7938671411625147
2023-02-09,ULN,울산공장,B,845,30,96.45,22.8291124260355,44.865443786982254,2.7977041420118343
2023-02-09,ULN,울산공장,C,105,4,96.19,22.98857142857143,44.254285714285714,2.8241904761904766
2023-02-10,ASN,아산공장,A,463,21,95.46,22.904103671706263,44.69049676025918,2.7724622030237582
2023-02-10,ASN,아산공장,B,493,27,94.52,22.910953346855983,44.89290060851927,2.8067748478701824
2023-02-10,ASN,아산공장,C,50,3,94.0,22.774,45.998000000000005,2.8312
2023-02-10,GWJ,광주공장,A,289,13,95.5,22.992387543252597,44.52768166089965,2.7986505190311415
2023-02-10,GWJ,광주공장,B,271,12,95.57,22.93431734317343,45.4,2.7984132841328413
2023-02-10,GWJ,광주공장,C,37,1,97.3,22.681081081081082,46.24324324324324,2.7445945945945946
2023-02-10,HWS,화성공장,A,288,9,96.88,22.95034722222222,44.91319444444444,2.8063194444444446
2023-02-10,HWS,화성공장,B,299,12,95.99,23.09531772575251,45.45351170568562,2.7758528428093645
2023-02-10,HWS,화성공장,C,33,0,100.0,22.972727272727273,47.35757575757576,2.747272727272727
2023-02-10,ULN,울산공장,A,853,29,96.6,23.080539273153576,44.86002344665885,2.823856975381008
2023-02-10,ULN,울산공장,B,882,30,96.6,22.954195011337866,45.193764172335605,2.798310657596372
2023-02-10,ULN,울산공장,C,120,6,95.0,23.27583333333333,45.501666666666665,2.8044166666666666
2023-02-11,ASN,아산공장,A,476,19,96.01,22.877731092436974,44.90504201680672,2.7918487394957983
2023-02-11,ASN,아산공장,B,479,19,96.03,22.86555323590814,44.74926931106472,2.8035490605427977
2023-02-11,ASN,아산공장,C,71,4,94.37,22.98169014084507,45.58028169014084,2.7891549295774647
2023-02-11,GWJ,광주공장,A,284,13,95.42,23.043661971830986,44.82007042253521,2.8291901408450704
2023-02-11,GWJ,광주공장,B,270,12,95.56,22.875555555555554,45.11962962962963,2.7901111111111114
2023-02-11,GWJ,광주공장,C,44,4,90.91,23.395454545454548,45.02045454545454,2.8013636363636363
2023-02-11,HWS,화성공장,A,258,13,94.96,22.866666666666667,45.41937984496124,2.829922480620155
2023-02-11,HWS,화성공장,B,275,8,97.09,22.778181818181817,45.89527272727273,2.8306181818181817
2023-02-11,HWS,화성공장,C,38,3,92.11,22.526315789473685,44.38157894736842,2.715263157894737
2023-02-11,ULN,울산공장,A,778,30,96.14,22.909383033419022,45.00167095115682,2.787133676092545
2023-02-11,ULN,울산공장,B,814,25,96.93,23.082800982800986,44.74336609336609,2.8036363636363633
2023-02-11,ULN,울산공장,C,107,7,93.46,23.00373831775701,45.33644859813084,2.82392523364486
2023-02-12,ASN,아산공장,A,447,20,95.53,23.051677852348995,45.10782997762864,2.797293064876958
2023-02-12,ASN,아산공장,B,482,21,95.64,22.880497925311204,45.37510373443983,2.78896265560166
2023-02-12,ASN,아산공장,C,57,6,89.47,22.677192982456138,44.6859649122807,2.8542105263157893
2023-02-12,GWJ,광주공장,A,270,5,98.15,23.25777777777778,45.117777777777775,2.8091851851851852
2023-02-12,GWJ,광주공장,B,233,10,95.71,23.050214592274678,45.396995708154506,2.8314592274678114
2023-02-12,GWJ,광주공장,C,41,3,92.68,23.585365853658537,48.173170731707316,2.8090243902439025
2023-02-12,HWS,화성공장,A,249,13,94.78,23.16024096385542,45.11485943775101,2.7710441767068272
2023-02-12,HWS,화성공장,B,228,10,95.61,23.05701754385965,45.28771929824561,2.826140350877193
2023-02-12,HWS,화성공장,C,28,2,92.86,21.86785714285714,44.982142857142854,2.6700000000000004
2023-02-12,ULN,울산공장,A,798,38,95.24,22.919172932330827,45.36879699248121,2.7960150375939845
2023-02-12,ULN,울산공장,B,834,42,94.96,23.20791366906475,44.88776978417266,2.7968824940047963
2023-02-12,ULN,울산공장,C,94,5,94.68,22.964893617021275,46.06489361702128,2.750106382978723
2023-02-13,ASN,아산공장,A,491,12,97.56,22.966191446028514,44.71262729124236,2.799266802443992
2023-02-13,ASN,아산공장,B,492,20,95.93,22.876422764227645,44.92886178861789,2.775020325203252
2023-02-13,ASN,아산공장,C,55,3,94.55,23.14,44.154545454545456,2.8
2023-02-13,GWJ,광주공장,A,284,14,95.07,23.04225352112676,44.78591549295775,2.7978169014084506
2023-02-13,GWJ,광주공장,B,273,12,95.6,23.216117216117215,45.01721611721612,2.8209157509157508
2023-02-13,GWJ,광주공장,C,38,3,92.11,23.336842105263155,47.91842105263158,2.830263157894737
2023-02-13,HWS,화성공장,A,253,10,96.05,23.083794466403162,45.05691699604743,2.820316205533597
2023-02-13,HWS,화성공장,B,277,12,95.67,23.05018050541516,44.52057761732852,2.800794223826715
2023-02-13,HWS,화성공장,C,35,1,97.14,23.72285714285714,44.32285714285714,2.859714285714286
2023-02-13,ULN,울산공장,A,829,43,94.81,23.102895054282268,44.83172496984319,2.7933172496984318
2023-02-13,ULN,울산공장,B,836,19,97.73,23.007296650717702,44.92464114832536,2.822248803827751
2023-02-13,ULN,울산공장,C,121,7,94.21,23.14876033057851,43.607438016528924,2.79396694214876
2023-02-14,ASN,아산공장,A,464,14,96.98,23.100862068965515,45.032974137931035,2.7908189655172415
2023-02-14,ASN,아산공장,B,439,20,95.44,23.043280182232348,45.40660592255125,2.810478359908884
2023-02-14,ASN,아산공장,C,55,6,89.09,23.170909090909092,44.85090909090909,2.8214545454545457
2023-02-14,GWJ,광주공장,A,302,8,97.35,22.898013245033113,45.33807947019868,2.798211920529801
2023-02-14,GWJ,광주공장,B,280,9,96.79,22.722142857142856,45.50964285714286,2.797535714285714
2023-02-14,GWJ,광주공장,C,41,1,97.56,22.48048780487805,43.71951219512195,2.8334146341463415
2023-02-14,HWS,화성공장,A,288,8,97.22,23.122916666666665,44.64375,2.8306597222222223
2023-02-14,HWS,화성공장,B,294,6,97.96,22.751020408163267,45.499659863945574,2.7841156462585035
2023-02-14,HWS,화성공장,C,30,2,93.33,22.60666666666667,42.89,2.7583333333333333
2023-02-14,ULN,울산공장,A,862,39,95.48,22.993735498839907,45.53839907192575,2.795812064965197
2023-02-14,ULN,울산공장,B,847,41,95.16,23.070247933884296,44.8482880755608,2.7960330578512393
2023-02-14,ULN,울산공장,C,97,6,93.81,22.949484536082473,44.38969072164949,2.8030927835051545
2023-02-15,ASN,아산공장,A,471,17,96.39,23.073248407643312,45.109554140127386,2.8339490445859874
2023-02-15,ASN,아산공장,B,483,21,95.65,22.93561076604555,45.75175983436853,2.7808281573498967
2023-02-15,ASN,아산공장,C,65,6,90.77,23.05076923076923,45.04615384615385,2.8384615384615386
2023-02-15,GWJ,광주공장,A,262,7,97.33,23.090839694656488,44.897709923664124,2.8048091603053438
2023-02-15,GWJ,광주공장,B,294,13,95.58,23.124829931972787,45.54557823129252,2.7923809523809524
2023-02-15,GWJ,광주공장,C,29,2,93.1,22.582758620689653,45.9896551724138,2.766896551724138
2023-02-15,HWS,화성공장,A,278,8,97.12,23.129856115107916,44.2589928057554,2.810071942446043
2023-02-15,HWS,화성공장,B,294,11,96.26,23.28877551020408,45.333333333333336,2.7785374149659865
2023-02-15,HWS,화성공장,C,27,2,92.59,22.333333333333332,42.43333333333334,2.797037037037037
2023-02-15,ULN,울산공장,A,807,33,95.91,23.087112763320942,45.416480793060714,2.8007558859975217
2023-02-15,ULN,울산공장,B,819,33,95.97,22.905616605616608,44.87387057387057,2.8214652014652017
2023-02-15,ULN,울산공장,C,116,8,93.1,23.350862068965515,45.36120689655172,2.7954310344827586
2023-02-16,ASN,아산공장,A,457,23,94.97,23.172866520787746,44.933260393873084,2.7974398249452954
2023-02-16,ASN,아산공장,B,469,16,96.59,23.12771855010661,45.124733475479744,2.8197867803837955
2023-02-16,ASN,아산공장,C,63,1,98.41,23.150793650793652,44.65873015873016,2.813015873015873
2023-02-16,GWJ,광주공장,A,284,12,95.77,22.75281690140845,44.657746478873236,2.803345070422535
2023-02-16,GWJ,광주공장,B,262,16,93.89,22.658396946564885,44.686641221374046,2.8099236641221377
2023-02-16,GWJ,광주공장,C,32,1,96.88,22.74375,46.634375,2.8625
2023-02-16,HWS,화성공장,A,299,15,94.98,22.981939799331105,45.0438127090301,2.806354515050167
2023-02-16,HWS,화성공장,B,266,9,96.62,22.743233082706766,45.087218045112785,2.7861654135338347
2023-02-16,HWS,화성공장,C,49,2,95.92,23.471428571428568,46.30612244897959,2.8299999999999996
2023-02-16,ULN,울산공장,A,842,41,95.13,23.248693586698337,45.01342042755345,2.7886223277909736
2023-02-16,ULN,울산공장,B,859,28,96.74,22.845401629802097,44.82875436554133,2.8047497089639117
2023-02-16,ULN,울산공장,C,100,2,98.0,22.947,45.125,2.7786
2023-02-17,ASN,아산공장,A,472,16,96.61,22.948093220338983,45.34512711864407,2.7822669491525422
2023-02-17,ASN,아산공장,B,526,16,96.96,23.026235741444864,45.44220532319391,2.81287072243346
2023-02-17,ASN,아산공장,C,73,1,98.63,23.312328767123287,46.06438356164384,2.83972602739726
2023-02-17,GWJ,광주공장,A,280,7,97.5,23.03642857142857,44.57642857142857,2.8189642857142854
2023-02-17,GWJ,광주공장,B,311,16,94.86,23.044372990353697,45.3379421221865,2.8265916398713826
2023-02-17,GWJ,광주공장,C,32,4,87.5,22.61875,45.684375,2.8203125
2023-02-17,HWS,화성공장,A,277,10,96.39,22.964259927797837,44.150180505415165,2.8088086642599275
2023-02-17,HWS,화성공장,B,262,10,96.18,22.86374045801527,44.81870229007634,2.7730534351145035
2023-02-17,HWS,화성공장,C,44,3,93.18,23.720454545454547,45.654545454545456,2.8093181818181816
2023-02-17,ULN,울산공장,A,848,32,96.23,23.05483490566038,45.28525943396227,2.798620283018868
2023-02-17,ULN,울산공장,B,828,34,95.89,22.96256038647343,44.785990338164254,2.7900966183574876
2023-02-17,ULN,울산공장,C,92,8,91.3,22.86195652173913,44.49891304347826,2.783152173913044
2023-02-18,ASN,아산공장,A,503,22,95.63,23.19005964214712,45.26063618290258,2.784075546719682
2023-02-18,ASN,아산공장,B,476,12,97.48,23.327310924369748,44.892436974789916,2.8187605042016806
2023-02-18,ASN,아산공장,C,57,7,87.72,23.189473684210526,44.81578947368421,2.7857894736842104
2023-02-18,GWJ,광주공장,A,271,9,96.68,23.36309963099631,44.24132841328413,2.8002583025830257
2023-02-18,GWJ,광주공장,B,279,8,97.13,23.065232974910394,45.25555555555555,2.8127598566308243
2023-02-18,GWJ,광주공장,C,20,0,100.0,23.515,44.165,2.963
2023-02-18,HWS,화성공장,A,274,11,95.99,22.65912408759124,44.88978102189781,2.7735036496350367
2023-02-18,HWS,화성공장,B,266,17,93.61,22.97105263157895,45.47819548872181,2.8023684210526314
2023-02-18,HWS,화성공장,C,31,1,96.77,22.593548387096774,45.119354838709675,2.769354838709677
2023-02-18,ULN,울산공장,A,820,37,95.49,23.05829268292683,45.28231707317073,2.798329268292683
2023-02-18,ULN,울산공장,B,825,26,96.85,23.055030303030303,45.24060606060606,2.7933696969696973
2023-02-18,ULN,울산공장,C,112,4,96.43,23.186607142857145,43.55625,2.786607142857143
2023-02-19,ASN,아산공장,A,457,11,97.59,23.05601750547046,44.686870897155366,2.787308533916849
2023-02-19,ASN,아산공장,B,450,17,96.22,22.842444444444446,45.25288888888889,2.783177777777778
2023-02-19,ASN,아산공장,C,60,3,95.0,22.80666666666667,45.986666666666665,2.803166666666667
2023-02-19,GWJ,광주공장,A,271,11,95.94,22.915867158671585,45.032472324723244,2.8258302583025827
2023-02-19,GWJ,광주공장,B,313,17,94.57,23.096166134185303,45.29392971246006,2.7729073482428115
2023-02-19,GWJ,광주공장,C,24,3,87.5,22.995833333333334,45.725,2.887916666666667
2023-02-19,HWS,화성공장,A,260,11,95.77,22.943846153846152,44.75423076923077,2.786576923076923
2023-02-19,HWS,화성공장,B,322,14,95.65,23.339130434782607,44.6055900621118,2.786645962732919
2023-02-19,HWS,화성공장,C,42,2,95.24,22.676190476190477,45.81428571428572,2.7954761904761902
2023-02-19,ULN,울산공장,A,800,30,96.25,22.978875,44.378375,2.7964125
2023-02-19,ULN,울산공장,B,885,27,96.95,22.868135593220337,44.65717514124294,2.790553672316384
2023-02-19,ULN,울산공장,C,99,5,94.95,23.01818181818182,45.3050505050505,2.776060606060606
2023-02-20,ASN,아산공장,A,456,17,96.27,23.147807017543858,44.45065789473684,2.788793859649123
2023-02-20,ASN,아산공장,B,472,10,97.88,22.90550847457627,45.05805084745763,2.7977966101694913
2023-02-20,ASN,아산공장,C,51,2,96.08,22.562745098039215,45.258823529411764,2.7980392156862743
2023-02-20,GWJ,광주공장,A,286,13,95.45,23.167482517482515,45.19825174825175,2.785944055944056
2023-02-20,GWJ,광주공장,B,301,11,96.35,23.074086378737544,44.54119601328904,2.8034219269102993
2023-02-20,GWJ,광주공장,C,37,3,91.89,23.502702702702702,44.2027027027027,2.8643243243243246
2023-02-20,HWS,화성공장,A,272,14,94.85,22.77279411764706,44.88308823529412,2.8578676470588236
2023-02-20,HWS,화성공장,B,305,10,96.72,23.20885245901639,45.078360655737704,2.7904918032786887
2023-02-20,HWS,화성공장,C,37,2,94.59,23.467567567567567,46.435135135135134,2.858108108108108
2023-02-20,ULN,울산공장,A,844,39,95.38,22.98744075829384,44.95142180094787,2.78803317535545
2023-02-20,ULN,울산공장,B,869,29,96.66,23.031530494821634,45.386191024165704,2.787733026467204
2023-02-20,ULN,울산공장,C,113,9,92.04,22.962831858407082,44.412389380530975,2.8385840707964602
2023-02-21,ASN,아산공장,A,446,20,95.52,23.296412556053813,44.98632286995516,2.806457399103139
2023-02-21,ASN,아산공장,B,527,25,95.26,23.040227703984822,44.74952561669829,2.8121252371916508
2023-02-21,ASN,아산공장,C,70,3,95.71,22.591428571428573,45.0,2.8231428571428574
2023-02-21,GWJ,광주공장,A,266,7,97.37,23.126315789473686,43.733834586466166,2.7985714285714285
2023-02-21,GWJ,광주공장,B,262,11,95.8,22.78053435114504,44.36450381679389,2.8076335877862597
2023-02-21,GWJ,광주공장,C,26,2,92.31,23.376923076923074,44.44615384615384,2.834230769230769
2023-02-21,HWS,화성공장,A,300,9,97.0,23.07133333333333,43.973333333333336,2.7952
2023-02-21,HWS,화성공장,B,262,9,96.56,22.9587786259542,44.96793893129771,2.799274809160305
2023-02-21,HWS,화성공장,C,32,3,90.62,22.69375,45.903125,2.8584375
2023-02-21,ULN,울산공장,A,890,36,95.96,22.91247191011236,45.00898876404494,2.786191011235955
2023-02-21,ULN,울산공장,B,813,28,96.56,22.895940959409597,44.63271832718328,2.814723247232472
2023-02-21,ULN,울산공장,C,110,8,92.73,23.276363636363637,43.83181818181818,2.812181818181818
2023-02-22,ASN,아산공장,A,469,22,95.31,23.076759061833688,44.90063965884862,2.8141791044776117
2023-02-22,ASN,아산공장,B,440,9,97.95,22.91159090909091,44.66454545454546,2.78525
2023-02-22,ASN,아산공장,C,58,7,87.93,23.610344827586207,44.41034482758621,2.781551724137931
2023-02-22,GWJ,광주공장,A,261,19,92.72,22.8816091954023,45.46628352490422,2.851264367816092
2023-02-22,GWJ,광주공장,B,297,14,95.29,22.824579124579124,44.67138047138047,2.814377104377104
2023-02-22,GWJ,광주공장,C,34,3,91.18,23.279411764705884,47.09411764705882,2.7120588235294116
2023-02-22,HWS,화성공장,A,270,10,96.3,23.176296296296297,45.76185185185185,2.7960740740740744
2023-02-22,HWS,화성공장,B,272,15,94.49,22.54669117647059,44.807352941176475,2.7876838235294117
2023-02-22,HWS,화성공장,C,40,2,95.0,22.9575,42.9375,2.73625
2023-02-22,ULN,울산공장,A,821,25,96.95,22.953714981729597,45.46187576126675,2.800450669914738
2023-02-22,ULN,울산공장,B,828,39,95.29,23.118840579710145,44.55446859903382,2.8110507246376812
2023-02-22,ULN,울산공장,C,111,2,98.2,23.27027027027027,45.8927927927928,2.8066666666666666
2023-02-23,ASN,아산공장,A,450,12,97.33,23.195777777777778,44.736444444444444,2.7975333333333334
2023-02-23,ASN,아산공장,B,407,18,95.58,22.91793611793612,44.768550368550365,2.7602702702702704
2023-02-23,ASN,아산공장,C,53,6,88.68,22.058490566037733,44.486792452830194,2.7849056603773583
2023-02-23,GWJ,광주공장,A,295,9,96.95,23.18779661016949,44.930169491525426,2.8167118644067797
2023-02-23,GWJ,광주공장,B,275,17,93.82,23.37018181818182,44.748000000000005,2.8293818181818184
2023-02-23,GWJ,광주공장,C,31,3,90.32,22.419354838709676,46.093548387096774,2.6609677419354836
2023-02-23,HWS,화성공장,A,291,9,96.91,23.045704467353954,44.72749140893471,2.77659793814433
2023-02-23,HWS,화성공장,B,261,8,96.93,22.865900383141764,44.60038314176246,2.7850191570881226
2023-02-23,HWS,화성공장,C,36,1,97.22,22.99722222222222,43.03055555555555,2.835277777777778
2023-02-23,ULN,울산공장,A,859,26,96.97,22.926775320139697,45.128870779976715,2.7946449359720607
2023-02-23,ULN,울산공장,B,857,35,95.92,22.865460910151693,44.98704784130689,2.81585764294049
2023-02-23,ULN,울산공장,C,89,6,93.26,23.119101123595506,44.858426966292136,2.789662921348315
2023-02-24,ASN,아산공장,A,449,22,95.1,23.094209354120267,45.15211581291759,2.810846325167038
2023-02-24,ASN,아산공장,B,477,17,96.44,22.93270440251572,44.73438155136268,2.8087421383647797
2023-02-24,ASN,아산공장,C,61,5,91.8,22.84918032786885,43.69672131147541,2.813606557377049
2023-02-24,GWJ,광주공장,A,277,9,96.75,23.04620938628159,44.92563176895307,2.8042960288808665
2023-02-24,GWJ,광주공장,B,288,8,97.22,23.20798611111111,44.30902777777778,2.8235069444444445
2023-02-24,GWJ,광주공장,C,38,1,97.37,23.189473684210526,47.16052631578947,2.788684210526316
2023-02-24,HWS,화성공장,A,282,12,95.74,22.931560283687944,44.59574468085106,2.774113475177305
2023-02-24,HWS,화성공장,B,272,8,97.06,23.084926470588236,45.029411764705884,2.7966176470588233
2023-02-24,HWS,화성공장,C,37,2,94.59,22.51081081081081,44.55945945945946,2.844864864864865
2023-02-24,ULN,울산공장,A,872,30,96.56,22.83704128440367,44.93337155963303,2.824483944954128
2023-02-24,ULN,울산공장,B,856,31,96.38,23.036915887850466,45.35595794392523,2.808142523364486
2023-02-24,ULN,울산공장,C,114,12,89.47,23.007894736842108,44.645614035087725,2.7550877192982455
2023-02-25,ASN,아산공장,A,454,18,96.04,23.040969162995594,44.90947136563877,2.7970704845814978
2023-02-25,ASN,아산공장,B,505,20,96.04,22.992475247524755,44.469900990099006,2.8063960396039604
2023-02-25,ASN,아산공장,C,60,3,95.0,23.076666666666664,45.025,2.815166666666667
2023-02-25,GWJ,광주공장,A,287,14,95.12,23.286411149825785,45.1404181184669,2.808397212543554
2023-02-25,GWJ,광주공장,B,256,6,97.66,22.756640625,44.670703125,2.7834765625
2023-02-25,GWJ,광주공장,C,38,3,92.11,22.400000000000002,46.01052631578948,2.8044736842105262
2023-02-25,HWS,화성공장,A,267,13,95.13,22.901498127340822,44.73033707865169,2.775056179775281
2023-02-25,HWS,화성공장,B,289,9,96.89,22.966089965397924,45.6439446366782,2.7958131487889273
2023-02-25,HWS,화성공장,C,43,0,100.0,23.36046511627907,44.55813953488372,2.854186046511628
2023-02-25,ULN,울산공장,A,769,28,96.36,23.19193758127438,45.06033810143043,2.813576072821846
2023-02-25,ULN,울산공장,B,848,50,94.1,23.024056603773587,44.651415094339626,2.7978537735849054
2023-02-25,ULN,울산공장,C,97,1,98.97,22.91340206185567,45.6381443298969,2.8205154639175256
2023-02-26,ASN,아산공장,A,457,18,96.06,23.24332603938731,45.2507658643326,2.7980525164113788
2023-02-26,ASN,아산공장,B,485,13,97.32,22.88680412371134,44.75092783505155,2.786515463917526
2023-02-26,ASN,아산공장,C,57,2,96.49,23.48421052631579,44.36666666666667,2.8794736842105264
2023-02-26,GWJ,광주공장,A,276,7,97.46,23.15,44.67028985507246,2.7958695652173913
2023-02-26,GWJ,광주공장,B,274,14,94.89,23.157664233576643,45.14124087591241,2.8276277372262775
2023-02-26,GWJ,광주공장,C,28,1,96.43,23.625,44.707142857142856,2.8164285714285713
2023-02-26,HWS,화성공장,A,298,11,96.31,23.09328859060403,44.70939597315436,2.787315436241611
2023-02-26,HWS,화성공장,B,284,10,96.48,22.830985915492956,45.092253521126764,2.8240140845070423
2023-02-26,HWS,화성공장,C,34,1,97.06,23.3,46.36470588235294,2.7858823529411763
2023-02-26,ULN,울산공장,A,800,31,96.12,23.043375,45.134499999999996,2.79215
2023-02-26,ULN,울산공장,B,808,34,95.79,22.97673267326733,45.02376237623762,2.8229826732673264
2023-02-26,ULN,울산공장,C,74,4,94.59,23.42837837837838,43.59054054054054,2.8620270270270267
2023-02-27,ASN,아산공장,A,458,16,96.51,23.188864628820962,44.314847161572054,2.8096288209606985
2023-02-27,ASN,아산공장,B,465,16,96.56,23.14279569892473,44.94086021505376,2.802344086021505
2023-02-27,ASN,아산공장,C,66,6,90.91,23.3969696969697,43.95909090909091,2.787121212121212
2023-02-27,GWJ,광주공장,A,284,9,96.83,22.994366197183098,45.009507042253524,2.790281690140845
2023-02-27,GWJ,광주공장,B,284,10,96.48,22.840140845070422,45.743309859154934,2.7642957746478873
2023-02-27,GWJ,광주공장,C,31,1,96.77,22.816129032258065,43.91290322580645,2.8451612903225807
2023-02-27,HWS,화성공장,A,277,14,94.95,23.15884476534296,45.239711191335736,2.8201083032490972
2023-02-27,HWS,화성공장,B,287,14,95.12,23.064111498257837,45.901393728223,2.7670034843205573
2023-02-27,HWS,화성공장,C,42,1,97.62,22.747619047619047,44.78095238095238,2.8788095238095237
2023-02-27,ULN,울산공장,A,849,27,96.82,22.940164899882216,44.80341578327444,2.8005418138987044
2023-02-27,ULN,울산공장,B,850,36,95.76,22.87752941176471,45.02305882352941,2.802658823529412
2023-02-27,ULN,울산공장,C,124,8,93.55,22.725,45.311290322580646,2.8726612903225806
2023-02-28,ASN,아산공장,A,508,28,94.49,23.010826771653544,45.806102362204726,2.7883858267716537
2023-02-28,ASN,아산공장,B,477,11,97.69,23.143815513626834,44.67211740041928,2.7929559748427675
2023-02-28,ASN,아산공장,C,55,5,90.91,22.88909090909091,45.25454545454546,2.774
2023-02-28,GWJ,광주공장,A,285,10,96.49,23.052982456140352,44.83894736842105,2.816315789473684
2023-02-28,GWJ,광주공장,B,293,15,94.88,22.922866894197952,45.47303754266212,2.837098976109215
2023-02-28,GWJ,광주공장,C,31,0,100.0,22.383870967741935,46.60322580645161,2.849354838709677
2023-02-28,HWS,화성공장,A,297,12,95.96,22.817171717171718,44.65117845117845,2.7606397306397303
2023-02-28,HWS,화성공장,B,286,5,98.25,22.83146853146853,45.464335664335664,2.798146853146853
2023-02-28,HWS,화성공장,C,42,2,95.24,22.65,44.4,2.867857142857143
2023-02-28,ULN,울산공장,A,856,30,96.5,23.15432242990654,44.82838785046729,2.7931308411214952
2023-02-28,ULN,울산공장,B,866,32,96.3,23.14607390300231,44.619861431870675,2.798879907621247
2023-02-28,ULN,울산공장,C,104,6,94.23,23.14326923076923,46.28653846153846,2.8156730769230767
2023-03-01,ASN,아산공장,A,461,18,96.1,22.872017353579174,45.28199566160521,2.814468546637744
2023-03-01,ASN,아산공장,B,421,16,96.2,22.73420427553444,44.918289786223276,2.824703087885986
2023-03-01,ASN,아산공장,C,52,2,96.15,22.890384615384615,46.63269230769231,2.8617307692307694
2023-03-01,GWJ,광주공장,A,271,11,95.94,22.830996309963098,45.731365313653136,2.8013653136531365
2023-03-01,GWJ,광주공장,B,279,12,95.7,23.15878136200717,45.00179211469534,2.8025448028673834
2023-03-01,GWJ,광주공장,C,39,4,89.74,22.784615384615385,43.62564102564103,2.81974358974359
2023-03-01,HWS,화성공장,A,285,16,94.39,23.050526315789472,45.09614035087719,2.8104912280701755
2023-03-01,HWS,화성공장,B,252,7,97.22,22.76547619047619,45.01587301587302,2.835714285714286
2023-03-01,HWS,화성공장,C,41,1,97.56,22.570731707317073,45.02682926829268,2.7978048780487805
2023-03-01,ULN,울산공장,A,838,38,95.47,23.022076372315034,44.887350835322195,2.7944988066825776
2023-03-01,ULN,울산공장,B,865,26,96.99,22.919653179190753,44.99734104046242,2.801063583815029
2023-03-01,ULN,울산공장,C,109,5,95.41,23.161467889908256,44.6045871559633,2.7844036697247705
2023-03-02,ASN,아산공장,A,491,22,95.52,22.985336048879837,45.16313645621181,2.814582484725051
2023-03-02,ASN,아산공장,B,448,15,96.65,22.900000000000002,44.715178571428574,2.7958705357142857
2023-03-02,ASN,아산공장,C,54,3,94.44,22.788888888888888,44.88148148148148,2.77462962962963
2023-03-02,GWJ,광주공장,A,266,10,96.24,22.830075187969925,44.830827067669176,2.7967293233082704
2023-03-02,GWJ,광주공장,B,295,7,97.63,22.699322033898305,44.35186440677966,2.810406779661017
2023-03-02,GWJ,광주공장,C,38,3,92.11,22.826315789473682,43.11578947368421,2.7507894736842107
2023-03-02,HWS,화성공장,A,283,12,95.76,22.98197879858657,45.066784452296815,2.8062190812720846
2023-03-02,HWS,화성공장,B,286,3,98.95,23.022377622377622,45.01748251748252,2.785034965034965
2023-03-02,HWS,화성공장,C,48,3,93.75,22.235416666666666,46.00625,2.8183333333333334
2023-03-02,ULN,울산공장,A,817,39,95.23,23.055446756425948,45.15042839657283,2.803414932680538
2023-03-02,ULN,울산공장,B,860,33,96.16,23.168953488372093,45.14104651162791,2.798081395348837
2023-03-02,ULN,울산공장,C,103,7,93.2,22.96504854368932,44.84854368932039,2.739514563106796
2023-03-03,ASN,아산공장,A,451,21,95.34,22.94478935698448,44.953658536585365,2.7806208425720618
2023-03-03,ASN,아산공장,B,485,11,97.73,23.163298969072166,45.478350515463916,2.7891752577319586
2023-03-03,ASN,아산공장,C,57,2,96.49,22.42982456140351,44.8421052631579,2.8105263157894735
2023-03-03,GWJ,광주공장,A,257,7,97.28,23.18910505836576,44.85291828793775,2.7684824902723735
2023-03-03,GWJ,광주공장,B,274,15,94.53,23.126277372262773,45.495620437956205,2.795802919708029
2023-03-03,GWJ,광주공장,C,24,1,95.83,22.191666666666666,42.94583333333333,2.7266666666666666
2023-03-03,HWS,화성공장,A,261,16,93.87,22.886590038314175,44.551340996168584,2.8368582375478923
2023-03-03,HWS,화성공장,B,280,9,96.79,22.939285714285713,44.49107142857143,2.811857142857143
2023-03-03,HWS,화성공장,C,33,3,90.91,22.26969696969697,47.41212121212121,2.818787878787879
2023-03-03,ULN,울산공장,A,898,33,96.33,22.95512249443207,44.90033407572383,2.8037527839643652
2023-03-03,ULN,울산공장,B,878,36,95.9,23.08485193621868,44.900683371298406,2.7894646924829156
2023-03-03,ULN,울산공장,C,135,9,93.33,22.55777777777778,45.19703703703704,2.7914814814814815
2023-03-04,ASN,아산공장,A,468,25,94.66,22.969871794871793,44.29764957264957,2.7982264957264955
2023-03-04,ASN,아산공장,B,452,15,96.68,23.023672566371683,44.6603982300885,2.8026991150442475
2023-03-04,ASN,아산공장,C,56,3,94.64,23.1125,43.67321428571428,2.7528571428571427
2023-03-04,GWJ,광주공장,A,256,6,97.66,22.993359375,45.238671875,2.7776953125
2023-03-04,GWJ,광주공장,B,288,8,97.22,23.089930555555554,45.09097222222223,2.8138541666666668
2023-03-04,GWJ,광주공장,C,29,3,89.66,22.193103448275863,48.210344827586205,2.983793103448276
2023-03-04,HWS,화성공장,A,299,13,95.65,22.814715719063546,45.29565217391304,2.784581939799331
2023-03-04,HWS,화성공장,B,266,8,96.99,22.901503759398498,45.23007518796993,2.8016165413533836
2023-03-04,HWS,화성공장,C,39,1,97.44,23.443589743589744,45.764102564102565,2.741025641025641
2023-03-04,ULN,울산공장,A,887,35,96.05,22.878354002254788,44.79154453213078,2.800372040586246
2023-03-04,ULN,울산공장,B,813,38,95.33,22.973431734317344,45.239114391143914,2.8159901599015993
2023-03-04,ULN,울산공장,C,101,3,97.03,23.297029702970296,44.7049504950495,2.8045544554455444
2023-03-05,ASN,아산공장,A,465,15,96.77,22.941505376344086,45.594193548387096,2.8143010752688173
2023-03-05,ASN,아산공장,B,444,17,96.17,23.095945945945946,44.899549549549555,2.81240990990991
2023-03-05,ASN,아산공장,C,62,2,96.77,22.950000000000003,44.41451612903226,2.7493548387096776
2023-03-05,GWJ,광주공장,A,260,9,96.54,23.169999999999998,45.369615384615386,2.8303846153846153
2023-03-05,GWJ,광주공장,B,315,12,96.19,22.946031746031746,44.78920634920635,2.7622539682539684
2023-03-05,GWJ,광주공장,C,49,0,100.0,23.708163265306123,45.67142857142857,2.7991836734693876
2023-03-05,HWS,화성공장,A,273,10,96.34,22.982783882783885,44.48205128205128,2.803186813186813
2023-03-05,HWS,화성공장,B,286,14,95.1,23.154545454545453,45.6527972027972,2.7860839160839164
2023-03-05,HWS,화성공장,C,39,2,94.87,22.33846153846154,45.784615384615385,2.8123076923076926
2023-03-05,ULN,울산공장,A,913,39,95.73,23.129134720700986,44.64720700985762,2.7982037239868567
2023-03-05,ULN,울산공장,B,867,31,96.42,22.880046136101498,45.333333333333336,2.789838523644752
2023-03-05,ULN,울산공장,C,106,8,92.45,23.112264150943396,44.17547169811321,2.838490566037736
2023-03-06,ASN,아산공장,A,494,18,96.36,22.95303643724696,44.9331983805668,2.8117004048582994
2023-03-06,ASN,아산공장,B,457,13,97.16,22.845514223194748,45.81050328227571,2.7856236323851205
2023-03-06,ASN,아산공장,C,45,5,88.89,23.406666666666666,46.062222222222225,2.7664444444444443
2023-03-06,GWJ,광주공장,A,257,17,93.39,23.01556420233463,44.91089494163424,2.821400778210117
2023-03-06,GWJ,광주공장,B,285,7,97.54,23.11754385964912,45.116140350877195,2.788280701754386
2023-03-06,GWJ,광주공장,C,36,3,91.67,22.11111111111111,45.82222222222222,2.751666666666667
2023-03-06,HWS,화성공장,A,271,11,95.94,22.866420664206643,44.368265682656826,2.8064575645756458
2023-03-06,HWS,화성공장,B,309,14,95.47,22.974757281553398,44.97313915857605,2.7981229773462784
2023-03-06,HWS,화성공장,C,36,2,94.44,23.561111111111114,46.291666666666664,2.788333333333333
2023-03-06,ULN,울산공장,A,816,31,96.2,22.960416666666667,45.24264705882353,2.813161764705882
2023-03-06,ULN,울산공장,B,858,33,96.15,23.005011655011653,45.338927738927744,2.789708624708625
2023-03-06,ULN,울산공장,C,106,3,97.17,23.12735849056604,45.9377358490566,2.836698113207547
2023-03-07,ASN,아산공장,A,441,19,95.69,23.31156462585034,44.57551020408163,2.7823129251700682
2023-03-07,ASN,아산공장,B,495,13,97.37,22.875353535353533,44.67151515151515,2.7821616161616163
2023-03-07,ASN,아산공장,C,47,4,91.49,22.357446808510637,45.1468085106383,2.7402127659574465
2023-03-07,GWJ,광주공장,A,263,12,95.44,23.202281368821293,44.653992395437264,2.796197718631179
2023-03-07,GWJ,광주공장,B,277,11,96.03,23.14945848375451,44.81949458483754,2.810216606498195
2023-03-07,GWJ,광주공장,C,32,3,90.62,22.94375,48.74375,2.8034375
2023-03-07,HWS,화성공장,A,266,9,96.62,22.887218045112782,45.11804511278196,2.814473684210526
2023-03-07,HWS,화성공장,B,285,13,95.44,22.9119298245614,45.034385964912275,2.8300701754385966
2023-03-07,HWS,화성공장,C,35,4,88.57,22.54,45.42857142857143,2.810857142857143
2023-03-07,ULN,울산공장,A,862,38,95.59,22.987470997679814,45.346983758700695,2.799907192575406
2023-03-07,ULN,울산공장,B,844,35,95.85,23.154976303317536,45.34609004739336,2.776611374407583
2023-03-07,ULN,울산공장,C,103,10,90.29,23.666990291262135,44.765048543689325,2.838640776699029
2023-03-08,ASN,아산공장,A,498,20,95.98,23.010642570281124,44.96124497991968,2.7867871485943776
2023-03-08,ASN,아산공장,B,448,15,96.65,23.061160714285712,45.034375000000004,2.7852901785714286
2023-03-08,ASN,아산공장,C,62,3,95.16,22.701612903225808,45.71451612903226,2.839677419354839
2023-03-08,GWJ,광주공장,A,243,9,96.3,22.923456790123456,45.08847736625514,2.8251440329218105
2023-03-08,GWJ,광주공장,B,305,14,95.41,23.18983606557377,44.66196721311475,2.788065573770492
2023-03-08,GWJ,광주공장,C,29,5,82.76,22.079310344827583,46.80344827586207,2.716896551724138
2023-03-08,HWS,화성공장,A,264,8,96.97,22.94128787878788,45.053030303030305,2.8199621212121215
2023-03-08,HWS,화성공장,B,283,11,96.11,22.952296819787986,45.3922261484099,2.807173144876325
2023-03-08,HWS,화성공장,C,37,3,91.89,22.575675675675676,44.494594594594595,2.8072972972972976
2023-03-08,ULN,울산공장,A,788,34,95.69,23.00710659898477,45.562055837563456,2.800609137055838
2023-03-08,ULN,울산공장,B,840,29,96.55,22.856785714285714,44.85488095238095,2.796761904761905
2023-03-08,ULN,울산공장,C,100,7,93.0,23.253,45.623999999999995,2.8256
2023-03-09,ASN,아산공장,A,510,22,95.69,22.944901960784314,45.61392156862745,2.819901960784314
2023-03-09,ASN,아산공장,B,478,20,95.82,23.0918410041841,45.298744769874475,2.815062761506276
2023-03-09,ASN,아산공장,C,70,5,92.86,23.75857142857143,44.12571428571429,2.8221428571428575
2023-03-09,GWJ,광주공장,A,278,17,93.88,23.006474820143886,44.88992805755395,2.8210791366906474
2023-03-09,GWJ,광주공장,B,265,11,95.85,23.007169811320754,44.64716981132076,2.8204905660377357
2023-03-09,GWJ,광주공장,C,47,2,95.74,22.4468085106383,46.02127659574468,2.8512765957446806
2023-03-09,HWS,화성공장,A,295,13,95.59,23.292881355932202,45.029830508474575,2.7990847457627117
2023-03-09,HWS,화성공장,B,265,13,95.09,22.78377358490566,45.15584905660377,2.8216981132075474
2023-03-09,HWS,화성공장,C,42,2,95.24,23.235714285714284,45.61666666666667,2.789761904761905
2023-03-09,ULN,울산공장,A,834,28,96.64,23.014988009592326,44.64196642685852,2.8063549160671464
2023-03-09,ULN,울산공장,B,870,32,96.32,22.892988505747127,45.37183908045977,2.792528735632184
2023-03-09,ULN,울산공장,C,111,8,92.79,23.23063063063063,45.715315315315316,2.8224324324324326
2023-03-10,ASN,아산공장,A,467,14,97.0,23.067237687366166,44.60214132762313,2.8132976445396145
2023-03-10,ASN,아산공장,B,503,20,96.02,23.1051689860835,44.625447316103376,2.779900596421471
2023-03-10,ASN,아산공장,C,61,4,93.44,23.07704918032787,46.02295081967213,2.8209836065573772
2023-03-10,GWJ,광주공장,A,304,13,95.72,23.13059210526316,44.75657894736842,2.7934868421052634
2023-03-10,GWJ,광주공장,B,303,18,94.06,23.042904290429043,44.897689768976896,2.8131353135313533
2023-03-10,GWJ,광주공장,C,39,0,100.0,22.96666666666667,45.10769230769231,2.813076923076923
2023-03-10,HWS,화성공장,A,271,9,96.68,22.969003690036903,45.32952029520295,2.7980442804428045
2023-03-10,HWS,화성공장,B,295,15,94.92,22.966779661016947,45.55627118644068,2.7981016949152546
2023-03-10,HWS,화성공장,C,36,4,88.89,23.65,46.12222222222223,2.782222222222222
2023-03-10,ULN,울산공장,A,805,32,96.02,22.96695652173913,45.07639751552795,2.809254658385093
2023-03-10,ULN,울산공장,B,868,32,96.31,22.938248847926268,45.12430875576037,2.8150345622119812
2023-03-10,ULN,울산공장,C,109,3,97.25,22.9348623853211,46.30825688073395,2.86697247706422
2023-03-11,ASN,아산공장,A,478,14,97.07,23.28598326359833,44.6255230125523,2.7773640167364015
2023-03-11,ASN,아산공장,B,415,11,97.35,23.118313253012047,44.57566265060241,2.7978554216867466
2023-03-11,ASN,아산공장,C,55,2,96.36,22.79818181818182,45.06,2.7605454545454546
2023-03-11,GWJ,광주공장,A,306,14,95.42,22.793464052287582,44.67091503267974,2.801307189542484
2023-03-11,GWJ,광주공장,B,271,4,98.52,23.083025830258304,45.53468634686347,2.8109963099630995
2023-03-11,GWJ,광주공장,C,33,2,93.94,22.824242424242424,47.800000000000004,2.8024242424242427
2023-03-11,HWS,화성공장,A,282,9,96.81,22.98723404255319,44.02198581560284,2.8095390070921984
2023-03-11,HWS,화성공장,B,267,11,95.88,23.001498127340824,45.14569288389513,2.816741573033708
2023-03-11,HWS,화성공장,C,41,4,90.24,22.20731707317073,44.482926829268294,2.7736585365853657
2023-03-11,ULN,울산공장,A,843,41,95.14,22.976986951364175,44.80782918149466,2.8048161328588375
2023-03-11,ULN,울산공장,B,823,22,97.33,23.23390036452005,44.96658566221142,2.796026731470231
2023-03-11,ULN,울산공장,C,128,11,91.41,23.5484375,44.9890625,2.82484375
2023-03-12,ASN,아산공장,A,430,21,95.12,23.219302325581392,44.9593023255814,2.784744186046512
2023-03-12,ASN,아산공장,B,453,17,96.25,23.010154525386316,44.58520971302428,2.799955849889625
2023-03-12,ASN,아산공장,C,60,0,100.0,23.215,44.425,2.8246666666666664
2023-03-12,GWJ,광주공장,A,284,8,97.18,22.966901408450706,45.23345070422535,2.7973591549295778
2023-03-12,GWJ,광주공장,B,291,10,96.56,23.275257731958764,45.39828178694158,2.8021305841924398
2023-03-12,GWJ,광주공장,C,29,1,96.55,23.26551724137931,47.06206896551724,2.806551724137931
2023-03-12,HWS,화성공장,A,286,12,95.8,22.91958041958042,45.28006993006993,2.8156993006993005
2023-03-12,HWS,화성공장,B,260,15,94.23,22.796538461538464,45.20307692307692,2.8195
2023-03-12,HWS,화성공장,C,35,1,97.14,22.91142857142857,45.07714285714286,2.797428571428571
2023-03-12,ULN,울산공장,A,820,19,97.68,23.08451219512195,45.122804878048775,2.795695121951219
2023-03-12,ULN,울산공장,B,799,20,97.5,23.09511889862328,45.28185231539424,2.7977596996245304
2023-03-12,ULN,울산공장,C,114,8,92.98,22.835964912280705,43.91754385964913,2.752456140350877
2023-03-13,ASN,아산공장,A,476,24,94.96,22.891386554621846,44.79831932773109,2.824705882352941
2023-03-13,ASN,아산공장,B,477,15,96.86,22.877987421383647,45.27127882599581,2.800754716981132
2023-03-13,ASN,아산공장,C,54,3,94.44,22.48888888888889,45.05,2.8064814814814816
2023-03-13,GWJ,광주공장,A,276,10,96.38,22.872463768115942,45.05108695652174,2.797536231884058
2023-03-13,GWJ,광주공장,B,272,13,95.22,23.148529411764706,45.67316176470588,2.7937132352941174
2023-03-13,GWJ,광주공장,C,39,2,94.87,22.66153846153846,44.830769230769235,2.907179487179487
2023-03-13,HWS,화성공장,A,268,12,95.52,22.990671641791046,45.09029850746269,2.7963059701492536
2023-03-13,HWS,화성공장,B,274,10,96.35,22.99890510948905,45.16934306569343,2.7862408759124087
2023-03-13,HWS,화성공장,C,41,2,95.12,22.48048780487805,45.297560975609755,2.8421951219512196
2023-03-13,ULN,울산공장,A,832,30,96.39,22.92091346153846,45.26550480769231,2.793846153846154
2023-03-13,ULN,울산공장,B,855,32,96.26,23.10666666666667,44.91298245614035,2.7999649122807013
2023-03-13,ULN,울산공장,C,112,2,98.21,23.45357142857143,43.870535714285715,2.75625
2023-03-14,ASN,아산공장,A,464,12,97.41,22.9010775862069,44.929310344827584,2.780215517241379
2023-03-14,ASN,아산공장,B,464,13,97.2,23.00495689655172,44.945689655172416,2.7781681034482757
2023-03-14,ASN,아산공장,C,65,1,98.46,22.80153846153846,45.723076923076924,2.7763076923076926
2023-03-14,GWJ,광주공장,A,281,16,94.31,23.113523131672597,44.50604982206406,2.7706761565836295
2023-03-14,GWJ,광주공장,B,280,8,97.14,23.047142857142855,44.72071428571428,2.783142857142857
2023-03-14,GWJ,광주공장,C,44,3,93.18,22.89090909090909,46.41590909090909,2.8220454545454547
2023-03-14,HWS,화성공장,A,315,15,95.24,22.831746031746032,45.45746031746032,2.790952380952381
2023-03-14,HWS,화성공장,B,288,12,95.83,22.90173611111111,45.20868055555556,2.783125
2023-03-14,HWS,화성공장,C,39,2,94.87,22.825641025641026,46.04871794871795,2.9128205128205127
2023-03-14,ULN,울산공장,A,823,32,96.11,23.032685297691376,44.91324422843256,2.7963547995139733
2023-03-14,ULN,울산공장,B,789,28,96.45,23.14448669201521,44.91013941698352,2.8025221799746514
2023-03-14,ULN,울산공장,C,117,9,92.31,22.988888888888887,45.42222222222222,2.8156410256410256
2023-03-15,ASN,아산공장,A,485,16,96.7,22.951134020618554,45.29752577319587,2.815731958762887
2023-03-15,ASN,아산공장,B,463,20,95.68,22.95269978401728,44.90885529157667,2.789438444924406
2023-03-15,ASN,아산공장,C,59,2,96.61,22.647457627118644,45.30677966101695,2.795932203389831
2023-03-15,GWJ,광주공장,A,265,10,96.23,23.047169811320753,45.25207547169811,2.8078867924528303
2023-03-15,GWJ,광주공장,B,265,13,95.09,22.79811320754717,45.67622641509434,2.7711698113207546
2023-03-15,GWJ,광주공장,C,36,2,94.44,22.77777777777778,45.68333333333333,2.8455555555555554
2023-03-15,HWS,화성공장,A,292,18,93.84,22.811986301369863,45.044520547945204,2.7795890410958903
2023-03-15,HWS,화성공장,B,301,8,97.34,23.246511627906976,45.0358803986711,2.772392026578073
2023-03-15,HWS,화성공장,C,39,1,97.44,23.407692307692308,44.16153846153846,2.815384615384615
2023-03-15,ULN,울산공장,A,877,38,95.67,23.113683010262257,45.3327251995439,2.8099657924743444
2023-03-15,ULN,울산공장,B,813,30,96.31,22.838745387453876,45.173923739237395,2.7832226322263227
2023-03-15,ULN,울산공장,C,93,2,97.85,22.903225806451612,45.35268817204301,2.850537634408602
2023-03-16,ASN,아산공장,A,482,10,97.93,23.097095435684647,44.68796680497925,2.7796887966804977
2023-03-16,ASN,아산공장,B,509,18,96.46,23.095677799607074,45.04204322200393,2.7866011787819254
2023-03-16,ASN,아산공장,C,58,2,96.55,23.393103448275863,45.443103448275856,2.795689655172414
2023-03-16,GWJ,광주공장,A,303,13,95.71,23.135643564356435,45.06996699669967,2.775874587458746
2023-03-16,GWJ,광주공장,B,273,9,96.7,23.15091575091575,44.06776556776557,2.8247619047619046
2023-03-16,GWJ,광주공장,C,31,3,90.32,24.116129032258065,46.332258064516125,2.795161290322581
2023-03-16,HWS,화성공장,A,264,15,94.32,22.93901515151515,44.20151515151515,2.776969696969697
2023-03-16,HWS,화성공장,B,278,9,96.76,22.81798561151079,45.340287769784176,2.819064748201439
2023-03-16,HWS,화성공장,C,37,2,94.59,22.583783783783783,43.994594594594595,2.805945945945946
2023-03-16,ULN,울산공장,A,852,23,97.3,22.939906103286383,44.86960093896714,2.7921596244131455
2023-03-16,ULN,울산공장,B,807,31,96.16,23.03457249070632,44.65873605947955,2.8038785625774474
2023-03-16,ULN,울산공장,C,86,6,93.02,22.901162790697676,44.45232558139535,2.82546511627907
2023-03-17,ASN,아산공장,A,471,24,94.9,22.907430997876858,45.15435244161359,2.795095541401274
2023-03-17,ASN,아산공장,B,466,13,97.21,22.932832618025753,45.08583690987125,2.7974248927038623
2023-03-17,ASN,아산공장,C,43,2,95.35,22.995348837209303,44.47906976744186,2.8446511627906976
2023-03-17,GWJ,광주공장,A,257,14,94.55,22.910894941634243,44.99377431906615,2.770544747081712
2023-03-17,GWJ,광주공장,B,274,10,96.35,23.236496350364963,45.4978102189781,2.7922992700729927
2023-03-17,GWJ,광주공장,C,34,3,91.18,22.86764705882353,44.80294117647059,2.695
2023-03-17,HWS,화성공장,A,248,9,96.37,23.023387096774194,45.0625,2.7704032258064517
2023-03-17,HWS,화성공장,B,256,9,96.48,22.7359375,44.3953125,2.803203125
2023-03-17,HWS,화성공장,C,24,1,95.83,23.09166666666667,46.10833333333333,2.844583333333333
2023-03-17,ULN,울산공장,A,813,27,96.68,23.097662976629767,45.07527675276752,2.8084747847478475
2023-03-17,ULN,울산공장,B,884,34,96.15,22.854638009049772,45.129185520361986,2.802658371040724
2023-03-17,ULN,울산공장,C,102,8,92.16,23.191176470588236,44.89901960784314,2.7888235294117645
2023-03-18,ASN,아산공장,A,450,8,98.22,23.070444444444448,45.50333333333333,2.802311111111111
2023-03-18,ASN,아산공장,B,497,15,96.98,22.92293762575453,44.90040241448692,2.7980080482897383
2023-03-18,ASN,아산공장,C,62,6,90.32,23.08709677419355,46.73870967741936,2.8019354838709676
2023-03-18,GWJ,광주공장,A,289,15,94.81,23.105190311418685,45.43494809688582,2.831903114186851
2023-03-18,GWJ,광주공장,B,245,4,98.37,23.148571428571426,45.095510204081634,2.7842448979591836
2023-03-18,GWJ,광주공장,C,37,1,97.3,22.81621621621622,44.883783783783784,2.7818918918918922
2023-03-18,HWS,화성공장,A,303,12,96.04,23.04818481848185,44.47425742574258,2.80009900990099
2023-03-18,HWS,화성공장,B,283,13,95.41,22.99363957597173,45.12473498233215,2.783780918727915
2023-03-18,HWS,화성공장,C,29,3,89.66,22.386206896551727,45.5,2.719310344827586
2023-03-18,ULN,울산공장,A,862,36,95.82,23.04222737819026,45.00348027842227,2.7960092807424592
2023-03-18,ULN,울산공장,B,779,40,94.87,22.95596919127086,45.08754813863928,2.811193838254172
2023-03-18,ULN,울산공장,C,102,8,92.16,22.612745098039216,44.64019607843137,2.80921568627451
2023-03-19,ASN,아산공장,A,467,13,97.22,23.011777301927197,45.41841541755889,2.807387580299786
2023-03-19,ASN,아산공장,B,479,10,97.91,23.018789144050103,45.41920668058455,2.7968267223382046
2023-03-19,ASN,아산공장,C,59,1,98.31,23.033898305084747,44.206779661016945,2.789322033898305
2023-03-19,GWJ,광주공장,A,279,13,95.34,23.027240143369177,45.415770609319,2.7856272401433695
2023-03-19,GWJ,광주공장,B,297,7,97.64,22.81279461279461,44.58451178451178,2.771212121212121
2023-03-19,GWJ,광주공장,C,29,0,100.0,22.275862068965516,43.51379310344828,2.8420689655172415
2023-03-19,HWS,화성공장,A,293,11,96.25,22.782252559726963,45.055631399317406,2.8137201365187714
2023-03-19,HWS,화성공장,B,276,10,96.38,22.83514492753623,45.4195652173913,2.795144927536232
2023-03-19,HWS,화성공장,C,41,3,92.68,22.951219512195124,44.85121951219512,2.9207317073170733
2023-03-19,ULN,울산공장,A,856,40,95.33,22.89929906542056,45.25817757009346,2.8194042056074764
2023-03-19,ULN,울산공장,B,842,37,95.61,23.05605700712589,44.73717339667458,2.791520190023753
2023-03-19,ULN,울산공장,C,101,5,95.05,22.947524752475246,45.74356435643565,2.7475247524752477
2023-03-20,ASN,아산공장,A,455,12,97.36,22.79186813186813,43.94681318681319,2.784945054945055
2023-03-20,ASN,아산공장,B,485,31,93.61,22.81278350515464,45.02412371134021,2.811360824742268
2023-03-20,ASN,아산공장,C,44,4,90.91,22.863636363636363,44.095454545454544,2.835681818181818
2023-03-20,GWJ,광주공장,A,278,12,95.68,23.201079136690645,44.280575539568346,2.81363309352518
2023-03-20,GWJ,광주공장,B,290,10,96.55,23.00689655172414,45.32793103448276,2.7728965517241377
2023-03-20,GWJ,광주공장,C,21,2,90.48,22.547619047619047,44.10952380952381,2.8190476190476192
2023-03-20,HWS,화성공장,A,308,12,96.1,23.12922077922078,44.93311688311688,2.809512987012987
2023-03-20,HWS,화성공장,B,276,8,97.1,23.02572463768116,45.098913043478255,2.811086956521739
2023-03-20,HWS,화성공장,C,34,2,94.12,23.108823529411765,44.199999999999996,2.798529411764706
2023-03-20,ULN,울산공장,A,852,33,96.13,22.9693661971831,45.057042253521125,2.801607981220657
2023-03-20,ULN,울산공장,B,831,29,96.51,23.24993983152828,45.08543922984356,2.778014440433213
2023-03-20,ULN,울산공장,C,94,6,93.62,22.384042553191488,44.139361702127665,2.8138297872340425
2023-03-21,ASN,아산공장,A,459,26,94.34,23.118736383442265,44.1838779956427,2.7993899782135077
2023-03-21,ASN,아산공장,B,492,24,95.12,23.078861788617886,45.53048780487805,2.8077032520325207
2023-03-21,ASN,아산공장,C,43,0,100.0,22.567441860465117,43.609302325581396,2.831860465116279
2023-03-21,GWJ,광주공장,A,306,13,95.75,23.148366013071893,45.123856209150325,2.7863398692810457
2023-03-21,GWJ,광주공장,B,269,17,93.68,22.840892193308548,44.69628252788104,2.810074349442379
2023-03-21,GWJ,광주공장,C,41,3,92.68,22.98780487804878,43.924390243902444,2.6890243902439024
2023-03-21,HWS,화성공장,A,289,16,94.46,22.82871972318339,45.69204152249135,2.7873702422145326
2023-03-21,HWS,화성공장,B,276,8,97.1,23.06340579710145,45.219927536231886,2.8200000000000003
2023-03-21,HWS,화성공장,C,47,6,87.23,22.634042553191488,45.142553191489355,2.813617021276596
2023-03-21,ULN,울산공장,A,826,39,95.28,23.081719128329297,45.12772397094431,2.8032929782082325
2023-03-21,ULN,울산공장,B,813,18,97.79,23.186961869618695,45.4430504305043,2.809618696186962
2023-03-21,ULN,울산공장,C,120,2,98.33,23.020833333333332,44.49666666666667,2.80525
2023-03-22,ASN,아산공장,A,460,26,94.35,22.896086956521742,45.14065217391305,2.8042608695652174
2023-03-22,ASN,아산공장,B,470,24,94.89,23.281276595744682,45.403404255319145,2.7826808510638297
2023-03-22,ASN,아산공장,C,48,2,95.83,22.360416666666666,45.300000000000004,2.8037500000000004
2023-03-22,GWJ,광주공장,A,268,12,95.52,23.491417910447762,45.09850746268656,2.788992537313433
2023-03-22,GWJ,광주공장,B,304,15,95.07,22.931578947368422,44.89703947368421,2.778815789473684
2023-03-22,GWJ,광주공장,C,34,1,97.06,23.091176470588238,47.48235294117647,2.785
2023-03-22,HWS,화성공장,A,269,6,97.77,22.564684014869886,44.930483271375465,2.8147583643122673
2023-03-22,HWS,화성공장,B,284,6,97.89,23.246126760563378,44.7193661971831,2.7825704225352115
2023-03-22,HWS,화성공장,C,40,2,95.0,23.1575,44.597500000000004,2.70425
2023-03-22,ULN,울산공장,A,858,35,95.92,22.9018648018648,44.800466200466204,2.7708041958041956
2023-03-22,ULN,울산공장,B,839,28,96.66,22.84815256257449,44.969845053635275,2.785995232419547
2023-03-22,ULN,울산공장,C,99,7,92.93,22.375757575757575,45.08282828282828,2.838787878787879
2023-03-23,ASN,아산공장,A,479,23,95.2,22.829436325678497,44.36012526096033,2.780125260960334
2023-03-23,ASN,아산공장,B,487,14,97.13,23.083367556468172,44.83798767967146,2.802874743326489
2023-03-23,ASN,아산공장,C,59,4,93.22,22.74237288135593,44.48813559322034,2.8640677966101693
2023-03-23,GWJ,광주공장,A,276,6,97.83,23.201811594202898,44.66159420289855,2.8147101449275365
2023-03-23,GWJ,광주공장,B,312,15,95.19,22.941025641025643,44.301602564102566,2.7962499999999997
2023-03-23,GWJ,광주공장,C,36,1,97.22,22.383333333333333,44.21944444444445,2.796111111111111
2023-03-23,HWS,화성공장,A,303,12,96.04,23.266666666666666,44.873597359735975,2.82026402640264
2023-03-23,HWS,화성공장,B,293,4,98.63,22.847098976109216,43.99044368600683,2.8082593856655294
2023-03-23,HWS,화성공장,C,36,3,91.67,22.830555555555556,45.544444444444444,2.8769444444444443
2023-03-23,ULN,울산공장,A,877,39,95.55,23.044583808437853,44.65530216647662,2.7988027366020525
2023-03-23,ULN,울산공장,B,862,32,96.29,22.947795823665892,45.13561484918794,2.797122969837587
2023-03-23,ULN,울산공장,C,92,9,90.22,22.838043478260868,46.289130434782614,2.752282608695652
2023-03-24,ASN,아산공장,A,499,17,96.59,22.687374749498996,44.89458917835672,2.809699398797595
2023-03-24,ASN,아산공장,B,460,15,96.74,23.03413043478261,44.74847826086956,2.8136304347826084
2023-03-24,ASN,아산공장,C,65,4,93.85,23.773846153846154,44.84307692307693,2.7576923076923077
2023-03-24,GWJ,광주공장,A,280,11,96.07,22.891785714285714,45.940714285714286,2.7896428571428573
2023-03-24,GWJ,광주공장,B,262,14,94.66,23.308396946564887,45.03129770992367,2.819236641221374
2023-03-24,GWJ,광주공장,C,43,2,95.35,22.855813953488372,44.806976744186045,2.7546511627906978
2023-03-24,HWS,화성공장,A,291,8,97.25,22.986941580756014,45.54879725085911,2.8220274914089347
2023-03-24,HWS,화성공장,B,289,11,96.19,23.267820069204152,44.938408304498275,2.7930449826989623
2023-03-24,HWS,화성공장,C,32,2,93.75,22.44375,47.284375,2.72375
2023-03-24,ULN,울산공장,A,818,39,95.23,23.074083129584352,45.17652811735942,2.8220660146699266
2023-03-24,ULN,울산공장,B,818,32,96.09,22.838630806845966,44.84254278728606,2.7946943765281174
2023-03-24,ULN,울산공장,C,111,3,97.3,23.126126126126128,43.76666666666667,2.8123423423423426
2023-03-25,ASN,아산공장,A,471,16,96.6,22.994904458598725,45.26454352441613,2.804925690021231
2023-03-25,ASN,아산공장,B,462,13,97.19,23.195670995670994,44.63376623376623,2.8156493506493505
2023-03-25,ASN,아산공장,C,51,3,94.12,23.098039215686274,44.3686274509804,2.8396078431372547
2023-03-25,GWJ,광주공장,A,294,11,96.26,22.836394557823127,44.82585034013605,2.7902721088435376
2023-03-25,GWJ,광주공장,B,271,13,95.2,23.100738007380073,44.554981549815494,2.809852398523985
2023-03-25,GWJ,광주공장,C,23,0,100.0,23.608695652173914,49.05217391304348,2.8408695652173916
2023-03-25,HWS,화성공장,A,277,12,95.67,23.320216606498196,45.31119133574008,2.8039350180505416
2023-03-25,HWS,화성공장,B,244,12,95.08,23.026639344262296,45.739754098360656,2.8027868852459017
2023-03-25,HWS,화성공장,C,32,5,84.38,23.43125,45.10625,2.7690625
2023-03-25,ULN,울산공장,A,820,37,95.49,23.027926829268296,44.878780487804875,2.8014878048780485
2023-03-25,ULN,울산공장,B,850,38,95.53,22.929411764705883,44.75847058823529,2.7989176470588233
2023-03-25,ULN,울산공장,C,99,6,93.94,22.50909090909091,45.36767676767676,2.8020202020202016
2023-03-26,ASN,아산공장,A,447,10,97.76,22.9420581655481,45.599105145413866,2.7976733780760625
2023-03-26,ASN,아산공장,B,444,14,96.85,23.2777027027027,44.94864864864865,2.789774774774775
2023-03-26,ASN,아산공장,C,52,3,94.23,22.559615384615384,45.66346153846154,2.770192307692308
2023-03-26,GWJ,광주공장,A,291,16,94.5,23.320962199312714,44.48316151202749,2.7843986254295534
2023-03-26,GWJ,광주공장,B,266,11,95.86,23.285714285714285,45.7406015037594,2.8430827067669173
2023-03-26,GWJ,광주공장,C,30,1,96.67,22.10666666666667,46.39333333333333,2.7973333333333334
2023-03-26,HWS,화성공장,A,297,10,96.63,22.7983164983165,45.13131313131313,2.793063973063973
2023-03-26,HWS,화성공장,B,271,8,97.05,22.90590405904059,44.55202952029521,2.7921771217712177
2023-03-26,HWS,화성공장,C,35,0,100.0,23.7,45.42285714285714,2.7485714285714287
2023-03-26,ULN,울산공장,A,817,25,96.94,23.25667074663403,44.8889840881273,2.775055079559363
2023-03-26,ULN,울산공장,B,867,25,97.12,23.103344867358707,45.35697808535179,2.7999653979238754
2023-03-26,ULN,울산공장,C,114,9,92.11,23.116666666666667,44.857894736842105,2.8535087719298247
2023-03-27,ASN,아산공장,A,455,20,95.6,23.015604395604395,44.14197802197802,2.801978021978022
2023-03-27,ASN,아산공장,B,431,26,93.97,22.93758700696056,44.9139211136891,2.809141531322506
2023-03-27,ASN,아산공장,C,56,5,91.07,22.78392857142857,45.283928571428575,2.8033928571428572
2023-03-27,GWJ,광주공장,A,269,9,96.65,23.39368029739777,45.13791821561338,2.7815613382899627
2023-03-27,GWJ,광주공장,B,270,7,97.41,22.93074074074074,43.8237037037037,2.804888888888889
2023-03-27,GWJ,광주공장,C,37,3,91.89,23.175675675675677,44.2972972972973,2.753243243243243
2023-03-27,HWS,화성공장,A,293,11,96.25,22.78805460750853,45.19965870307167,2.7951535836177475
2023-03-27,HWS,화성공장,B,289,9,96.89,23.33944636678201,44.60692041522491,2.7910726643598616
2023-03-27,HWS,화성공장,C,38,2,94.74,23.847368421052632,42.47894736842105,2.746578947368421
2023-03-27,ULN,울산공장,A,848,46,94.58,22.989622641509435,45.129481132075476,2.8085259433962264
2023-03-27,ULN,울산공장,B,798,23,97.12,23.019423558897245,45.19674185463659,2.7898621553884713
2023-03-27,ULN,울산공장,C,92,6,93.48,22.597826086956523,44.731521739130436,2.85
2023-03-28,ASN,아산공장,A,457,21,95.4,23.093654266958424,44.47899343544858,2.7877024070021883
2023-03-28,ASN,아산공장,B,481,18,96.26,22.902702702702705,45.24116424116424,2.779168399168399
2023-03-28,ASN,아산공장,C,73,2,97.26,22.875342465753427,44.11917808219178,2.777808219178082
2023-03-28,GWJ,광주공장,A,280,12,95.71,23.003214285714286,44.995714285714286,2.802107142857143
2023-03-28,GWJ,광주공장,B,261,4,98.47,23.20038314176245,45.742145593869736,2.789885057471264
2023-03-28,GWJ,광주공장,C,43,3,93.02,23.009302325581395,45.24883720930233,2.7588372093023255
2023-03-28,HWS,화성공장,A,288,10,96.53,22.88888888888889,45.57743055555555,2.80375
2023-03-28,HWS,화성공장,B,295,13,95.59,23.10169491525424,44.89762711864407,2.828610169491525
2023-03-28,HWS,화성공장,C,26,3,88.46,21.746153846153845,45.63461538461539,2.7323076923076925
2023-03-28,ULN,울산공장,A,850,49,94.24,22.916705882352943,44.99223529411765,2.8105529411764705
2023-03-28,ULN,울산공장,B,804,35,95.65,22.93320895522388,44.93121890547263,2.799477611940299
2023-03-28,ULN,울산공장,C,108,8,92.59,22.58240740740741,44.38333333333333,2.7693518518518516
2023-03-29,ASN,아산공장,A,421,20,95.25,22.907363420427554,45.70047505938243,2.776270783847981
2023-03-29,ASN,아산공장,B,485,23,95.26,23.168453608247425,45.02639175257732,2.802432989690722
2023-03-29,ASN,아산공장,C,63,4,93.65,22.753968253968253,43.798412698412704,2.78047619047619
2023-03-29,GWJ,광주공장,A,311,12,96.14,22.793890675241155,45.260450160771704,2.7906752411575564
2023-03-29,GWJ,광주공장,B,273,11,95.97,22.933333333333334,44.82124542124542,2.8158241758241758
2023-03-29,GWJ,광주공장,C,42,2,95.24,22.476190476190474,46.16428571428572,2.7304761904761903
2023-03-29,HWS,화성공장,A,307,14,95.44,22.829641693811073,45.19511400651466,2.7812052117263844
2023-03-29,HWS,화성공장,B,274,10,96.35,23.147080291970802,45.12335766423357,2.816204379562044
2023-03-29,HWS,화성공장,C,36,5,86.11,23.51388888888889,45.44166666666667,2.78
2023-03-29,ULN,울산공장,A,847,36,95.75,23.050885478158204,44.60968122786305,2.791818181818182
2023-03-29,ULN,울산공장,B,800,31,96.12,23.0845,44.618500000000004,2.8053
2023-03-29,ULN,울산공장,C,131,5,96.18,22.5,43.735877862595416,2.7838167938931297
2023-03-30,ASN,아산공장,A,510,17,96.67,22.976078431372546,44.60980392156863,2.809705882352941
2023-03-30,ASN,아산공장,B,477,19,96.02,23.251781970649898,45.20712788259958,2.7946121593291404
2023-03-30,ASN,아산공장,C,56,2,96.43,22.673214285714288,44.583928571428565,2.8233928571428573
2023-03-30,GWJ,광주공장,A,285,10,96.49,23.037894736842105,45.63754385964913,2.7935438596491227
2023-03-30,GWJ,광주공장,B,277,7,97.47,22.959927797833934,45.695667870036104,2.801985559566787
2023-03-30,GWJ,광주공장,C,30,2,93.33,23.206666666666667,47.663333333333334,2.820666666666667
2023-03-30,HWS,화성공장,A,305,17,94.43,22.947540983606558,45.3727868852459,2.8124918032786885
2023-03-30,HWS,화성공장,B,290,11,96.21,23.22310344827586,44.900689655172414,2.7824482758620688
2023-03-30,HWS,화성공장,C,25,1,96.0,22.896,44.163999999999994,2.8888
2023-03-30,ULN,울산공장,A,801,21,97.38,22.912609238451935,45.45805243445693,2.815156054931336
2023-03-30,ULN,울산공장,B,884,39,95.59,23.04309954751131,44.653506787330315,2.7960407239819003
2023-03-30,ULN,울산공장,C,112,8,92.86,23.182142857142857,44.00714285714286,2.837589285714286
2023-03-31,ASN,아산공장,A,460,16,96.52,22.734565217391303,45.13282608695652,2.7936739130434782
2023-03-31,ASN,아산공장,B,466,14,97.0,22.760515021459227,45.024892703862655,2.805815450643777
2023-03-31,ASN,아산공장,C,66,2,96.97,23.222727272727273,44.7939393939394,2.86
2023-03-31,GWJ,광주공장,A,266,14,94.74,23.084586466165412,45.2,2.8106015037593983
2023-03-31,GWJ,광주공장,B,315,11,96.51,22.936507936507937,44.57555555555555,2.825619047619048
2023-03-31,GWJ,광주공장,C,36,2,94.44,23.066666666666666,43.90277777777778,2.823888888888889
2023-03-31,HWS,화성공장,A,262,10,96.18,22.941221374045803,45.22290076335878,2.805534351145038
2023-03-31,HWS,화성공장,B,287,6,97.91,23.12682926829268,45.86794425087108,2.8048780487804876
2023-03-31,HWS,화성공장,C,37,0,100.0,22.767567567567568,45.9081081081081,2.7791891891891893
2023-03-31,ULN,울산공장,A,846,22,97.4,23.046572104018914,44.89137115839243,2.793593380614657
2023-03-31,ULN,울산공장,B,845,34,95.98,22.95360946745562,44.87041420118343,2.8100946745562134
2023-03-31,ULN,울산공장,C,105,12,88.57,22.993333333333336,44.760952380952375,2.8111428571428574
2023-04-01,ASN,아산공장,A,438,14,96.8,23.02557077625571,44.87876712328767,2.808995433789954
2023-04-01,ASN,아산공장,B,431,20,95.36,22.92969837587007,45.547099767981436,2.791948955916473
2023-04-01,ASN,아산공장,C,58,3,94.83,22.932758620689654,44.61034482758621,2.8017241379310347
2023-04-01,GWJ,광주공장,A,265,13,95.09,22.949433962264152,45.06754716981132,2.7845283018867923
2023-04-01,GWJ,광주공장,B,301,12,96.01,23.00730897009967,45.07176079734219,2.8037541528239203
2023-04-01,GWJ,광주공장,C,39,2,94.87,23.623076923076923,46.579487179487174,2.755384615384615
2023-04-01,HWS,화성공장,A,286,17,94.06,22.95944055944056,45.139510489510485,2.8304545454545456
2023-04-01,HWS,화성공장,B,272,11,95.96,23.03676470588235,44.60772058823529,2.842279411764706
2023-04-01,HWS,화성공장,C,36,0,100.0,23.147222222222222,44.94444444444444,2.7691666666666666
2023-04-01,ULN,울산공장,A,897,38,95.76,23.12084726867336,45.05161649944259,2.8032664437012267
2023-04-01,ULN,울산공장,B,811,28,96.55,22.932182490752158,44.8727496917386,2.783329223181258
2023-04-01,ULN,울산공장,C,110,9,91.82,22.487272727272728,44.469090909090916,2.7782727272727272
2023-04-02,ASN,아산공장,A,506,23,95.45,23.041699604743084,44.7602766798419,2.7833201581027667
2023-04-02,ASN,아산공장,B,485,22,95.46,23.223917525773196,44.91896907216495,2.7916701030927835
2023-04-02,ASN,아산공장,C,61,5,91.8,23.508196721311474,46.09344262295082,2.780491803278689
2023-04-02,GWJ,광주공장,A,309,14,95.47,22.968608414239483,45.096763754045305,2.794919093851133
2023-04-02,GWJ,광주공장,B,293,11,96.25,23.072013651877135,44.61535836177474,2.8004778156996584
2023-04-02,GWJ,광주공장,C,33,2,93.94,23.21818181818182,45.199999999999996,2.8266666666666667
2023-04-02,HWS,화성공장,A,281,7,97.51,23.008540925266903,44.76903914590748,2.7832384341637013
2023-04-02,HWS,화성공장,B,325,18,94.46,23.12923076923077,44.64923076923077,2.8020923076923077
2023-04-02,HWS,화성공장,C,28,1,96.43,23.54642857142857,43.18928571428571,2.9003571428571426
2023-04-02,ULN,울산공장,A,819,31,96.21,23.097435897435897,44.61562881562881,2.7952014652014654
2023-04-02,ULN,울산공장,B,840,26,96.9,22.966309523809525,45.21619047619048,2.785047619047619
2023-04-02,ULN,울산공장,C,123,12,90.24,22.750406504065044,45.94065040650406,2.7660162601626013
2023-04-03,ASN,아산공장,A,499,23,95.39,23.057715430861723,45.0563126252505,2.7833266533066134
2023-04-03,ASN,아산공장,B,477,14,97.06,22.96771488469602,44.575471698113205,2.8069601677148848
2023-04-03,ASN,아산공장,C,58,0,100.0,23.03448275862069,44.193103448275856,2.7544827586206897
2023-04-03,GWJ,광주공장,A,274,11,95.99,23.036861313868613,45.29270072992701,2.7801824817518246
2023-04-03,GWJ,광주공장,B,284,10,96.48,22.7943661971831,44.36654929577465,2.8064788732394366
2023-04-03,GWJ,광주공장,C,32,0,100.0,22.409375,44.375,2.8115625
2023-04-03,HWS,화성공장,A,258,9,96.51,23.015503875968992,44.15930232558139,2.8277131782945735
2023-04-03,HWS,화성공장,B,291,14,95.19,23.004123711340206,44.776632302405496,2.8220962199312716
2023-04-03,HWS,화성공장,C,44,1,97.73,22.66590909090909,43.99545454545454,2.8447727272727272
2023-04-03,ULN,울산공장,A,818,26,96.82,22.962958435207824,44.912713936430315,2.8121026894865526
2023-04-03,ULN,울산공장,B,853,29,96.6,22.806213364595546,44.73528722157092,2.812731535756155
2023-04-03,ULN,울산공장,C,95,8,91.58,22.503157894736844,44.748421052631585,2.794842105263158
2023-04-04,ASN,아산공장,A,445,15,96.63,23.00494382022472,45.05393258426966,2.786067415730337
2023-04-04,ASN,아산공장,B,470,16,96.6,23.04978723404255,45.03191489361702,2.809255319148936
2023-04-04,ASN,아산공장,C,63,4,93.65,23.47936507936508,43.39206349206349,2.7901587301587303
2023-04-04,GWJ,광주공장,A,285,12,95.79,23.09719298245614,45.18561403508772,2.792842105263158
2023-04-04,GWJ,광주공장,B,259,8,96.91,23.128185328185328,44.08571428571429,2.7908494208494212
2023-04-04,GWJ,광주공장,C,27,2,92.59,23.537037037037038,45.285185185185185,2.7551851851851854
2023-04-04,HWS,화성공장,A,285,3,98.95,23.116491228070174,45.05649122807018,2.820771929824561
2023-04-04,HWS,화성공장,B,258,12,95.35,23.165891472868218,45.84651162790698,2.8218217054263564
2023-04-04,HWS,화성공장,C,33,0,100.0,23.542424242424243,45.800000000000004,2.833939393939394
2023-04-04,ULN,울산공장,A,835,33,96.05,23.130658682634728,45.05988023952096,2.8169461077844313
2023-04-04,ULN,울산공장,B,823,30,96.35,22.995261239368162,44.6962332928311,2.802260024301337
2023-04-04,ULN,울산공장,C,106,11,89.62,22.83867924528302,43.56509433962264,2.811792452830189
2023-04-05,ASN,아산공장,A,495,26,94.75,22.782222222222224,45.21939393939394,2.7914141414141413
2023-04-05,ASN,아산공장,B,482,22,95.44,23.135477178423233,44.28651452282158,2.8037759336099586
2023-04-05,ASN,아산공장,C,81,6,92.59,23.296296296296298,44.8358024691358,2.852962962962963
2023-04-05,GWJ,광주공장,A,293,10,96.59,23.205119453924915,45.00068259385666,2.8153583617747437
2023-04-05,GWJ,광주공장,B,316,9,97.15,23.38006329113924,44.67088607594937,2.819715189873418
2023-04-05,GWJ,광주공장,C,30,1,96.67,22.720000000000002,45.89333333333333,2.866
2023-04-05,HWS,화성공장,A,304,21,93.09,22.753947368421052,45.501973684210526,2.7796052631578947
2023-04-05,HWS,화성공장,B,257,16,93.77,23.05408560311284,45.009727626459146,2.821089494163424
2023-04-05,HWS,화성공장,C,41,2,95.12,22.88048780487805,43.21707317073171,2.7990243902439027
2023-04-05,ULN,울산공장,A,818,37,95.48,23.074694376528115,45.291809290953545,2.7868215158924206
2023-04-05,ULN,울산공장,B,847,38,95.51,22.916883116883117,44.90224321133412,2.801688311688312
2023-04-05,ULN,울산공장,C,95,6,93.68,23.213684210526317,44.3421052631579,2.8338947368421055
2023-04-06,ASN,아산공장,A,454,16,96.48,22.906167400881056,44.64977973568282,2.8177533039647575
2023-04-06,ASN,아산공장,B,487,20,95.89,22.76160164271047,45.29199178644764,2.7978234086242297
2023-04-06,ASN,아산공장,C,59,4,93.22,23.374576271186438,46.48813559322034,2.773559322033898
2023-04-06,GWJ,광주공장,A,298,12,95.97,23.16946308724832,45.12718120805369,2.789832214765101
2023-04-06,GWJ,광주공장,B,295,16,94.58,22.73186440677966,44.51322033898305,2.8091525423728814
2023-04-06,GWJ,광주공장,C,37,2,94.59,22.654054054054054,45.008108108108104,2.885135135135135
2023-04-06,HWS,화성공장,A,259,11,95.75,22.94633204633205,44.98880308880309,2.787297297297297
2023-04-06,HWS,화성공장,B,298,12,95.97,22.948993288590604,44.70637583892618,2.7859060402684563
2023-04-06,HWS,화성공장,C,31,3,90.32,22.758064516129032,44.24516129032258,2.878064516129032
2023-04-06,ULN,울산공장,A,814,35,95.7,23.024570024570025,45.06179361179362,2.8015479115479116
2023-04-06,ULN,울산공장,B,892,39,95.63,22.894843049327356,45.204484304932734,2.822309417040359
2023-04-06,ULN,울산공장,C,110,7,93.64,23.132727272727273,44.98090909090909,2.796272727272727
2023-04-07,ASN,아산공장,A,467,17,96.36,22.917344753747322,44.899357601713064,2.7755032119914347
2023-04-07,ASN,아산공장,B,473,12,97.46,22.950951374207186,45.13911205073995,2.797906976744186
2023-04-07,ASN,아산공장,C,69,4,94.2,22.447826086956525,45.88550724637681,2.7305797101449274
2023-04-07,GWJ,광주공장,A,284,14,95.07,22.72887323943662,45.24014084507043,2.8176408450704225
2023-04-07,GWJ,광주공장,B,275,12,95.64,22.788,45.06436363636364,2.8065818181818183
2023-04-07,GWJ,광주공장,C,38,1,97.37,23.30526315789474,44.800000000000004,2.7594736842105263
2023-04-07,HWS,화성공장,A,272,8,97.06,23.148161764705883,44.02169117647059,2.8193014705882353
2023-04-07,HWS,화성공장,B,289,12,95.85,23.188581314878892,44.457439446366784,2.805709342560554
2023-04-07,HWS,화성공장,C,34,3,91.18,22.53235294117647,45.0,2.7388235294117647
2023-04-07,ULN,울산공장,A,843,40,95.26,22.90652431791222,45.25349940688019,2.79650059311981
2023-04-07,ULN,울산공장,B,856,39,95.44,22.935981308411215,44.70186915887851,2.803084112149533
2023-04-07,ULN,울산공장,C,106,4,96.23,22.54433962264151,44.965094339622645,2.790188679245283
2023-04-08,ASN,아산공장,A,513,25,95.13,22.92768031189084,44.54795321637427,2.813586744639376
2023-04-08,ASN,아산공장,B,458,18,96.07,22.938646288209608,45.22772925764192,2.801091703056769
2023-04-08,ASN,아산공장,C,60,3,95.0,22.918333333333333,46.373333333333335,2.7680000000000002
2023-04-08,GWJ,광주공장,A,285,7,97.54,22.985964912280703,44.98175438596491,2.7992631578947367
2023-04-08,GWJ,광주공장,B,258,8,96.9,22.738372093023255,45.19031007751938,2.7997286821705427
2023-04-08,GWJ,광주공장,C,35,4,88.57,23.145714285714288,44.32,2.7591428571428573
2023-04-08,HWS,화성공장,A,266,7,97.37,22.85,44.837218045112785,2.83093984962406
2023-04-08,HWS,화성공장,B,275,12,95.64,22.95309090909091,44.635999999999996,2.7781818181818183
2023-04-08,HWS,화성공장,C,31,3,90.32,22.1,43.832258064516125,2.776774193548387
2023-04-08,ULN,울산공장,A,849,38,95.52,22.965842167255595,45.162190812720844,2.8022850412249705
2023-04-08,ULN,울산공장,B,762,31,95.93,23.203280839895015,44.75879265091863,2.809370078740157
2023-04-08,ULN,울산공장,C,100,3,97.0,23.405,45.083999999999996,2.758
2023-04-09,ASN,아산공장,A,486,21,95.68,22.916666666666668,45.74032921810699,2.8535390946502055
2023-04-09,ASN,아산공장,B,478,22,95.4,23.198744769874477,44.55585774058578,2.801861924686192
2023-04-09,ASN,아산공장,C,56,4,92.86,23.30535714285714,45.10178571428571,2.7451785714285712
2023-04-09,GWJ,광주공장,A,317,9,97.16,22.77097791798107,44.801892744479495,2.791608832807571
2023-04-09,GWJ,광주공장,B,268,9,96.64,23.077238805970147,44.98768656716418,2.782276119402985
2023-04-09,GWJ,광주공장,C,31,1,96.77,23.993548387096773,47.670967741935485,2.7829032258064514
2023-04-09,HWS,화성공장,A,259,10,96.14,22.811969111969113,44.930888030888035,2.781042471042471
2023-04-09,HWS,화성공장,B,278,15,94.6,22.85,44.51187050359712,2.788453237410072
2023-04-09,HWS,화성공장,C,26,1,96.15,22.01923076923077,44.25,2.813076923076923
2023-04-09,ULN,울산공장,A,863,34,96.06,22.926767091541134,44.72804171494786,2.795457705677868
2023-04-09,ULN,울산공장,B,903,26,97.12,23.033997785160576,45.142414174972316,2.8072425249169437
2023-04-09,ULN,울산공장,C,102,9,91.18,23.09607843137255,45.71862745098039,2.8463725490196077
2023-04-10,ASN,아산공장,A,500,17,96.6,23.1062,43.9568,2.80816
2023-04-10,ASN,아산공장,B,465,19,95.91,23.08301075268817,45.55440860215054,2.7899354838709676
2023-04-10,ASN,아산공장,C,63,3,95.24,23.023809523809526,44.15714285714286,2.8285714285714283
2023-04-10,GWJ,광주공장,A,255,13,94.9,23.0443137254902,44.97294117647059,2.81278431372549
2023-04-10,GWJ,광주공장,B,282,12,95.74,23.204609929078014,45.03085106382979,2.7885106382978724
2023-04-10,GWJ,광주공장,C,42,1,97.62,23.50952380952381,41.87619047619047,2.767857142857143
2023-04-10,HWS,화성공장,A,262,6,97.71,22.910687022900763,45.26068702290076,2.7791603053435114
2023-04-10,HWS,화성공장,B,289,12,95.85,22.982698961937718,44.917301038062284,2.800795847750865
2023-04-10,HWS,화성공장,C,35,3,91.43,24.082857142857144,42.6,2.782857142857143
2023-04-10,ULN,울산공장,A,839,45,94.64,22.897735399284866,44.46805721096543,2.8000953516090585
2023-04-10,ULN,울산공장,B,824,40,95.15,23.14587378640777,45.396601941747576,2.791614077669903
2023-04-10,ULN,울산공장,C,103,9,91.26,22.670873786407768,45.35728155339806,2.820873786407767
2023-04-11,ASN,아산공장,A,415,13,96.87,23.09734939759036,44.88626506024096,2.8157590361445783
2023-04-11,ASN,아산공장,B,476,18,96.22,22.93655462184874,44.96239495798319,2.803529411764706
2023-04-11,ASN,아산공장,C,51,3,94.12,23.26078431372549,44.29803921568627,2.835490196078432
2023-04-11,GWJ,광주공장,A,278,12,95.68,23.148201438848922,45.275899280575544,2.799244604316547
2023-04-11,GWJ,광주공장,B,299,3,99.0,22.86588628762542,44.49498327759197,2.8076923076923075
2023-04-11,GWJ,광주공장,C,47,4,91.49,23.004255319148935,46.39787234042553,2.77
2023-04-11,HWS,화성공장,A,276,14,94.93,23.16304347826087,44.233333333333334,2.8017028985507246
2023-04-11,HWS,화성공장,B,270,9,96.67,22.983333333333334,45.26777777777777,2.782111111111111
2023-04-11,HWS,화성공장,C,38,0,100.0,22.78684210526316,46.18421052631579,2.851578947368421
2023-04-11,ULN,울산공장,A,834,31,96.28,22.83201438848921,45.12505995203837,2.798189448441247
2023-04-11,ULN,울산공장,B,846,40,95.27,22.997044917257682,44.54113475177305,2.8001418439716312
2023-04-11,ULN,울산공장,C,103,6,94.17,23.35145631067961,44.96990291262136,2.8175728155339805
2023-04-12,ASN,아산공장,A,489,26,94.68,22.901431492842534,45.04887525562373,2.7874642126789366
2023-04-12,ASN,아산공장,B,474,17,96.41,23.041350210970464,44.904219409282696,2.7972362869198313
2023-04-12,ASN,아산공장,C,61,2,96.72,23.885245901639344,45.67704918032787,2.809344262295082
2023-04-12,GWJ,광주공장,A,266,10,96.24,23.090601503759398,45.36203007518797,2.7974436090225563
2023-04-12,GWJ,광주공장,B,277,9,96.75,23.13898916967509,44.29783393501805,2.7851985559566788
2023-04-12,GWJ,광주공장,C,36,1,97.22,22.816666666666666,47.18333333333333,2.783333333333333
2023-04-12,HWS,화성공장,A,255,15,94.12,23.09450980392157,45.9043137254902,2.8169411764705883
2023-04-12,HWS,화성공장,B,292,8,97.26,23.144863013698632,44.826369863013696,2.78763698630137
2023-04-12,HWS,화성공장,C,38,0,100.0,23.123684210526317,45.373684210526314,2.7131578947368418
2023-04-12,ULN,울산공장,A,837,32,96.18,23.09295101553166,44.372640382317805,2.797037037037037
2023-04-12,ULN,울산공장,B,800,29,96.38,23.006999999999998,44.8935,2.7977
2023-04-12,ULN,울산공장,C,111,2,98.2,23.041441441441442,46.387387387387385,2.792702702702703
2023-04-13,ASN,아산공장,A,462,24,94.81,22.917748917748916,45.52164502164502,2.8046103896103896
2023-04-13,ASN,아산공장,B,477,17,96.44,23.172746331236898,44.38511530398323,2.7936687631027253
2023-04-13,ASN,아산공장,C,62,2,96.77,22.717741935483872,46.38709677419355,2.7435483870967743
2023-04-13,GWJ,광주공장,A,267,12,95.51,22.987640449438203,45.041947565543076,2.7986516853932586
2023-04-13,GWJ,광주공장,B,300,12,96.0,23.423,45.45333333333333,2.7748333333333335
2023-04-13,GWJ,광주공장,C,35,2,94.29,22.845714285714287,44.52285714285714,2.788
2023-04-13,HWS,화성공장,A,267,19,92.88,22.902247191011234,45.91123595505618,2.7849063670411986
2023-04-13,HWS,화성공장,B,275,12,95.64,22.746181818181817,45.452,2.790836363636364
2023-04-13,HWS,화성공장,C,41,3,92.68,23.25121951219512,45.33658536585366,2.8397560975609757
2023-04-13,ULN,울산공장,A,799,33,95.87,23.221526908635795,45.46720901126408,2.7989862327909885
2023-04-13,ULN,울산공장,B,848,30,96.46,22.93054245283019,44.735849056603776,2.7868867924528304
2023-04-13,ULN,울산공장,C,109,2,98.17,22.834862385321102,44.789908256880736,2.8259633027522932
2023-04-14,ASN,아산공장,A,495,32,93.54,23.05090909090909,44.89515151515151,2.7925858585858583
2023-04-14,ASN,아산공장,B,473,20,95.77,23.11902748414376,45.439323467230444,2.79953488372093
2023-04-14,ASN,아산공장,C,54,0,100.0,22.987037037037037,45.9537037037037,2.804074074074074
2023-04-14,GWJ,광주공장,A,280,9,96.79,23.0175,44.475,2.78975
2023-04-14,GWJ,광주공장,B,287,15,94.77,23.070731707317073,45.20418118466899,2.806689895470383
2023-04-14,GWJ,광주공장,C,30,2,93.33,23.126666666666665,45.763333333333335,2.731666666666667
2023-04-14,HWS,화성공장,A,277,9,96.75,22.794584837545127,45.185559566787,2.79072202166065
2023-04-14,HWS,화성공장,B,276,8,97.1,22.92391304347826,45.219565217391306,2.799891304347826
2023-04-14,HWS,화성공장,C,53,4,92.45,22.022641509433964,46.87169811320754,2.7660377358490567
2023-04-14,ULN,울산공장,A,853,42,95.08,22.855334114888628,45.081594372801874,2.795767878077374
2023-04-14,ULN,울산공장,B,877,39,95.55,22.892474344355758,45.12519954389966,2.7992474344355758
2023-04-14,ULN,울산공장,C,84,6,92.86,22.30595238095238,43.56785714285714,2.8026190476190473
2023-04-15,ASN,아산공장,A,502,20,96.02,23.05916334661355,44.62011952191235,2.8132669322709165
2023-04-15,ASN,아산공장,B,443,12,97.29,23.203611738148986,45.41286681715576,2.8067494356659144
2023-04-15,ASN,아산공장,C,56,3,94.64,22.605357142857144,46.292857142857144,2.8651785714285714
2023-04-15,GWJ,광주공장,A,262,15,94.27,23.038549618320612,44.73664122137404,2.762442748091603
2023-04-15,GWJ,광주공장,B,281,6,97.86,22.629537366548043,44.472241992882566,2.8298576512455518
2023-04-15,GWJ,광주공장,C,37,2,94.59,22.767567567567568,44.04324324324324,2.761081081081081
2023-04-15,HWS,화성공장,A,310,15,95.16,22.78290322580645,45.12193548387096,2.7859354838709676
2023-04-15,HWS,화성공장,B,308,7,97.73,22.857792207792208,45.17435064935065,2.794448051948052
2023-04-15,HWS,화성공장,C,33,1,96.97,23.15757575757576,43.99090909090909,2.7854545454545456
2023-04-15,ULN,울산공장,A,871,29,96.67,23.019288174512056,44.813088404133175,2.7881859931113664
2023-04-15,ULN,울산공장,B,838,40,95.23,23.132219570405727,45.07768496420048,2.793926014319809
2023-04-15,ULN,울산공장,C,98,6,93.88,23.066326530612244,43.33571428571428,2.7453061224489796
2023-04-16,ASN,아산공장,A,470,15,96.81,22.914468085106382,44.83106382978723,2.7905531914893618
2023-04-16,ASN,아산공장,B,468,19,95.94,23.12649572649573,44.919444444444444,2.8124786324786326
2023-04-16,ASN,아산공장,C,56,3,94.64,22.860714285714288,43.669642857142854,2.775892857142857
2023-04-16,GWJ,광주공장,A,290,13,95.52,22.738275862068967,44.7796551724138,2.848
2023-04-16,GWJ,광주공장,B,250,13,94.8,22.912,44.3996,2.7872
2023-04-16,GWJ,광주공장,C,32,0,100.0,22.50625,46.85,2.744375
2023-04-16,HWS,화성공장,A,263,7,97.34,23.057414448669203,45.86539923954373,2.787148288973384
2023-04-16,HWS,화성공장,B,269,10,96.28,23.00185873605948,44.11486988847584,2.7988104089219332
2023-04-16,HWS,화성공장,C,41,1,97.56,23.62439024390244,48.27560975609756,2.8341463414634145
2023-04-16,ULN,울산공장,A,813,29,96.43,22.785239852398526,45.013038130381304,2.7967650676506763
2023-04-16,ULN,울산공장,B,848,33,96.11,22.937735849056605,44.388679245283015,2.777806603773585
2023-04-16,ULN,울산공장,C,110,9,91.82,23.134545454545457,45.79818181818182,2.804
2023-04-17,ASN,아산공장,A,487,22,95.48,22.998151950718686,44.9394250513347,2.801622176591376
2023-04-17,ASN,아산공장,B,471,20,95.75,22.99447983014862,45.027176220806794,2.7822292993630575
2023-04-17,ASN,아산공장,C,49,2,95.92,23.124489795918365,44.36938775510204,2.700204081632653
2023-04-17,GWJ,광주공장,A,270,8,97.04,23.06962962962963,46.02962962962963,2.8028518518518517
2023-04-17,GWJ,광주공장,B,261,8,96.93,23.0904214559387,45.84827586206897,2.828352490421456
2023-04-17,GWJ,광주공장,C,46,2,95.65,23.07608695652174,44.77608695652174,2.9034782608695653
2023-04-17,HWS,화성공장,A,281,11,96.09,23.026334519572952,45.1220640569395,2.809964412811388
2023-04-17,HWS,화성공장,B,306,15,95.1,23.072222222222223,45.8578431372549,2.78281045751634
2023-04-17,HWS,화성공장,C,34,5,85.29,23.150000000000002,45.84705882352941,2.7600000000000002
2023-04-17,ULN,울산공장,A,863,39,95.48,22.950405561993048,44.74241019698725,2.8111471610660486
2023-04-17,ULN,울산공장,B,821,31,96.22,22.90694275274056,44.91766138855055,2.807186358099878
2023-04-17,ULN,울산공장,C,97,10,89.69,22.690721649484537,44.73505154639175,2.8331958762886598
2023-04-18,ASN,아산공장,A,515,13,97.48,23.221941747572814,44.343300970873784,2.8054174757281554
2023-04-18,ASN,아산공장,B,476,13,97.27,23.064285714285717,45.30063025210084,2.8358823529411765
2023-04-18,ASN,아산공장,C,46,1,97.83,23.29565217391304,45.03260869565217,2.8039130434782606
2023-04-18,GWJ,광주공장,A,291,14,95.19,23.328178694158076,44.59140893470791,2.772783505154639
2023-04-18,GWJ,광주공장,B,270,11,95.93,22.993333333333332,45.516666666666666,2.77837037037037
2023-04-18,GWJ,광주공장,C,25,2,92.0,22.744,46.98,2.8360000000000003
2023-04-18,HWS,화성공장,A,284,4,98.59,22.861267605633802,45.30035211267605,2.7904577464788733
2023-04-18,HWS,화성공장,B,268,12,95.52,22.822014925373136,45.49776119402985,2.7891791044776117
2023-04-18,HWS,화성공장,C,36,1,97.22,23.288888888888888,46.91388888888889,2.898888888888889
2023-04-18,ULN,울산공장,A,856,45,94.74,23.085630841121496,44.94953271028038,2.77678738317757
2023-04-18,ULN,울산공장,B,825,36,95.64,23.015878787878787,44.853696969696976,2.812242424242424
2023-04-18,ULN,울산공장,C,95,4,95.79,23.158947368421053,44.8821052631579,2.800315789473684
2023-04-19,ASN,아산공장,A,486,24,95.06,23.09320987654321,44.19094650205761,2.785432098765432
2023-04-19,ASN,아산공장,B,487,23,95.28,23.103901437371665,45.3523613963039,2.780041067761807
2023-04-19,ASN,아산공장,C,71,3,95.77,23.06619718309859,45.11408450704225,2.729718309859155
2023-04-19,GWJ,광주공장,A,293,11,96.25,23.0518771331058,45.37986348122867,2.80962457337884
2023-04-19,GWJ,광주공장,B,296,13,95.61,22.94087837837838,44.83885135135135,2.8126013513513515
2023-04-19,GWJ,광주공장,C,35,1,97.14,22.720000000000002,44.05142857142857,2.7994285714285714
2023-04-19,HWS,화성공장,A,258,13,94.96,23.168217054263565,44.629457364341086,2.815736434108527
2023-04-19,HWS,화성공장,B,294,8,97.28,22.87142857142857,45.17074829931973,2.8147278911564624
2023-04-19,HWS,화성공장,C,41,1,97.56,23.336585365853658,45.22195121951219,2.8021951219512196
2023-04-19,ULN,울산공장,A,878,39,95.56,23.15455580865604,44.812414578587706,2.811822323462415
2023-04-19,ULN,울산공장,B,841,37,95.6,22.97907253269917,45.32033293697979,2.8071581450653986
2023-04-19,ULN,울산공장,C,115,12,89.57,23.166956521739127,45.482608695652175,2.7962608695652174
2023-04-20,ASN,아산공장,A,490,13,97.35,22.709795918367345,44.83265306122449,2.805510204081633
2023-04-20,ASN,아산공장,B,466,16,96.57,23.162231759656652,45.56673819742489,2.808755364806867
2023-04-20,ASN,아산공장,C,53,4,92.45,22.892452830188677,44.971698113207545,2.8335849056603775
2023-04-20,GWJ,광주공장,A,267,11,95.88,22.994756554307116,45.14644194756554,2.783445692883895
2023-04-20,GWJ,광주공장,B,282,16,94.33,23.075886524822693,44.64716312056738,2.8209574468085106
2023-04-20,GWJ,광주공장,C,37,2,94.59,23.002702702702702,45.57837837837838,2.8013513513513515
2023-04-20,HWS,화성공장,A,278,17,93.88,22.787410071942446,44.56402877697842,2.810179856115108
2023-04-20,HWS,화성공장,B,303,9,97.03,22.816831683168317,44.74686468646865,2.790990099009901
2023-04-20,HWS,화성공장,C,40,2,95.0,23.43,43.985,2.8015
2023-04-20,ULN,울산공장,A,867,36,95.85,22.95836216839677,44.8997693194925,2.783540945790081
2023-04-20,ULN,울산공장,B,852,24,97.18,23.071830985915494,45.19507042253521,2.7962206572769954
2023-04-20,ULN,울산공장,C,97,6,93.81,22.983505154639175,45.61752577319587,2.7780412371134022
2023-04-21,ASN,아산공장,A,435,18,95.86,22.80712643678161,44.395172413793105,2.8115402298850576
2023-04-21,ASN,아산공장,B,469,21,95.52,23.2545842217484,45.46268656716418,2.7762686567164176
2023-04-21,ASN,아산공장,C,71,6,91.55,23.190140845070424,45.081690140845076,2.7756338028169014
2023-04-21,GWJ,광주공장,A,268,12,95.52,22.834701492537313,44.64626865671642,2.783320895522388
2023-04-21,GWJ,광주공장,B,256,8,96.88,23.14765625,45.130078125,2.78015625
2023-04-21,GWJ,광주공장,C,36,1,97.22,23.580555555555556,44.49444444444444,2.852222222222222
2023-04-21,HWS,화성공장,A,289,16,94.46,23.27993079584775,44.207958477508654,2.8142906574394466
2023-04-21,HWS,화성공장,B,304,12,96.05,22.95328947368421,45.348684210526315,2.786940789473684
2023-04-21,HWS,화성공장,C,37,2,94.59,23.39189189189189,42.554054054054056,2.7781081081081083
2023-04-21,ULN,울산공장,A,800,25,96.88,22.956374999999998,45.22675,2.7948125
2023-04-21,ULN,울산공장,B,865,30,96.53,22.952138728323696,45.064161849710985,2.8066127167630057
2023-04-21,ULN,울산공장,C,106,9,91.51,23.283962264150944,43.99339622641509,2.786132075471698
2023-04-22,ASN,아산공장,A,502,24,95.22,23.245019920318725,45.01334661354582,2.8031274900398406
2023-04-22,ASN,아산공장,B,454,14,96.92,22.886784140969162,45.26585903083701,2.771189427312775
2023-04-22,ASN,아산공장,C,60,3,95.0,23.021666666666665,44.598333333333336,2.8616666666666664
2023-04-22,GWJ,광주공장,A,289,17,94.12,22.870934256055364,44.350865051903114,2.804221453287197
2023-04-22,GWJ,광주공장,B,273,10,96.34,22.606593406593408,44.98131868131868,2.7984981684981687
2023-04-22,GWJ,광주공장,C,41,2,95.12,22.809756097560978,44.84390243902439,2.731951219512195
2023-04-22,HWS,화성공장,A,279,11,96.06,22.906451612903226,44.42114695340502,2.795412186379928
2023-04-22,HWS,화성공장,B,244,8,96.72,22.84016393442623,44.751639344262294,2.848811475409836
2023-04-22,HWS,화성공장,C,36,2,94.44,23.313888888888886,46.28888888888889,2.7558333333333334
2023-04-22,ULN,울산공장,A,826,32,96.13,23.033898305084747,44.699999999999996,2.795290556900726
2023-04-22,ULN,울산공장,B,891,24,97.31,23.199214365881033,45.21290684624017,2.810763187429854
2023-04-22,ULN,울산공장,C,95,7,92.63,22.986315789473682,44.94210526315789,2.7646315789473683
2023-04-23,ASN,아산공장,A,460,15,96.74,23.100434782608698,45.3004347826087,2.7960434782608696
2023-04-23,ASN,아산공장,B,468,20,95.73,22.845299145299148,44.95277777777778,2.7689957264957266
2023-04-23,ASN,아산공장,C,75,5,93.33,22.725333333333335,43.092,2.7845333333333335
2023-04-23,GWJ,광주공장,A,287,7,97.56,22.985714285714284,44.682578397212545,2.8117421602787456
2023-04-23,GWJ,광주공장,B,274,9,96.72,23.18284671532847,46.25036496350365,2.7988321167883212
2023-04-23,GWJ,광주공장,C,38,0,100.0,23.878947368421052,43.71842105263158,2.9460526315789473
2023-04-23,HWS,화성공장,A,269,9,96.65,22.925650557620816,44.11078066914498,2.7821561338289964
2023-04-23,HWS,화성공장,B,289,16,94.46,22.920415224913494,44.48650519031142,2.832318339100346
2023-04-23,HWS,화성공장,C,30,2,93.33,22.02,42.70666666666667,2.7993333333333337
2023-04-23,ULN,울산공장,A,863,37,95.71,23.171726535341833,45.04831981460023,2.791147161066049
2023-04-23,ULN,울산공장,B,844,27,96.8,22.818483412322273,45.43127962085308,2.8165284360189573
2023-04-23,ULN,울산공장,C,108,5,95.37,22.94074074074074,44.49444444444444,2.8175000000000003
2023-04-24,ASN,아산공장,A,501,20,96.01,23.223952095808386,45.800399201596804,2.801736526946108
2023-04-24,ASN,아산공장,B,465,12,97.42,22.90301075268817,45.031397849462365,2.8151397849462363
2023-04-24,ASN,아산공장,C,63,3,95.24,23.147619047619045,45.784126984126985,2.872063492063492
2023-04-24,GWJ,광주공장,A,280,9,96.79,22.4475,45.67642857142857,2.8122142857142856
2023-04-24,GWJ,광주공장,B,276,12,95.65,23.161231884057973,44.72028985507246,2.8012681159420287
2023-04-24,GWJ,광주공장,C,42,3,92.86,23.59285714285714,44.97380952380953,2.7745238095238096
2023-04-24,HWS,화성공장,A,301,16,94.68,23.067441860465117,45.3531561461794,2.7946179401993354
2023-04-24,HWS,화성공장,B,281,8,97.15,23.00711743772242,45.232028469750894,2.7784341637010677
2023-04-24,HWS,화성공장,C,27,1,96.3,23.1,46.01111111111111,2.838888888888889
2023-04-24,ULN,울산공장,A,859,31,96.39,23.01722933643772,45.45715948777648,2.808812572759022
2023-04-24,ULN,울산공장,B,865,30,96.53,23.126589595375723,44.86404624277457,2.8200809248554912
2023-04-24,ULN,울산공장,C,125,9,92.8,23.008,45.388,2.78016
2023-04-25,ASN,아산공장,A,500,26,94.8,22.9054,45.5182,2.7876999999999996
2023-04-25,ASN,아산공장,B,468,23,95.09,22.91474358974359,45.42606837606838,2.787542735042735
2023-04-25,ASN,아산공장,C,55,4,92.73,22.930909090909093,45.96,2.880181818181818
2023-04-25,GWJ,광주공장,A,306,12,96.08,22.945751633986927,45.333333333333336,2.7965359477124183
2023-04-25,GWJ,광주공장,B,258,9,96.51,23.22906976744186,45.207364341085274,2.8359302325581393
2023-04-25,GWJ,광주공장,C,25,0,100.0,22.2,44.964,2.8304
2023-04-25,HWS,화성공장,A,297,11,96.3,22.855218855218855,45.59528619528619,2.7953872053872053
2023-04-25,HWS,화성공장,B,310,13,95.81,22.923548387096776,45.458387096774196,2.819
2023-04-25,HWS,화성공장,C,36,0,100.0,21.6,45.77777777777778,2.854444444444445
2023-04-25,ULN,울산공장,A,865,43,95.03,22.912601156069364,45.29387283236994,2.817734104046243
2023-04-25,ULN,울산공장,B,908,32,96.48,23.130506607929515,45.425330396475765,2.7854295154185023
2023-04-25,ULN,울산공장,C,112,4,96.43,22.62767857142857,45.825892857142854,2.824017857142857
2023-04-26,ASN,아산공장,A,487,16,96.71,23.041273100616017,44.653798767967146,2.819199178644764
2023-04-26,ASN,아산공장,B,476,21,95.59,23.00672268907563,44.92752100840336,2.7943907563025214
2023-04-26,ASN,아산공장,C,43,1,97.67,22.409302325581397,45.01162790697674,2.7506976744186047
2023-04-26,GWJ,광주공장,A,263,15,94.3,23.51292775665399,45.32699619771863,2.778555133079848
2023-04-26,GWJ,광주공장,B,303,8,97.36,23.133003300330035,45.054455445544555,2.7988778877887786
2023-04-26,GWJ,광주공장,C,35,0,100.0,23.00857142857143,43.86571428571428,2.726857142857143
2023-04-26,HWS,화성공장,A,293,11,96.25,22.75051194539249,44.87440273037543,2.80679180887372
2023-04-26,HWS,화성공장,B,277,8,97.11,22.86101083032491,45.53357400722022,2.804187725631769
2023-04-26,HWS,화성공장,C,33,3,90.91,22.745454545454546,44.5030303030303,2.855151515151515
2023-04-26,ULN,울산공장,A,908,39,95.7,22.983370044052865,44.79295154185022,2.787940528634361
2023-04-26,ULN,울산공장,B,841,32,96.2,22.747443519619498,44.679548156956,2.802390011890606
2023-04-26,ULN,울산공장,C,97,5,94.85,22.990721649484534,44.573195876288665,2.7619587628865983
2023-04-27,ASN,아산공장,A,453,17,96.25,23.16467991169978,45.271081677704196,2.7856953642384106
2023-04-27,ASN,아산공장,B,454,17,96.26,22.772246696035243,44.71497797356828,2.79784140969163
2023-04-27,ASN,아산공장,C,69,7,89.86,23.366666666666667,46.20579710144927,2.7830434782608697
2023-04-27,GWJ,광주공장,A,279,9,96.77,23.187813620071683,44.11648745519713,2.791827956989247
2023-04-27,GWJ,광주공장,B,295,6,97.97,23.030508474576273,45.31559322033898,2.78671186440678
2023-04-27,GWJ,광주공장,C,34,2,94.12,23.294117647058822,42.65294117647059,2.8614705882352944
2023-04-27,HWS,화성공장,A,294,11,96.26,23.07312925170068,45.488775510204086,2.789421768707483
2023-04-27,HWS,화성공장,B,278,8,97.12,22.87769784172662,44.924820143884894,2.7684172661870505
2023-04-27,HWS,화성공장,C,38,1,97.37,23.68421052631579,45.18421052631579,2.846578947368421
2023-04-27,ULN,울산공장,A,864,32,96.3,23.21840277777778,44.981944444444444,2.813101851851852
2023-04-27,ULN,울산공장,B,836,40,95.22,22.928588516746412,45.01602870813397,2.8008133971291866
2023-04-27,ULN,울산공장,C,102,6,94.12,23.16176470588235,46.69509803921568,2.82343137254902
2023-04-28,ASN,아산공장,A,453,17,96.25,22.894701986754967,45.32008830022075,2.802008830022075
2023-04-28,ASN,아산공장,B,484,19,96.07,22.872314049586777,45.2456611570248,2.781115702479339
2023-04-28,ASN,아산공장,C,59,4,93.22,22.65084745762712,42.455932203389835,2.789830508474576
2023-04-28,GWJ,광주공장,A,269,10,96.28,23.24907063197026,45.37360594795539,2.7847583643122675
2023-04-28,GWJ,광주공장,B,289,8,97.23,23.022837370242215,44.43425605536332,2.8132179930795846
2023-04-28,GWJ,광주공장,C,36,0,100.0,23.683333333333334,45.74722222222223,2.8175000000000003
2023-04-28,HWS,화성공장,A,284,7,97.54,23.169014084507044,45.17112676056338,2.8011971830985916
2023-04-28,HWS,화성공장,B,258,3,98.84,23.29922480620155,45.09496124031008,2.7663953488372095
2023-04-28,HWS,화성공장,C,49,7,85.71,22.810204081632655,44.26938775510204,2.7683673469387755
2023-04-28,ULN,울산공장,A,871,32,96.33,23.020091848450058,45.06349024110219,2.816532721010333
2023-04-28,ULN,울산공장,B,812,41,94.95,23.145073891625614,44.93669950738916,2.786958128078818
2023-04-28,ULN,울산공장,C,97,9,90.72,22.927835051546392,46.35670103092784,2.801649484536082
2023-04-29,ASN,아산공장,A,468,17,96.37,22.698504273504273,44.69850427350428,2.7964102564102564
2023-04-29,ASN,아산공장,B,463,19,95.9,22.832613390928724,45.076025917926565,2.7870194384449247
2023-04-29,ASN,아산공장,C,57,2,96.49,22.778947368421054,43.74912280701754,2.818947368421053
2023-04-29,GWJ,광주공장,A,293,9,96.93,22.945392491467576,45.776109215017065,2.7948464163822524
2023-04-29,GWJ,광주공장,B,266,12,95.49,22.75563909774436,44.05187969924812,2.7903383458646616
2023-04-29,GWJ,광주공장,C,33,2,93.94,23.257575757575758,43.94242424242424,2.762121212121212
2023-04-29,HWS,화성공장,A,257,14,94.55,23.454863813229572,45.19883268482491,2.798326848249027
2023-04-29,HWS,화성공장,B,271,7,97.42,22.90590405904059,45.42361623616236,2.817822878228782
2023-04-29,HWS,화성공장,C,33,2,93.94,23.303030303030305,45.45151515151515,2.746060606060606
2023-04-29,ULN,울산공장,A,784,27,96.56,22.993367346938776,44.56619897959184,2.7945153061224492
2023-04-29,ULN,울산공장,B,838,39,95.35,23.102267303102625,44.85131264916468,2.809797136038186
2023-04-29,ULN,울산공장,C,107,4,96.26,23.75607476635514,44.53551401869159,2.854018691588785
2023-04-30,ASN,아산공장,A,508,24,95.28,22.882874015748033,44.76338582677165,2.7967913385826773
2023-04-30,ASN,아산공장,B,455,7,98.46,22.978901098901098,44.71120879120879,2.7983956043956044
2023-04-30,ASN,아산공장,C,59,5,91.53,23.38135593220339,44.00677966101695,2.8111864406779663
2023-04-30,GWJ,광주공장,A,260,10,96.15,23.199615384615385,44.658076923076926,2.802576923076923
2023-04-30,GWJ,광주공장,B,291,14,95.19,22.78144329896907,44.822680412371135,2.818109965635739
2023-04-30,GWJ,광주공장,C,35,2,94.29,23.01142857142857,46.01714285714286,2.802285714285714
2023-04-30,HWS,화성공장,A,272,11,95.96,22.952573529411765,45.19154411764706,2.799264705882353
2023-04-30,HWS,화성공장,B,303,9,97.03,23.046864686468645,45.72904290429043,2.7926732673267325
2023-04-30,HWS,화성공장,C,30,5,83.33,22.946666666666665,45.07666666666667,2.7453333333333334
2023-04-30,ULN,울산공장,A,806,43,94.67,22.939454094292806,45.68250620347394,2.805818858560794
2023-04-30,ULN,울산공장,B,872,30,96.56,23.106192660550455,45.17568807339449,2.8030619266055044
2023-04-30,ULN,울산공장,C,108,6,94.44,22.96203703703704,45.464814814814815,2.8208333333333333
2023-05-01,ASN,아산공장,A,473,24,94.93,23.20021141649049,44.83319238900634,2.775665961945032
2023-05-01,ASN,아산공장,B,430,19,95.58,23.045813953488373,44.94720930232558,2.8124186046511626
2023-05-01,ASN,아산공장,C,56,1,98.21,22.96607142857143,45.10892857142857,2.7692857142857146
2023-05-01,GWJ,광주공장,A,279,8,97.13,22.98853046594982,45.75161290322581,2.823799283154122
2023-05-01,GWJ,광주공장,B,245,7,97.14,23.054285714285715,44.866530612244894,2.8071836734693876
2023-05-01,GWJ,광주공장,C,38,2,94.74,22.61842105263158,46.955263157894734,2.73078947368421
2023-05-01,HWS,화성공장,A,280,16,94.29,22.930714285714288,45.223214285714285,2.784142857142857
2023-05-01,HWS,화성공장,B,286,7,97.55,22.966433566433565,44.832867132867136,2.793846153846154
2023-05-01,HWS,화성공장,C,33,2,93.94,23.687878787878788,43.21212121212121,2.6951515151515153
2023-05-01,ULN,울산공장,A,837,35,95.82,22.934408602150537,44.90179211469535,2.804301075268817
2023-05-01,ULN,울산공장,B,916,35,96.18,22.921179039301308,45.195742358078604,2.812085152838428
2023-05-01,ULN,울산공장,C,93,3,96.77,22.978494623655912,44.45268817204301,2.8033333333333332
2023-05-02,ASN,아산공장,A,445,18,95.96,23.134157303370788,44.54741573033708,2.810112359550562
2023-05-02,ASN,아산공장,B,494,22,95.55,22.9334008097166,44.78178137651822,2.8090485829959517
2023-05-02,ASN,아산공장,C,55,2,96.36,22.69090909090909,44.51272727272727,2.8245454545454542
2023-05-02,GWJ,광주공장,A,284,10,96.48,23.110211267605635,45.35704225352112,2.795176056338028
2023-05-02,GWJ,광주공장,B,231,11,95.24,22.903030303030306,45.72857142857143,2.8000865800865804
2023-05-02,GWJ,광주공장,C,43,0,100.0,23.01860465116279,44.80232558139535,2.8534883720930235
2023-05-02,HWS,화성공장,A,281,11,96.09,22.683985765124554,45.596797153024916,2.7826690391459072
2023-05-02,HWS,화성공장,B,306,7,97.71,23.114705882352943,44.99771241830065,2.7729084967320263
2023-05-02,HWS,화성공장,C,46,3,93.48,23.01521739130435,45.74130434782609,2.735217391304348
2023-05-02,ULN,울산공장,A,903,32,96.46,23.005094130675523,44.905426356589146,2.7891140642303434
2023-05-02,ULN,울산공장,B,850,29,96.59,22.915176470588236,44.954941176470584,2.792388235294118
2023-05-02,ULN,울산공장,C,103,7,93.2,22.844660194174757,45.332038834951454,2.852815533980582
2023-05-03,ASN,아산공장,A,453,20,95.58,23.06777041942605,45.185209713024285,2.8025165562913905
2023-05-03,ASN,아산공장,B,482,21,95.64,23.025933609958507,44.3545643153527,2.808879668049793
2023-05-03,ASN,아산공장,C,53,3,94.34,23.130188679245286,44.83773584905661,2.7158490566037736
2023-05-03,GWJ,광주공장,A,277,9,96.75,23.05018050541516,45.34476534296029,2.7920577617328517
2023-05-03,GWJ,광주공장,B,260,10,96.15,23.064615384615387,45.323076923076925,2.826769230769231
2023-05-03,GWJ,광주공장,C,22,0,100.0,23.44090909090909,45.02727272727273,2.7627272727272727
2023-05-03,HWS,화성공장,A,260,13,95.0,23.045384615384616,44.33615384615384,2.7620384615384617
2023-05-03,HWS,화성공장,B,275,13,95.27,23.033818181818184,44.40181818181818,2.793127272727273
2023-05-03,HWS,화성공장,C,32,2,93.75,23.359375,43.6125,2.8134375
2023-05-03,ULN,울산공장,A,820,43,94.76,23.02573170731707,44.67121951219512,2.7862682926829265
2023-05-03,ULN,울산공장,B,884,26,97.06,23.03076923076923,44.950904977375565,2.7906674208144793
2023-05-03,ULN,울산공장,C,105,10,90.48,23.20190476190476,44.54666666666666,2.8579999999999997
2023-05-04,ASN,아산공장,A,476,12,97.48,23.01953781512605,44.819117647058825,2.804075630252101
2023-05-04,ASN,아산공장,B,447,16,96.42,23.16487695749441,45.248993288590604,2.805950782997763
2023-05-04,ASN,아산공장,C,63,7,88.89,23.96666666666667,42.92063492063492,2.902539682539683
2023-05-04,GWJ,광주공장,A,297,22,92.59,23.13198653198653,45.398989898989896,2.7895622895622894
2023-05-04,GWJ,광주공장,B,295,11,96.27,22.766101694915253,45.46203389830508,2.78128813559322
2023-05-04,GWJ,광주공장,C,39,1,97.44,22.44871794871795,44.93846153846154,2.718717948717949
2023-05-04,HWS,화성공장,A,270,8,97.04,22.714814814814815,44.96740740740741,2.7882222222222226
2023-05-04,HWS,화성공장,B,271,11,95.94,23.14280442804428,45.45682656826568,2.772214022140221
2023-05-04,HWS,화성공장,C,38,2,94.74,23.413157894736845,45.61842105263158,2.8589473684210525
2023-05-04,ULN,울산공장,A,852,32,96.24,23.15586854460094,44.91255868544601,2.805199530516432
2023-05-04,ULN,울산공장,B,874,43,95.08,23.116819221967962,45.18489702517162,2.8123913043478264
2023-05-04,ULN,울산공장,C,105,4,96.19,23.15142857142857,43.73619047619048,2.8715238095238096
2023-05-05,ASN,아산공장,A,500,25,95.0,22.9022,45.420199999999994,2.8254200000000003
2023-05-05,ASN,아산공장,B,491,19,96.13,23.131160896130346,45.38126272912424,2.8226476578411406
2023-05-05,ASN,아산공장,C,55,6,89.09,23.203636363636363,47.345454545454544,2.7640000000000002
2023-05-05,GWJ,광주공장,A,288,17,94.1,23.175694444444446,44.29340277777778,2.823611111111111
2023-05-05,GWJ,광주공장,B,276,10,96.38,23.005434782608695,44.66521739130435,2.7653985507246377
2023-05-05,GWJ,광주공장,C,36,4,88.89,22.941666666666666,45.63055555555556,2.855277777777778
2023-05-05,HWS,화성공장,A,288,11,96.18,23.204166666666666,45.140277777777776,2.846840277777778
2023-05-05,HWS,화성공장,B,275,11,96.0,22.98690909090909,44.647636363636366,2.790872727272727
2023-05-05,HWS,화성공장,C,46,3,93.48,22.506521739130434,43.96739130434783,2.8915217391304346
2023-05-05,ULN,울산공장,A,838,30,96.42,22.867780429594273,44.76670644391408,2.8175059665871123
2023-05-05,ULN,울산공장,B,821,32,96.1,23.02704019488429,44.897807551766135,2.7905481120584654
2023-05-05,ULN,울산공장,C,105,4,96.19,22.72,44.6847619047619,2.8228571428571425
2023-05-06,ASN,아산공장,A,474,17,96.41,22.765400843881856,45.868354430379746,2.8176160337552743
2023-05-06,ASN,아산공장,B,467,19,95.93,22.919700214132764,44.78586723768736,2.8029978586723767
2023-05-06,ASN,아산공장,C,65,1,98.46,23.084615384615386,45.80769230769231,2.7526153846153845
2023-05-06,GWJ,광주공장,A,283,11,96.11,23.367137809187277,44.52720848056537,2.765229681978799
2023-05-06,GWJ,광주공장,B,291,13,95.53,22.69003436426117,44.51786941580756,2.784054982817869
2023-05-06,GWJ,광주공장,C,36,3,91.67,22.916666666666668,45.455555555555556,2.828611111111111
2023-05-06,HWS,화성공장,A,276,17,93.84,22.920652173913044,44.78768115942029,2.8193115942028983
2023-05-06,HWS,화성공장,B,255,10,96.08,23.230980392156862,45.30980392156863,2.77756862745098
2023-05-06,HWS,화성공장,C,32,5,84.38,23.41875,45.871875,2.835
2023-05-06,ULN,울산공장,A,835,40,95.21,23.02071856287425,45.15437125748503,2.7709221556886225
2023-05-06,ULN,울산공장,B,831,28,96.63,22.909987966305657,44.891696750902526,2.794705174488568
2023-05-06,ULN,울산공장,C,125,7,94.4,22.787200000000002,46.349599999999995,2.7973600000000003
2023-05-07,ASN,아산공장,A,459,21,95.42,23.016122004357296,45.41503267973856,2.8198474945533767
2023-05-07,ASN,아산공장,B,446,16,96.41,22.789910313901345,45.12197309417041,2.79390134529148
2023-05-07,ASN,아산공장,C,64,4,93.75,22.9453125,43.3640625,2.77734375
2023-05-07,GWJ,광주공장,A,252,13,94.84,22.903174603174605,44.44325396825397,2.7811507936507938
2023-05-07,GWJ,광주공장,B,239,13,94.56,23.02594142259414,45.72217573221757,2.7772803347280335
2023-05-07,GWJ,광주공장,C,27,2,92.59,22.21851851851852,42.91851851851852,2.774814814814815
2023-05-07,HWS,화성공장,A,289,8,97.23,23.005190311418684,44.83494809688581,2.7963321799307956
2023-05-07,HWS,화성공장,B,288,15,94.79,22.984027777777776,45.90277777777778,2.8080208333333334
2023-05-07,HWS,화성공장,C,44,1,97.73,23.056818181818183,45.38409090909091,2.788409090909091
2023-05-07,ULN,울산공장,A,878,33,96.24,23.1374715261959,45.23348519362187,2.790478359908884
2023-05-07,ULN,울산공장,B,851,33,96.12,22.860164512338425,45.079553466509985,2.808119858989424
2023-05-07,ULN,울산공장,C,94,12,87.23,22.832978723404256,46.05106382978724,2.751382978723404
2023-05-08,ASN,아산공장,A,462,17,96.32,23.008441558441557,44.87987012987013,2.823138528138528
2023-05-08,ASN,아산공장,B,490,21,95.71,22.65448979591837,45.1604081632653,2.7984081632653064
2023-05-08,ASN,아산공장,C,54,7,87.04,22.63888888888889,47.01296296296296,2.819814814814815
2023-05-08,GWJ,광주공장,A,289,8,97.23,22.899307958477507,44.437024221453285,2.7655363321799307
2023-05-08,GWJ,광주공장,B,293,12,95.9,23.0518771331058,45.351535836177476,2.791160409556314
2023-05-08,GWJ,광주공장,C,36,2,94.44,22.033333333333335,44.96666666666667,2.7905555555555557
2023-05-08,HWS,화성공장,A,283,15,94.7,23.05159010600707,45.20424028268551,2.7857597173144875
2023-05-08,HWS,화성공장,B,283,9,96.82,23.036395759717315,45.49434628975265,2.805583038869258
2023-05-08,HWS,화성공장,C,34,2,94.12,23.00588235294118,46.508823529411764,2.6894117647058824
2023-05-08,ULN,울산공장,A,863,31,96.41,22.9513325608343,44.88586326767091,2.7983893395133257
2023-05-08,ULN,울산공장,B,812,32,96.06,22.838300492610838,45.2435960591133,2.798103448275862
2023-05-08,ULN,울산공장,C,101,5,95.05,23.275247524752476,45.21782178217822,2.808019801980198
2023-05-09,ASN,아산공장,A,506,25,95.06,22.790316205533596,44.54268774703557,2.767865612648221
2023-05-09,ASN,아산공장,B,492,25,94.92,23.00630081300813,45.23150406504065,2.7990650406504067
2023-05-09,ASN,아산공장,C,64,2,96.88,23.2375,43.428125,2.8446875
2023-05-09,GWJ,광주공장,A,270,12,95.56,22.885555555555555,45.16148148148148,2.8254074074074076
2023-05-09,GWJ,광주공장,B,278,21,92.45,22.878057553956836,44.832014388489206,2.743920863309352
2023-05-09,GWJ,광주공장,C,37,3,91.89,23.613513513513514,47.23513513513514,2.7791891891891893
2023-05-09,HWS,화성공장,A,276,13,95.29,22.78405797101449,45.01123188405797,2.8009782608695653
2023-05-09,HWS,화성공장,B,280,10,96.43,23.06107142857143,44.74035714285714,2.817857142857143
2023-05-09,HWS,화성공장,C,29,2,93.1,22.906896551724138,41.87586206896552,2.8641379310344828
2023-05-09,ULN,울산공장,A,893,35,96.08,23.044792833146698,45.1568868980963,2.7792609182530796
2023-05-09,ULN,울산공장,B,883,29,96.72,22.976443941109853,44.6678369195923,2.8021291053227637
2023-05-09,ULN,울산공장,C,99,5,94.95,23.16060606060606,46.25858585858586,2.772121212121212
2023-05-10,ASN,아산공장,A,498,21,95.78,22.963453815261044,44.661445783132535,2.775361445783133
2023-05-10,ASN,아산공장,B,494,8,98.38,23.101821862348178,44.86457489878542,2.804696356275304
2023-05-10,ASN,아산공장,C,70,1,98.57,23.225714285714286,44.08,2.738142857142857
2023-05-10,GWJ,광주공장,A,301,7,97.67,23.04152823920266,45.49401993355482,2.798870431893688
2023-05-10,GWJ,광주공장,B,263,12,95.44,23.066539923954373,45.00380228136882,2.8068441064638785
2023-05-10,GWJ,광주공장,C,27,2,92.59,22.94074074074074,46.61851851851852,2.6844444444444444
2023-05-10,HWS,화성공장,A,289,11,96.19,22.797231833910033,44.9840830449827,2.7859861591695503
2023-05-10,HWS,화성공장,B,279,12,95.7,22.734408602150538,45.60215053763441,2.7834767025089606
2023-05-10,HWS,화성공장,C,41,3,92.68,22.758536585365853,42.84634146341463,2.788292682926829
2023-05-10,ULN,울산공장,A,784,40,94.9,22.97908163265306,44.640943877551024,2.795267857142857
2023-05-10,ULN,울산공장,B,869,41,95.28,23.013003452243957,44.974338319907936,2.802278481012658
2023-05-10,ULN,울산공장,C,104,6,94.23,23.25769230769231,45.166346153846156,2.768173076923077
2023-05-11,ASN,아산공장,A,470,11,97.66,23.04595744680851,45.174893617021276,2.821744680851064
2023-05-11,ASN,아산공장,B,458,10,97.82,23.207641921397382,44.60480349344978,2.8022489082969435
2023-05-11,ASN,아산공장,C,50,1,98.0,23.57,42.92,2.781
2023-05-11,GWJ,광주공장,A,286,10,96.5,22.745454545454546,46.16398601398601,2.838461538461538
2023-05-11,GWJ,광주공장,B,252,7,97.22,22.597619047619048,45.294444444444444,2.8267063492063493
2023-05-11,GWJ,광주공장,C,30,1,96.67,22.48,44.236666666666665,2.8896666666666664
2023-05-11,HWS,화성공장,A,276,14,94.93,22.81268115942029,44.53768115942029,2.8367391304347827
2023-05-11,HWS,화성공장,B,276,11,96.01,22.781884057971016,44.947826086956525,2.8003623188405795
2023-05-11,HWS,화성공장,C,42,4,90.48,23.416666666666668,44.09761904761905,2.8016666666666667
2023-05-11,ULN,울산공장,A,807,33,95.91,22.85167286245353,45.04956629491946,2.8157001239157373
2023-05-11,ULN,울산공장,B,851,30,96.47,23.077790834312573,45.02855464159812,2.8151586368977672
2023-05-11,ULN,울산공장,C,132,11,91.67,22.941666666666666,44.64848484848485,2.8241666666666667
2023-05-12,ASN,아산공장,A,459,20,95.64,23.203485838779955,44.92570806100218,2.812854030501089
2023-05-12,ASN,아산공장,B,468,15,96.79,22.921153846153846,44.90662393162393,2.7918376068376065
2023-05-12,ASN,아산공장,C,50,3,94.0,22.888,46.674,2.7895999999999996
2023-05-12,GWJ,광주공장,A,260,7,97.31,23.395,45.24423076923077,2.8089615384615385
2023-05-12,GWJ,광주공장,B,268,4,98.51,22.98805970149254,44.614179104477614,2.8265671641791044
2023-05-12,GWJ,광주공장,C,41,5,87.8,22.682926829268293,42.60243902439024,2.80609756097561
2023-05-12,HWS,화성공장,A,294,7,97.62,23.237414965986396,44.97210884353741,2.8108503401360543
2023-05-12,HWS,화성공장,B,267,10,96.25,23.03820224719101,45.44719101123595,2.809737827715356
2023-05-12,HWS,화성공장,C,54,2,96.3,22.85,44.364814814814814,2.7401851851851853
2023-05-12,ULN,울산공장,A,814,26,96.81,22.98230958230958,45.357739557739556,2.7936117936117935
2023-05-12,ULN,울산공장,B,814,43,94.72,22.817690417690415,44.88390663390663,2.80527027027027
2023-05-12,ULN,울산공장,C,94,7,92.55,22.70744680851064,45.163829787234036,2.7935106382978723
2023-05-13,ASN,아산공장,A,495,34,93.13,23.14989898989899,44.567070707070705,2.7841212121212124
2023-05-13,ASN,아산공장,B,483,22,95.45,23.06190476190476,44.44285714285714,2.796335403726708
2023-05-13,ASN,아산공장,C,66,2,96.97,23.554545454545455,45.86363636363637,2.833939393939394
2023-05-13,GWJ,광주공장,A,288,16,94.44,22.965625000000003,44.61388888888889,2.806111111111111
2023-05-13,GWJ,광주공장,B,269,13,95.17,22.802973977695167,46.08736059479554,2.809888475836431
2023-05-13,GWJ,광주공장,C,32,3,90.62,23.7125,43.534375,2.8409375
2023-05-13,HWS,화성공장,A,282,10,96.45,22.77801418439716,45.72943262411348,2.8104609929078013
2023-05-13,HWS,화성공장,B,306,14,95.42,22.787908496732026,44.546732026143786,2.797712418300654
2023-05-13,HWS,화성공장,C,33,1,96.97,23.684848484848487,45.775757575757574,2.8366666666666664
2023-05-13,ULN,울산공장,A,867,42,95.16,22.966897347174164,44.69988465974625,2.8067128027681663
2023-05-13,ULN,울산공장,B,816,37,95.47,22.828308823529415,45.17328431372549,2.7860049019607844
2023-05-13,ULN,울산공장,C,110,7,93.64,22.993636363636366,43.85272727272727,2.809181818181818
2023-05-14,ASN,아산공장,A,422,15,96.45,22.992890995260662,44.33696682464455,2.806255924170616
2023-05-14,ASN,아산공장,B,426,17,96.01,22.98450704225352,44.66291079812207,2.80406103286385
2023-05-14,ASN,아산공장,C,49,3,93.88,23.171428571428574,42.97959183673469,2.7661224489795915
2023-05-14,GWJ,광주공장,A,245,18,92.65,23.028979591836737,44.7,2.750775510204082
2023-05-14,GWJ,광주공장,B,263,15,94.3,22.620152091254756,45.19201520912547,2.7915589353612167
2023-05-14,GWJ,광주공장,C,30,4,86.67,22.5,45.99666666666667,2.6863333333333332
2023-05-14,HWS,화성공장,A,278,16,94.24,22.591726618705035,46.1431654676259,2.791654676258993
2023-05-14,HWS,화성공장,B,279,13,95.34,23.15232974910394,45.20537634408602,2.793010752688172
2023-05-14,HWS,화성공장,C,32,2,93.75,23.540625,47.253125,2.7896875
2023-05-14,ULN,울산공장,A,807,30,96.28,23.016728624535315,45.037050805452296,2.8048698884758365
2023-05-14,ULN,울산공장,B,860,33,96.16,22.833837209302324,45.339069767441856,2.811988372093023
2023-05-14,ULN,울산공장,C,104,6,94.23,22.933653846153845,45.19423076923077,2.7958653846153845
2023-05-15,ASN,아산공장,A,475,27,94.32,23.29263157894737,44.47873684210526,2.802905263157895
2023-05-15,ASN,아산공장,B,473,10,97.89,22.768921775898523,44.92727272727272,2.7938054968287527
2023-05-15,ASN,아산공장,C,53,4,92.45,22.733962264150946,46.237735849056605,2.769433962264151
2023-05-15,GWJ,광주공장,A,284,8,97.18,23.396830985915493,44.81302816901408,2.7688732394366196
2023-05-15,GWJ,광주공장,B,274,14,94.89,22.835036496350366,45.35401459854015,2.7664963503649633
2023-05-15,GWJ,광주공장,C,26,4,84.62,22.534615384615385,45.5,2.858846153846154
2023-05-15,HWS,화성공장,A,304,15,95.07,23.037171052631578,45.05263157894737,2.7754605263157894
2023-05-15,HWS,화성공장,B,243,6,97.53,23.023045267489714,44.90329218106996,2.8132510288065844
2023-05-15,HWS,화성공장,C,38,3,92.11,23.25526315789474,44.652631578947364,2.88
2023-05-15,ULN,울산공장,A,838,35,95.82,22.829713603818615,44.693794749403345,2.7974821002386636
2023-05-15,ULN,울산공장,B,809,25,96.91,22.935723114956737,45.13621755253399,2.7892212608158222
2023-05-15,ULN,울산공장,C,107,7,93.46,22.85981308411215,46.42336448598131,2.8026168224299064
2023-05-16,ASN,아산공장,A,455,17,96.26,23.00945054945055,44.49824175824176,2.807912087912088
2023-05-16,ASN,아산공장,B,495,16,96.77,22.984040404040403,44.717171717171716,2.8045454545454547
2023-05-16,ASN,아산공장,C,56,3,94.64,22.619642857142857,44.55357142857143,2.789107142857143
2023-05-16,GWJ,광주공장,A,273,9,96.7,22.959340659340658,44.76630036630037,2.7974725274725274
2023-05-16,GWJ,광주공장,B,289,12,95.85,22.802768166089965,44.32283737024221,2.8151557093425605
2023-05-16,GWJ,광주공장,C,34,3,91.18,23.16764705882353,42.40882352941177,2.8358823529411765
2023-05-16,HWS,화성공장,A,292,12,95.89,23.001369863013696,44.951027397260276,2.8175342465753426
2023-05-16,HWS,화성공장,B,295,15,94.92,23.096271186440678,44.20372881355932,2.8040677966101697
2023-05-16,HWS,화성공장,C,38,2,94.74,22.07894736842105,46.26842105263158,2.845263157894737
2023-05-16,ULN,울산공장,A,870,42,95.17,23.069425287356324,45.40724137931035,2.797758620689655
2023-05-16,ULN,울산공장,B,838,31,96.3,22.951073985680193,44.698090692124104,2.7992482100238663
2023-05-16,ULN,울산공장,C,98,3,96.94,23.790816326530614,44.142857142857146,2.801938775510204
2023-05-17,ASN,아산공장,A,484,31,93.6,22.9301652892562,44.896487603305786,2.785537190082645
2023-05-17,ASN,아산공장,B,462,16,96.54,23.006277056277057,44.49545454545455,2.8035714285714284
2023-05-17,ASN,아산공장,C,55,4,92.73,22.80909090909091,45.056363636363635,2.8376363636363635
2023-05-17,GWJ,광주공장,A,293,13,95.56,23.27645051194539,46.00511945392491,2.805938566552901
2023-05-17,GWJ,광주공장,B,280,11,96.07,23.28607142857143,43.86,2.8056428571428573
2023-05-17,GWJ,광주공장,C,34,5,85.29,23.608823529411765,43.73529411764706,2.7552941176470584
2023-05-17,HWS,화성공장,A,300,9,97.0,23.099,44.825,2.7929666666666666
2023-05-17,HWS,화성공장,B,280,10,96.43,22.854642857142856,45.11785714285714,2.7788214285714288
2023-05-17,HWS,화성공장,C,47,3,93.62,23.087234042553188,44.47234042553191,2.8080851063829786
2023-05-17,ULN,울산공장,A,859,39,95.46,22.988009313154834,45.21327124563445,2.79965075669383
2023-05-17,ULN,울산공장,B,834,32,96.16,22.93812949640288,45.87997601918465,2.77968824940048
2023-05-17,ULN,울산공장,C,90,8,91.11,22.374444444444446,44.18,2.7969999999999997
2023-05-18,ASN,아산공장,A,462,20,95.67,22.998484848484846,45.212554112554116,2.7893939393939395
2023-05-18,ASN,아산공장,B,471,17,96.39,23.021868365180467,45.28535031847134,2.802314225053079
2023-05-18,ASN,아산공장,C,58,4,93.1,23.479310344827585,45.563793103448276,2.8515517241379307
2023-05-18,GWJ,광주공장,A,268,10,96.27,22.81455223880597,45.20932835820896,2.7823134328358208
2023-05-18,GWJ,광주공장,B,314,14,95.54,23.135987261146497,45.29490445859873,2.803184713375796
2023-05-18,GWJ,광주공장,C,28,1,96.43,23.457142857142856,44.56785714285714,2.8489285714285715
2023-05-18,HWS,화성공장,A,282,17,93.97,23.04078014184397,44.88191489361702,2.801560283687943
2023-05-18,HWS,화성공장,B,263,5,98.1,22.909885931558936,44.13650190114068,2.793764258555133
2023-05-18,HWS,화성공장,C,35,0,100.0,22.391428571428573,42.357142857142854,2.8320000000000003
2023-05-18,ULN,울산공장,A,833,43,94.84,23.16818727490996,45.446458583433376,2.8038175270108043
2023-05-18,ULN,울산공장,B,820,31,96.22,22.894146341463415,44.90621951219512,2.792012195121951
2023-05-18,ULN,울산공장,C,111,5,95.5,22.580180180180182,44.65765765765766,2.8063963963963965
2023-05-19,ASN,아산공장,A,425,28,93.41,23.01929411764706,44.62847058823529,2.8241411764705884
2023-05-19,ASN,아산공장,B,494,15,96.96,23.12732793522267,45.262753036437246,2.8091093117408907
2023-05-19,ASN,아산공장,C,64,2,96.88,22.9953125,45.3734375,2.834375
2023-05-19,GWJ,광주공장,A,283,14,95.05,23.268904593639576,44.52438162544169,2.809787985865724
2023-05-19,GWJ,광주공장,B,258,11,95.74,23.021317829457363,45.298062015503874,2.76453488372093
2023-05-19,GWJ,광주공장,C,35,4,88.57,22.757142857142856,44.817142857142855,2.7182857142857144
2023-05-19,HWS,화성공장,A,301,10,96.68,23.239202657807308,45.16179401993356,2.823156146179402
2023-05-19,HWS,화성공장,B,303,8,97.36,22.67095709570957,44.22904290429043,2.821155115511551
2023-05-19,HWS,화성공장,C,35,2,94.29,23.18,44.15428571428572,2.7657142857142856
2023-05-19,ULN,울산공장,A,825,22,97.33,23.28751515151515,45.14812121212121,2.8150181818181816
2023-05-19,ULN,울산공장,B,899,29,96.77,23.09354838709677,45.1238042269188,2.782892102335929
2023-05-19,ULN,울산공장,C,116,10,91.38,23.07758620689655,45.35775862068966,2.810086206896552
2023-05-20,ASN,아산공장,A,459,27,94.12,22.624183006535947,44.89651416122005,2.785119825708061
2023-05-20,ASN,아산공장,B,458,17,96.29,23.027947598253274,44.98689956331878,2.8097816593886464
2023-05-20,ASN,아산공장,C,64,0,100.0,22.5453125,46.615625,2.795
2023-05-20,GWJ,광주공장,A,272,9,96.69,23.15036764705882,44.40772058823529,2.8054779411764708
2023-05-20,GWJ,광주공장,B,272,8,97.06,23.01360294117647,44.95919117647059,2.796875
2023-05-20,GWJ,광주공장,C,36,1,97.22,22.647222222222222,45.858333333333334,2.8225
2023-05-20,HWS,화성공장,A,291,13,95.53,22.779037800687284,45.028522336769754,2.7967353951890037
2023-05-20,HWS,화성공장,B,255,14,94.51,23.007450980392157,45.294901960784316,2.8063529411764705
2023-05-20,HWS,화성공장,C,24,3,87.5,23.1375,42.82916666666667,2.7216666666666662
2023-05-20,ULN,울산공장,A,904,43,95.24,23.111946902654868,44.9233407079646,2.7997566371681417
2023-05-20,ULN,울산공장,B,809,23,97.16,23.10469715698393,45.001977750309024,2.798467243510507
2023-05-20,ULN,울산공장,C,92,5,94.57,22.969565217391303,43.63913043478261,2.8122826086956523
2023-05-21,ASN,아산공장,A,469,22,95.31,23.18550106609808,45.16908315565032,2.8022814498933903
2023-05-21,ASN,아산공장,B,469,18,96.16,22.761833688699358,45.0089552238806,2.8006609808102345
2023-05-21,ASN,아산공장,C,66,1,98.48,22.848484848484848,44.487878787878785,2.858787878787879
2023-05-21,GWJ,광주공장,A,255,15,94.12,22.610588235294117,45.071372549019614,2.7837254901960784
2023-05-21,GWJ,광주공장,B,258,15,94.19,23.027519379844964,45.58992248062016,2.777674418604651
2023-05-21,GWJ,광주공장,C,31,0,100.0,23.700000000000003,43.37419354838709,2.937741935483871
2023-05-21,HWS,화성공장,A,284,14,95.07,23.07147887323944,45.467253521126764,2.770176056338028
2023-05-21,HWS,화성공장,B,299,12,95.99,22.857859531772576,44.04581939799331,2.770535117056856
2023-05-21,HWS,화성공장,C,33,1,96.97,22.954545454545453,45.92424242424242,2.8584848484848484
2023-05-21,ULN,울산공장,A,879,39,95.56,22.96552901023891,44.81205915813425,2.7854038680318545
2023-05-21,ULN,울산공장,B,838,33,96.06,23.03985680190931,44.90405727923628,2.7876133651551314
2023-05-21,ULN,울산공장,C,111,10,90.99,23.2,46.043243243243246,2.81963963963964
2023-05-22,ASN,아산공장,A,450,23,94.89,23.023555555555557,44.42977777777778,2.8214222222222225
2023-05-22,ASN,아산공장,B,458,13,97.16,23.08711790393013,45.118777292576425,2.7744104803493452
2023-05-22,ASN,아산공장,C,74,5,93.24,23.17297297297297,43.61081081081081,2.7868918918918917
2023-05-22,GWJ,광주공장,A,285,14,95.09,22.84,44.28035087719298,2.8240701754385964
2023-05-22,GWJ,광주공장,B,306,16,94.77,22.776470588235295,45.21176470588235,2.8134967320261435
2023-05-22,GWJ,광주공장,C,28,4,85.71,23.107142857142858,42.471428571428575,2.7307142857142854
2023-05-22,HWS,화성공장,A,270,8,97.04,23.092222222222222,45.03111111111111,2.8235925925925924
2023-05-22,HWS,화성공장,B,274,16,94.16,23.03138686131387,44.75182481751825,2.8072262773722625
2023-05-22,HWS,화성공장,C,34,2,94.12,23.01764705882353,45.52058823529412,2.870294117647059
2023-05-22,ULN,울산공장,A,799,35,95.62,22.966207759699625,44.75431789737171,2.806908635794743
2023-05-22,ULN,울산공장,B,828,33,96.01,22.894565217391307,44.92306763285025,2.7928502415458936
2023-05-22,ULN,울산공장,C,94,6,93.62,22.685106382978724,45.4468085106383,2.7998936170212767
2023-05-23,ASN,아산공장,A,478,20,95.82,23.076569037656906,45.422175732217575,2.7944351464435147
2023-05-23,ASN,아산공장,B,469,15,96.8,22.850319829424304,45.31321961620469,2.803113006396589
2023-05-23,ASN,아산공장,C,52,2,96.15,23.1,45.323076923076925,2.833269230769231
2023-05-23,GWJ,광주공장,A,302,10,96.69,23.081456953642384,45.09072847682119,2.8157615894039734
2023-05-23,GWJ,광주공장,B,279,7,97.49,23.191756272401435,45.222580645161294,2.811326164874552
2023-05-23,GWJ,광주공장,C,38,3,92.11,22.792105263157897,48.10526315789474,2.819210526315789
2023-05-23,HWS,화성공장,A,268,15,94.4,22.78544776119403,45.19216417910448,2.798731343283582
2023-05-23,HWS,화성공장,B,254,10,96.06,22.868897637795275,45.27165354330709,2.8284645669291337
2023-05-23,HWS,화성공장,C,35,0,100.0,23.497142857142858,46.00857142857143,2.8465714285714285
2023-05-23,ULN,울산공장,A,814,29,96.44,22.993488943488945,44.60429975429975,2.8105036855036856
2023-05-23,ULN,울산공장,B,871,32,96.33,22.94121699196326,44.85258323765786,2.7816532721010336
2023-05-23,ULN,울산공장,C,97,8,91.75,23.004123711340206,45.04123711340206,2.780824742268041
2023-05-24,ASN,아산공장,A,495,27,94.55,22.65232323232323,44.84767676767677,2.8017373737373736
2023-05-24,ASN,아산공장,B,467,19,95.93,23.126552462526767,44.771948608137045,2.7880942184154174
2023-05-24,ASN,아산공장,C,66,7,89.39,22.983333333333334,44.83787878787879,2.830151515151515
2023-05-24,GWJ,광주공장,A,295,9,96.95,22.890508474576272,45.31728813559322,2.7843050847457627
2023-05-24,GWJ,광주공장,B,290,6,97.93,22.958620689655174,45.221724137931034,2.8019655172413795
2023-05-24,GWJ,광주공장,C,36,4,88.89,23.297222222222224,45.233333333333334,2.8280555555555558
2023-05-24,HWS,화성공장,A,242,11,95.45,23.21115702479339,45.22272727272727,2.81702479338843
2023-05-24,HWS,화성공장,B,283,16,94.35,23.221554770318022,45.312014134275614,2.8096819787985865
2023-05-24,HWS,화성공장,C,34,4,88.24,21.870588235294118,43.741176470588236,2.732941176470588
2023-05-24,ULN,울산공장,A,871,30,96.56,22.954535017221588,44.914466130884044,2.823203214695752
2023-05-24,ULN,울산공장,B,837,39,95.34,23.24384707287933,45.005734767025096,2.7976702508960574
2023-05-24,ULN,울산공장,C,107,9,91.59,23.17102803738318,45.67196261682243,2.8342990654205606
2023-05-25,ASN,아산공장,A,432,21,95.14,22.913194444444443,45.09722222222222,2.782939814814815
2023-05-25,ASN,아산공장,B,472,15,96.82,23.179025423728813,45.060805084745766,2.7926271186440674
2023-05-25,ASN,아산공장,C,59,7,88.14,22.922033898305088,42.61355932203389,2.827457627118644
2023-05-25,GWJ,광주공장,A,261,14,94.64,23.256704980842912,44.1992337164751,2.8060536398467435
2023-05-25,GWJ,광주공장,B,291,14,95.19,22.772508591065293,44.73573883161512,2.779209621993127
2023-05-25,GWJ,광주공장,C,32,1,96.88,24.15,46.4625,2.8575
2023-05-25,HWS,화성공장,A,278,14,94.96,23.036690647482015,45.57769784172662,2.7964748201438847
2023-05-25,HWS,화성공장,B,299,9,96.99,22.96722408026756,44.749832775919735,2.791505016722408
2023-05-25,HWS,화성공장,C,32,1,96.88,23.415625,43.496875,2.813125
2023-05-25,ULN,울산공장,A,907,41,95.48,22.925909592061743,44.98952590959206,2.803550165380375
2023-05-25,ULN,울산공장,B,808,33,95.92,23.17611386138614,45.298514851485145,2.821472772277228
2023-05-25,ULN,울산공장,C,103,7,93.2,22.902912621359224,44.17864077669903,2.7648543689320384
2023-05-26,ASN,아산공장,A,460,24,94.78,23.15086956521739,44.2304347826087,2.8200434782608697
2023-05-26,ASN,아산공장,B,442,21,95.25,22.734389140271492,45.40497737556561,2.795656108597285
2023-05-26,ASN,아산공장,C,49,0,100.0,22.242857142857144,44.71836734693877,2.820204081632653
2023-05-26,GWJ,광주공장,A,313,4,98.72,22.889137380191695,44.389456869009585,2.7933226837060703
2023-05-26,GWJ,광주공장,B,278,11,96.04,23.202877697841725,45.23992805755396,2.7873021582733815
2023-05-26,GWJ,광주공장,C,40,0,100.0,23.44,47.0225,2.8405
2023-05-26,HWS,화성공장,A,289,15,94.81,23.144290657439445,44.865397923875435,2.799515570934256
2023-05-26,HWS,화성공장,B,305,9,97.05,23.20295081967213,45.36426229508197,2.794
2023-05-26,HWS,화성공장,C,35,3,91.43,23.64857142857143,48.07714285714286,2.7802857142857142
2023-05-26,ULN,울산공장,A,830,26,96.87,22.947831325301205,44.94060240963855,2.818807228915663
2023-05-26,ULN,울산공장,B,867,25,97.12,23.087312572087658,45.02445213379469,2.8049711649365627
2023-05-26,ULN,울산공장,C,114,6,94.74,23.020175438596493,45.42017543859649,2.8030701754385965
2023-05-27,ASN,아산공장,A,513,20,96.1,23.002729044834307,45.03528265107212,2.8032553606237816
2023-05-27,ASN,아산공장,B,463,16,96.54,23.215766738660907,45.17904967602592,2.8160043196544273
2023-05-27,ASN,아산공장,C,73,3,95.89,22.865753424657534,44.23835616438356,2.875616438356164
2023-05-27,GWJ,광주공장,A,272,10,96.32,23.081617647058824,43.893382352941174,2.754485294117647
2023-05-27,GWJ,광주공장,B,308,13,95.78,23.036363636363635,45.44772727272727,2.818733766233766
2023-05-27,GWJ,광주공장,C,36,4,88.89,22.991666666666667,44.0,2.8216666666666668
2023-05-27,HWS,화성공장,A,310,14,95.48,22.982580645161292,45.03354838709677,2.8341612903225806
2023-05-27,HWS,화성공장,B,283,5,98.23,23.03250883392226,44.70424028268551,2.8010247349823323
2023-05-27,HWS,화성공장,C,41,2,95.12,22.958536585365852,43.4390243902439,2.8234146341463418
2023-05-27,ULN,울산공장,A,778,34,95.63,22.961825192802056,45.059125964010285,2.8191388174807197
2023-05-27,ULN,울산공장,B,827,38,95.41,22.840507859733975,44.93494558645707,2.7973155985489724
2023-05-27,ULN,울산공장,C,122,4,96.72,22.841803278688523,44.943442622950826,2.777049180327869
2023-05-28,ASN,아산공장,A,483,24,95.03,22.996894409937887,44.69461697722567,2.789689440993789
2023-05-28,ASN,아산공장,B,447,16,96.42,23.110738255033556,44.848993288590606,2.796308724832215
2023-05-28,ASN,아산공장,C,47,2,95.74,23.0468085106383,45.41489361702128,2.7859574468085104
2023-05-28,GWJ,광주공장,A,286,19,93.36,23.10104895104895,45.17062937062937,2.7932517482517483
2023-05-28,GWJ,광주공장,B,260,7,97.31,23.04,44.4,2.8171153846153847
2023-05-28,GWJ,광주공장,C,41,2,95.12,22.770731707317072,45.83658536585366,2.8846341463414635
2023-05-28,HWS,화성공장,A,276,9,96.74,23.24021739130435,45.289492753623186,2.787210144927536
2023-05-28,HWS,화성공장,B,277,6,97.83,22.975451263537906,44.74657039711191,2.8296389891696747
2023-05-28,HWS,화성공장,C,40,3,92.5,22.6325,45.652499999999996,2.77275
2023-05-28,ULN,울산공장,A,855,49,94.27,22.878362573099416,45.28140350877193,2.804795321637427
2023-05-28,ULN,울산공장,B,846,31,96.34,23.156855791962176,44.413002364066195,2.7773286052009456
2023-05-28,ULN,울산공장,C,125,9,92.8,22.8952,45.444,2.80224
2023-05-29,ASN,아산공장,A,444,13,97.07,22.890315315315313,44.894819819819816,2.792927927927928
2023-05-29,ASN,아산공장,B,449,13,97.1,23.099777282850777,44.97371937639198,2.8179510022271717
2023-05-29,ASN,아산공장,C,57,4,92.98,23.37017543859649,44.810526315789474,2.7464912280701754
2023-05-29,GWJ,광주공장,A,291,9,96.91,23.12852233676976,46.126460481099656,2.78446735395189
2023-05-29,GWJ,광주공장,B,285,11,96.14,22.918245614035087,44.54105263157895,2.759298245614035
2023-05-29,GWJ,광주공장,C,27,1,96.3,23.085185185185182,43.529629629629625,2.807777777777778
2023-05-29,HWS,화성공장,A,278,9,96.76,23.624820143884893,44.49388489208633,2.7611870503597125
2023-05-29,HWS,화성공장,B,293,10,96.59,23.176450511945394,45.242662116040954,2.7999317406143343
2023-05-29,HWS,화성공장,C,31,1,96.77,22.906451612903226,45.46774193548387,2.7706451612903225
2023-05-29,ULN,울산공장,A,860,41,95.23,22.948837209302326,45.25697674418605,2.7821860465116277
2023-05-29,ULN,울산공장,B,850,30,96.47,23.011294117647058,45.91823529411765,2.807894117647059
2023-05-29,ULN,울산공장,C,102,6,94.12,22.694117647058825,45.60294117647059,2.78578431372549
2023-05-30,ASN,아산공장,A,432,23,94.68,22.85324074074074,45.198379629629635,2.811828703703704
2023-05-30,ASN,아산공장,B,500,20,96.0,23.252200000000002,44.5514,2.8103800000000003
2023-05-30,ASN,아산공장,C,66,2,96.97,23.40757575757576,45.31515151515152,2.7674242424242426
2023-05-30,GWJ,광주공장,A,277,9,96.75,22.71768953068592,45.068592057761734,2.7840794223826717
2023-05-30,GWJ,광주공장,B,299,8,97.32,23.105016722408024,45.66588628762542,2.8161204013377925
2023-05-30,GWJ,광주공장,C,35,2,94.29,22.554285714285715,43.05714285714286,2.774
2023-05-30,HWS,화성공장,A,277,11,96.03,22.988447653429603,45.39638989169675,2.8200361010830326
2023-05-30,HWS,화성공장,B,282,20,92.91,23.154255319148938,45.83723404255319,2.816595744680851
2023-05-30,HWS,화성공장,C,41,2,95.12,22.378048780487806,46.65121951219513,2.798780487804878
2023-05-30,ULN,울산공장,A,823,28,96.6,23.065370595382745,45.48918590522479,2.806233292831106
2023-05-30,ULN,울산공장,B,867,43,95.04,22.844752018454443,44.69538638985006,2.799042675893887
2023-05-30,ULN,울산공장,C,118,5,95.76,23.027118644067794,43.31016949152543,2.7982203389830507
2023-05-31,ASN,아산공장,A,487,17,96.51,22.979260780287472,45.19445585215606,2.842094455852156
2023-05-31,ASN,아산공장,B,451,14,96.9,22.778270509977826,45.94279379157428,2.82039911308204
2023-05-31,ASN,아산공장,C,70,6,91.43,22.37142857142857,42.87285714285714,2.830857142857143
2023-05-31,GWJ,광주공장,A,286,10,96.5,22.94160839160839,45.38041958041958,2.8025874125874126
2023-05-31,GWJ,광주공장,B,269,10,96.28,23.045724907063196,44.51152416356877,2.8102602230483273
2023-05-31,GWJ,광주공장,C,41,2,95.12,23.673170731707316,44.424390243902444,2.837073170731707
2023-05-31,HWS,화성공장,A,310,12,96.13,23.03548387096774,45.12516129032258,2.7923225806451613
2023-05-31,HWS,화성공장,B,264,12,95.45,23.20340909090909,45.211363636363636,2.7950757575757574
2023-05-31,HWS,화성공장,C,32,0,100.0,23.43125,46.56875,2.78875
2023-05-31,ULN,울산공장,A,832,42,94.95,22.921514423076925,45.38882211538461,2.8017908653846155
2023-05-31,ULN,울산공장,B,865,30,96.53,23.042427745664742,44.631907514450866,2.789236994219653
2023-05-31,ULN,울산공장,C,108,8,92.59,22.793518518518518,44.300925925925924,2.800648148148148
2023-06-01,ASN,아산공장,A,470,24,94.89,22.954468085106384,45.267872340425534,2.7812553191489364
2023-06-01,ASN,아산공장,B,501,24,95.21,22.91437125748503,45.095608782435136,2.795808383233533
2023-06-01,ASN,아산공장,C,61,2,96.72,23.249180327868853,44.118032786885244,2.795245901639344
2023-06-01,GWJ,광주공장,A,248,11,95.56,23.021370967741937,45.00846774193548,2.8082661290322584
2023-06-01,GWJ,광주공장,B,308,16,94.81,22.90909090909091,44.84318181818182,2.8009415584415587
2023-06-01,GWJ,광주공장,C,27,2,92.59,22.674074074074074,44.77407407407408,2.771111111111111
2023-06-01,HWS,화성공장,A,282,12,95.74,22.961702127659574,44.898226950354605,2.7708156028368793
2023-06-01,HWS,화성공장,B,281,11,96.09,23.347330960854094,45.401423487544484,2.8027046263345197
2023-06-01,HWS,화성공장,C,49,3,93.88,22.867346938775512,44.42857142857143,2.8151020408163263
2023-06-01,ULN,울산공장,A,836,33,96.05,23.15287081339713,45.10167464114833,2.7973325358851677
2023-06-01,ULN,울산공장,B,846,33,96.1,23.087470449172578,45.16501182033097,2.807163120567376
2023-06-01,ULN,울산공장,C,107,3,97.2,23.04392523364486,44.623364485981305,2.836261682242991
2023-06-02,ASN,아산공장,A,474,14,97.05,23.077848101265822,45.448945147679325,2.813206751054852
2023-06-02,ASN,아산공장,B,454,21,95.37,22.683259911894275,44.825110132158585,2.797533039647577
2023-06-02,ASN,아산공장,C,68,4,94.12,22.57794117647059,44.92941176470588,2.8723529411764703
2023-06-02,GWJ,광주공장,A,268,18,93.28,23.32686567164179,44.42611940298508,2.8209328358208956
2023-06-02,GWJ,광주공장,B,280,7,97.5,22.915,45.01892857142857,2.795857142857143
2023-06-02,GWJ,광주공장,C,36,2,94.44,23.305555555555557,44.72222222222222,2.74
2023-06-02,HWS,화성공장,A,264,16,93.94,22.882575757575758,44.32727272727273,2.751666666666667
2023-06-02,HWS,화성공장,B,288,19,93.4,22.997916666666665,44.798611111111114,2.8189236111111113
2023-06-02,HWS,화성공장,C,33,1,96.97,22.67878787878788,43.74848484848485,2.7745454545454544
2023-06-02,ULN,울산공장,A,797,32,95.98,22.981932245922206,45.267503136762855,2.797478042659975
2023-06-02,ULN,울산공장,B,827,26,96.86,23.00036275695284,44.79746070133011,2.800665054413543
2023-06-02,ULN,울산공장,C,95,8,91.58,23.00421052631579,45.56105263157895,2.8490526315789477
2023-06-03,ASN,아산공장,A,452,28,93.81,22.96637168141593,44.69137168141593,2.80320796460177
2023-06-03,ASN,아산공장,B,465,16,96.56,22.8647311827957,45.233763440860216,2.798
2023-06-03,ASN,아산공장,C,59,2,96.61,23.337288135593223,46.91016949152542,2.746949152542373
2023-06-03,GWJ,광주공장,A,263,11,95.82,23.033079847908745,44.819011406844105,2.8132699619771864
2023-06-03,GWJ,광주공장,B,282,11,96.1,23.156028368794328,45.507446808510636,2.8229787234042556
2023-06-03,GWJ,광주공장,C,37,5,86.49,23.09189189189189,46.616216216216216,2.8578378378378377
2023-06-03,HWS,화성공장,A,286,13,95.45,22.735664335664335,45.5986013986014,2.7887762237762237
2023-06-03,HWS,화성공장,B,266,14,94.74,22.643984962406016,44.22706766917293,2.8063157894736843
2023-06-03,HWS,화성공장,C,29,2,93.1,22.731034482758623,45.52758620689655,2.7462068965517243
2023-06-03,ULN,울산공장,A,812,50,93.84,22.95603448275862,44.7012315270936,2.8163793103448276
2023-06-03,ULN,울산공장,B,808,30,96.29,23.076856435643563,45.05049504950495,2.8241336633663368
2023-06-03,ULN,울산공장,C,94,5,94.68,22.914893617021278,44.42765957446808,2.787553191489361
2023-06-04,ASN,아산공장,A,442,24,94.57,23.309954751131222,45.11470588235294,2.80816742081448
2023-06-04,ASN,아산공장,B,505,11,97.82,22.936435643564355,45.29366336633663,2.8109306930693068
2023-06-04,ASN,아산공장,C,55,3,94.55,22.418181818181818,46.75636363636364,2.8005454545454547
2023-06-04,GWJ,광주공장,A,288,15,94.79,23.049305555555556,45.19340277777778,2.798125
2023-06-04,GWJ,광주공장,B,269,14,94.8,23.03791821561338,45.36133828996283,2.804126394052045
2023-06-04,GWJ,광주공장,C,27,0,100.0,22.325925925925926,45.51111111111111,2.8222222222222224
2023-06-04,HWS,화성공장,A,295,11,96.27,23.06271186440678,45.15457627118644,2.7916610169491523
2023-06-04,HWS,화성공장,B,284,11,96.13,23.011971830985914,44.81549295774648,2.8189084507042255
2023-06-04,HWS,화성공장,C,46,4,91.3,22.517391304347825,46.17173913043479,2.8515217391304346
2023-06-04,ULN,울산공장,A,784,37,95.28,23.108801020408162,44.67831632653061,2.791147959183674
2023-06-04,ULN,울산공장,B,899,39,95.66,22.980533926585096,45.24160177975528,2.789477196885428
2023-06-04,ULN,울산공장,C,97,6,93.81,22.576288659793814,45.97113402061856,2.7631958762886595
2023-06-05,ASN,아산공장,A,453,16,96.47,23.254525386313464,44.90397350993378,2.770596026490066
2023-06-05,ASN,아산공장,B,447,20,95.53,23.30559284116331,44.42035794183445,2.7852796420581654
2023-06-05,ASN,아산공장,C,63,5,92.06,23.774603174603175,45.17460317460318,2.7758730158730156
2023-06-05,GWJ,광주공장,A,278,12,95.68,22.836330935251798,45.326258992805755,2.782410071942446
2023-06-05,GWJ,광주공장,B,297,11,96.3,23.172053872053873,44.87845117845118,2.837003367003367
2023-06-05,GWJ,광주공장,C,38,0,100.0,23.089473684210525,43.63157894736842,2.801842105263158
2023-06-05,HWS,화성공장,A,283,7,97.53,23.05159010600707,44.2773851590106,2.8012367491166077
2023-06-05,HWS,화성공장,B,253,7,97.23,22.744268774703556,44.078656126482215,2.7939525691699605
2023-06-05,HWS,화성공장,C,34,2,94.12,22.976470588235294,43.53235294117647,2.8079411764705884
2023-06-05,ULN,울산공장,A,834,36,95.68,23.11534772182254,45.39340527577937,2.7839328537170265
2023-06-05,ULN,울산공장,B,853,32,96.25,23.099296600234467,45.21711606096131,2.7935052754982417
2023-06-05,ULN,울산공장,C,100,8,92.0,22.865,45.836999999999996,2.8415
2023-06-06,ASN,아산공장,A,479,18,96.24,23.153862212943633,44.653862212943636,2.7934237995824636
2023-06-06,ASN,아산공장,B,441,15,96.6,22.82630385487528,45.18911564625851,2.8066666666666666
2023-06-06,ASN,아산공장,C,46,1,97.83,23.604347826086954,46.54782608695652,2.7858695652173915
2023-06-06,GWJ,광주공장,A,272,8,97.06,23.25330882352941,44.6452205882353,2.7944485294117647
2023-06-06,GWJ,광주공장,B,282,13,95.39,23.03368794326241,45.56950354609929,2.8109574468085103
2023-06-06,GWJ,광주공장,C,32,1,96.88,22.571875000000002,46.24375,2.8321875
2023-06-06,HWS,화성공장,A,270,12,95.56,22.95740740740741,45.41222222222222,2.793851851851852
2023-06-06,HWS,화성공장,B,286,11,96.15,22.932867132867134,44.73846153846154,2.7874125874125877
2023-06-06,HWS,화성공장,C,28,2,92.86,23.710714285714285,45.642857142857146,2.7089285714285714
2023-06-06,ULN,울산공장,A,849,44,94.82,22.95017667844523,45.36018845700825,2.7881154299175503
2023-06-06,ULN,울산공장,B,810,24,97.04,22.971975308641973,44.702345679012346,2.8100740740740737
2023-06-06,ULN,울산공장,C,118,13,88.98,22.8364406779661,45.27033898305084,2.797457627118644
2023-06-07,ASN,아산공장,A,497,19,96.18,22.954527162977868,45.17323943661972,2.7905030181086516
2023-06-07,ASN,아산공장,B,483,15,96.89,23.187370600414077,44.60600414078675,2.7937060041407866
2023-06-07,ASN,아산공장,C,67,5,92.54,22.611940298507463,45.72985074626866,2.8307462686567164
2023-06-07,GWJ,광주공장,A,298,17,94.3,22.88221476510067,45.2513422818792,2.8021476510067114
2023-06-07,GWJ,광주공장,B,269,10,96.28,23.055762081784387,44.74981412639406,2.800706319702602
2023-06-07,GWJ,광주공장,C,40,1,97.5,22.82,44.410000000000004,2.75375
2023-06-07,HWS,화성공장,A,274,10,96.35,23.124452554744526,45.28284671532847,2.785839416058394
2023-06-07,HWS,화성공장,B,245,12,95.1,22.77795918367347,45.005714285714284,2.7902857142857145
2023-06-07,HWS,화성공장,C,28,0,100.0,23.12142857142857,44.42857142857143,2.7832142857142856
2023-06-07,ULN,울산공장,A,867,33,96.19,22.93125720876586,44.99988465974625,2.799607843137255
2023-06-07,ULN,울산공장,B,851,33,96.12,22.934665099882494,44.65699177438308,2.8067215041128084
2023-06-07,ULN,울산공장,C,103,8,92.23,22.863106796116504,45.21844660194175,2.7990291262135925
2023-06-08,ASN,아산공장,A,470,15,96.81,22.89659574468085,45.60340425531915,2.8111489361702127
2023-06-08,ASN,아산공장,B,468,20,95.73,23.142307692307693,44.85470085470085,2.787542735042735
2023-06-08,ASN,아산공장,C,69,3,95.65,23.268115942028984,45.69420289855073,2.846231884057971
2023-06-08,GWJ,광주공장,A,273,13,95.24,22.83882783882784,45.443223443223445,2.8164102564102564
2023-06-08,GWJ,광주공장,B,292,11,96.23,22.931164383561644,45.18835616438356,2.8172260273972602
2023-06-08,GWJ,광주공장,C,24,1,95.83,22.52916666666667,46.208333333333336,2.8045833333333334
2023-06-08,HWS,화성공장,A,285,13,95.44,23.21263157894737,45.473684210526315,2.794982456140351
2023-06-08,HWS,화성공장,B,255,11,95.69,22.641176470588235,45.02862745098039,2.8122745098039217
2023-06-08,HWS,화성공장,C,36,2,94.44,23.294444444444444,47.086111111111116,2.740277777777778
2023-06-08,ULN,울산공장,A,808,42,94.8,23.014108910891093,44.562252475247526,2.800309405940594
2023-06-08,ULN,울산공장,B,820,33,95.98,22.925975609756097,45.39597560975609,2.8049999999999997
2023-06-08,ULN,울산공장,C,113,5,95.58,22.91061946902655,46.14955752212389,2.801858407079646
2023-06-09,ASN,아산공장,A,466,15,96.78,23.238197424892704,45.1225321888412,2.814785407725322
2023-06-09,ASN,아산공장,B,470,21,95.53,23.218936170212764,44.734042553191486,2.8032127659574466
2023-06-09,ASN,아산공장,C,71,3,95.77,23.266197183098594,44.06197183098592,2.8146478873239436
2023-06-09,GWJ,광주공장,A,303,14,95.38,22.941584158415843,45.803630363036305,2.821947194719472
2023-06-09,GWJ,광주공장,B,284,9,96.83,23.015845070422536,44.46760563380281,2.8033098591549295
2023-06-09,GWJ,광주공장,C,33,2,93.94,23.003030303030304,43.89090909090909,2.7730303030303034
2023-06-09,HWS,화성공장,A,276,10,96.38,23.366304347826087,43.86231884057971,2.781340579710145
2023-06-09,HWS,화성공장,B,279,12,95.7,22.86523297491039,44.72043010752688,2.8065591397849463
2023-06-09,HWS,화성공장,C,31,3,90.32,22.870967741935484,45.57096774193548,2.755483870967742
2023-06-09,ULN,울산공장,A,818,41,94.99,23.188508557457215,44.75317848410758,2.789352078239609
2023-06-09,ULN,울산공장,B,829,23,97.23,22.913148371531967,45.35609167671893,2.793546441495778
2023-06-09,ULN,울산공장,C,107,5,95.33,22.75981308411215,45.72523364485982,2.86
2023-06-10,ASN,아산공장,A,478,18,96.23,23.009414225941423,44.94602510460251,2.814163179916318
2023-06-10,ASN,아산공장,B,475,22,95.37,22.79578947368421,45.04273684210526,2.798757894736842
2023-06-10,ASN,아산공장,C,68,2,97.06,23.16176470588235,46.05588235294118,2.776764705882353
2023-06-10,GWJ,광주공장,A,286,8,97.2,22.7986013986014,45.294755244755244,2.7777272727272724
2023-06-10,GWJ,광주공장,B,283,15,94.7,22.733215547703182,44.86572438162544,2.8013427561837454
2023-06-10,GWJ,광주공장,C,38,2,94.74,21.710526315789473,44.73947368421052,2.738421052631579
2023-06-10,HWS,화성공장,A,264,9,96.59,23.165909090909093,43.786742424242426,2.816969696969697
2023-06-10,HWS,화성공장,B,281,13,95.37,23.130249110320285,44.838078291814945,2.7951601423487547
2023-06-10,HWS,화성공장,C,39,2,94.87,24.26923076923077,45.52307692307693,2.7174358974358976
2023-06-10,ULN,울산공장,A,892,37,95.85,22.908632286995516,44.979596412556056,2.799786995515695
2023-06-10,ULN,울산공장,B,870,30,96.55,23.01137931034483,45.09183908045977,2.8051379310344826
2023-06-10,ULN,울산공장,C,108,7,93.52,23.194444444444443,43.90833333333334,2.7985185185185184
2023-06-11,ASN,아산공장,A,503,20,96.02,22.98787276341948,45.381709741550694,2.814751491053678
2023-06-11,ASN,아산공장,B,505,14,97.23,22.96019801980198,44.851485148514854,2.8023564356435644
2023-06-11,ASN,아산공장,C,53,3,94.34,23.63396226415094,44.08490566037736,2.8530188679245283
2023-06-11,GWJ,광주공장,A,308,6,98.05,23.242207792207793,44.715584415584416,2.819318181818182
2023-06-11,GWJ,광주공장,B,257,6,97.67,22.647859922178988,45.10233463035019,2.793501945525292
2023-06-11,GWJ,광주공장,C,40,1,97.5,22.91,45.88,2.7555
2023-06-11,HWS,화성공장,A,275,10,96.36,22.945818181818183,44.68690909090909,2.809490909090909
2023-06-11,HWS,화성공장,B,277,7,97.47,23.34332129963899,45.13971119133574,2.837220216606498
2023-06-11,HWS,화성공장,C,29,3,89.66,23.186206896551724,45.36896551724138,2.7848275862068967
2023-06-11,ULN,울산공장,A,832,32,96.15,23.153125000000003,44.681971153846156,2.7978966346153844
2023-06-11,ULN,울산공장,B,887,28,96.84,23.0674182638106,45.04250281848929,2.810845546786922
2023-06-11,ULN,울산공장,C,105,6,94.29,22.441904761904762,45.772380952380956,2.800285714285714
2023-06-12,ASN,아산공장,A,472,22,95.34,22.99576271186441,45.235169491525426,2.78625
2023-06-12,ASN,아산공장,B,458,19,95.85,23.016157205240173,44.65917030567686,2.7870742358078604
2023-06-12,ASN,아산공장,C,59,5,91.53,23.22542372881356,44.81525423728814,2.788135593220339
2023-06-12,GWJ,광주공장,A,279,11,96.06,22.95089605734767,45.52401433691757,2.7920071684587815
2023-06-12,GWJ,광주공장,B,280,13,95.36,23.10571428571429,44.20142857142857,2.794964285714286
2023-06-12,GWJ,광주공장,C,21,2,90.48,23.871428571428574,47.523809523809526,2.662380952380952
2023-06-12,HWS,화성공장,A,272,5,98.16,22.76764705882353,45.35110294117647,2.7803676470588234
2023-06-12,HWS,화성공장,B,293,7,97.61,22.795904436860067,45.49044368600683,2.81
2023-06-12,HWS,화성공장,C,30,1,96.67,22.796666666666667,47.36666666666667,2.771666666666667
2023-06-12,ULN,울산공장,A,877,41,95.32,22.871379703534778,44.74754846066134,2.790467502850627
2023-06-12,ULN,울산공장,B,853,23,97.3,23.013833528722156,44.95416178194608,2.794806565064478
2023-06-12,ULN,울산공장,C,99,8,91.92,22.903030303030302,45.965656565656566,2.7995959595959596
2023-06-13,ASN,아산공장,A,455,19,95.82,23.148131868131866,44.65494505494505,2.8118021978021974
2023-06-13,ASN,아산공장,B,461,13,97.18,22.86138828633406,45.12754880694143,2.7895010845986987
2023-06-13,ASN,아산공장,C,49,7,85.71,22.759183673469387,44.99795918367347,2.7646938775510206
2023-06-13,GWJ,광주공장,A,271,10,96.31,22.857933579335793,44.7140221402214,2.8152029520295203
2023-06-13,GWJ,광주공장,B,258,13,94.96,23.057751937984495,45.39186046511628,2.7894186046511624
2023-06-13,GWJ,광주공장,C,43,1,97.67,22.793023255813953,46.3046511627907,2.829767441860465
2023-06-13,HWS,화성공장,A,304,14,95.39,23.02828947368421,45.29078947368421,2.820328947368421
2023-06-13,HWS,화성공장,B,274,5,98.18,23.42189781021898,45.333941605839414,2.7753284671532845
2023-06-13,HWS,화성공장,C,30,0,100.0,23.64,44.82666666666667,2.73
2023-06-13,ULN,울산공장,A,816,28,96.57,22.93198529411765,45.482230392156865,2.807622549019608
2023-06-13,ULN,울산공장,B,795,27,96.6,22.97874213836478,44.860754716981134,2.8095723270440254
2023-06-13,ULN,울산공장,C,95,8,91.58,22.95157894736842,44.17052631578947,2.8026315789473686
2023-06-14,ASN,아산공장,A,472,20,95.76,23.165889830508473,45.21631355932203,2.7864618644067796
2023-06-14,ASN,아산공장,B,492,16,96.75,22.927032520325206,44.58150406504065,2.8046951219512195
2023-06-14,ASN,아산공장,C,58,3,94.83,23.144827586206898,46.17068965517242,2.7910344827586204
2023-06-14,GWJ,광주공장,A,294,19,93.54,23.102721088435374,44.89591836734694,2.8114285714285714
2023-06-14,GWJ,광주공장,B,279,13,95.34,23.05448028673835,44.951254480286735,2.798064516129032
2023-06-14,GWJ,광주공장,C,26,0,100.0,23.003846153846155,42.63461538461539,2.8084615384615383
2023-06-14,HWS,화성공장,A,290,17,94.14,22.891724137931035,45.969655172413795,2.7531724137931035
2023-06-14,HWS,화성공장,B,280,10,96.43,23.135357142857142,45.31964285714286,2.8114285714285714
2023-06-14,HWS,화성공장,C,37,6,83.78,22.945945945945947,44.04324324324324,2.811081081081081
2023-06-14,ULN,울산공장,A,857,30,96.5,22.885530921820305,45.25437572928821,2.8128471411901983
2023-06-14,ULN,울산공장,B,791,37,95.32,23.11921618204804,45.218078381795195,2.801858407079646
2023-06-14,ULN,울산공장,C,101,3,97.03,22.594059405940595,44.9,2.74019801980198
2023-06-15,ASN,아산공장,A,475,15,96.84,22.983999999999998,45.37536842105263,2.7935578947368422
2023-06-15,ASN,아산공장,B,458,18,96.07,22.998034934497817,45.10131004366813,2.781724890829694
2023-06-15,ASN,아산공장,C,53,6,88.68,23.420754716981133,43.24905660377358,2.7650943396226415
2023-06-15,GWJ,광주공장,A,286,13,95.45,22.852097902097903,45.4,2.8109440559440557
2023-06-15,GWJ,광주공장,B,293,13,95.56,22.992150170648465,44.658703071672356,2.8120819112627986
2023-06-15,GWJ,광주공장,C,31,2,93.55,22.190322580645162,44.119354838709675,2.794516129032258
2023-06-15,HWS,화성공장,A,289,14,95.16,22.898615916955016,45.0840830449827,2.805363321799308
2023-06-15,HWS,화성공장,B,272,8,97.06,23.000735294117646,44.181985294117645,2.808860294117647
2023-06-15,HWS,화성공장,C,29,5,82.76,22.282758620689656,46.06896551724138,2.839655172413793
2023-06-15,ULN,울산공장,A,852,32,96.24,22.968661971830986,44.84964788732395,2.7929460093896714
2023-06-15,ULN,울산공장,B,808,35,95.67,22.97227722772277,44.26175742574257,2.804839108910891
2023-06-15,ULN,울산공장,C,114,7,93.86,23.098245614035086,45.21140350877193,2.7494736842105265
2023-06-16,ASN,아산공장,A,478,25,94.77,23.02259414225941,45.3142259414226,2.816297071129707
2023-06-16,ASN,아산공장,B,465,18,96.13,22.976344086021506,44.47935483870968,2.79552688172043
2023-06-16,ASN,아산공장,C,60,1,98.33,22.783333333333335,44.891666666666666,2.8025
2023-06-16,GWJ,광주공장,A,289,14,95.16,22.993771626297576,45.42006920415225,2.7956401384083045
2023-06-16,GWJ,광주공장,B,268,12,95.52,22.883582089552238,44.86380597014925,2.810783582089552
2023-06-16,GWJ,광주공장,C,37,2,94.59,23.86216216216216,43.116216216216216,2.7818918918918922
2023-06-16,HWS,화성공장,A,287,11,96.17,23.058885017421602,45.05191637630662,2.8358188153310104
2023-06-16,HWS,화성공장,B,297,12,95.96,23.05925925925926,43.89326599326599,2.8384511784511783
2023-06-16,HWS,화성공장,C,21,1,95.24,23.814285714285717,45.72380952380953,2.8823809523809523
2023-06-16,ULN,울산공장,A,874,42,95.19,22.8850114416476,45.14359267734554,2.7881350114416477
2023-06-16,ULN,울산공장,B,826,25,96.97,22.914406779661014,44.79636803874092,2.7964164648910415
2023-06-16,ULN,울산공장,C,120,12,90.0,23.114166666666666,44.892500000000005,2.7919166666666664
2023-06-17,ASN,아산공장,A,447,22,95.08,22.90469798657718,45.16017897091722,2.8130872483221476
2023-06-17,ASN,아산공장,B,459,18,96.08,23.06623093681917,45.11960784313726,2.797647058823529
2023-06-17,ASN,아산공장,C,74,3,95.95,22.835135135135136,43.954054054054055,2.821216216216216
2023-06-17,GWJ,광주공장,A,296,12,95.95,22.76587837837838,44.586486486486486,2.816858108108108
2023-06-17,GWJ,광주공장,B,257,9,96.5,23.187548638132295,45.4,2.814824902723735
2023-06-17,GWJ,광주공장,C,51,9,82.35,22.73921568627451,46.07254901960784,2.831176470588235
2023-06-17,HWS,화성공장,A,292,15,94.86,22.974999999999998,44.593835616438355,2.804486301369863
2023-06-17,HWS,화성공장,B,283,7,97.53,22.92791519434629,45.16077738515901,2.7632155477031803
2023-06-17,HWS,화성공장,C,36,4,88.89,23.030555555555555,45.72222222222222,2.8097222222222222
2023-06-17,ULN,울산공장,A,805,28,96.52,22.895155279503104,44.48298136645963,2.78311801242236
2023-06-17,ULN,울산공장,B,877,28,96.81,22.900342075256553,44.974686431014824,2.8142645381984037
2023-06-17,ULN,울산공장,C,96,6,93.75,22.976041666666664,43.99791666666667,2.8365625
2023-06-18,ASN,아산공장,A,511,29,94.32,23.09784735812133,45.05518590998043,2.7973385518591
2023-06-18,ASN,아산공장,B,498,13,97.39,23.22128514056225,44.598995983935744,2.793694779116466
2023-06-18,ASN,아산공장,C,57,2,96.49,22.403508771929825,44.208771929824564,2.858947368421053
2023-06-18,GWJ,광주공장,A,277,17,93.86,23.231046931407942,44.37292418772563,2.805595667870036
2023-06-18,GWJ,광주공장,B,268,8,97.01,22.71455223880597,45.40932835820896,2.8038805970149254
2023-06-18,GWJ,광주공장,C,31,1,96.77,23.07741935483871,45.3,2.8690322580645162
2023-06-18,HWS,화성공장,A,287,9,96.86,23.11219512195122,45.0184668989547,2.7895121951219513
2023-06-18,HWS,화성공장,B,288,11,96.18,22.882986111111112,44.799305555555556,2.799236111111111
2023-06-18,HWS,화성공장,C,34,2,94.12,22.75588235294118,44.19117647058823,2.875294117647059
2023-06-18,ULN,울산공장,A,802,33,95.89,23.023815461346633,45.266957605985034,2.804750623441396
2023-06-18,ULN,울산공장,B,838,35,95.82,23.038782816229116,45.080787589498804,2.811503579952267
2023-06-18,ULN,울산공장,C,115,9,92.17,23.041739130434784,43.879999999999995,2.735391304347826
2023-06-19,ASN,아산공장,A,464,14,96.98,23.121120689655175,44.7823275862069,2.795840517241379
2023-06-19,ASN,아산공장,B,457,22,95.19,23.0218818380744,44.742450765864334,2.802341356673961
2023-06-19,ASN,아산공장,C,58,2,96.55,22.63103448275862,46.591379310344834,2.7937931034482757
2023-06-19,GWJ,광주공장,A,292,13,95.55,22.91472602739726,45.402054794520545,2.8122602739726026
2023-06-19,GWJ,광주공장,B,263,8,96.96,22.977566539923956,44.2916349809886,2.8393536121673004
2023-06-19,GWJ,광주공장,C,42,5,88.1,22.01904761904762,45.76190476190476,2.786190476190476
2023-06-19,HWS,화성공장,A,257,12,95.33,23.190272373540854,43.547859922178986,2.7715175097276266
2023-06-19,HWS,화성공장,B,294,7,97.62,22.96904761904762,45.84489795918367,2.800544217687075
2023-06-19,HWS,화성공장,C,28,1,96.43,22.79642857142857,43.125,2.8460714285714284
2023-06-19,ULN,울산공장,A,861,40,95.35,23.01718931475029,44.52183507549361,2.7939488966318238
2023-06-19,ULN,울산공장,B,850,34,96.0,22.945882352941176,44.454470588235296,2.8076470588235294
2023-06-19,ULN,울산공장,C,103,9,91.26,23.439805825242722,44.828155339805825,2.8237864077669905
2023-06-20,ASN,아산공장,A,449,21,95.32,22.87683741648107,45.07483296213808,2.8376837416481067
2023-06-20,ASN,아산공장,B,469,19,95.95,23.11727078891258,45.21343283582089,2.779637526652452
2023-06-20,ASN,아산공장,C,67,4,94.03,23.098507462686566,45.4910447761194,2.7820895522388063
2023-06-20,GWJ,광주공장,A,271,6,97.79,23.042435424354245,45.247601476014765,2.7840959409594097
2023-06-20,GWJ,광주공장,B,295,11,96.27,23.04915254237288,44.65491525423729,2.7992542372881357
2023-06-20,GWJ,광주공장,C,36,3,91.67,24.13888888888889,44.81666666666667,2.7352777777777777
2023-06-20,HWS,화성공장,A,290,16,94.48,22.829310344827586,45.817241379310346,2.8086206896551724
2023-06-20,HWS,화성공장,B,264,12,95.45,23.108712121212122,44.36325757575757,2.799810606060606
2023-06-20,HWS,화성공장,C,37,3,91.89,23.405405405405407,46.089189189189185,2.7370270270270267
2023-06-20,ULN,울산공장,A,820,38,95.37,23.034512195121952,44.79487804878049,2.7851829268292683
2023-06-20,ULN,울산공장,B,839,26,96.9,23.091775923718714,45.401668653158524,2.800512514898689
2023-06-20,ULN,울산공장,C,104,4,96.15,22.390384615384615,44.76538461538462,2.7986538461538464
2023-06-21,ASN,아산공장,A,499,21,95.79,23.083366733466935,45.011222444889775,2.7988176352705407
2023-06-21,ASN,아산공장,B,451,18,96.01,22.976940133037694,44.6370288248337,2.7870953436807095
2023-06-21,ASN,아산공장,C,53,1,98.11,22.754716981132077,44.82641509433962,2.7339622641509433
2023-06-21,GWJ,광주공장,A,274,10,96.35,22.90182481751825,44.670802919708024,2.8114598540145987
2023-06-21,GWJ,광주공장,B,269,7,97.4,22.86245353159851,45.2542750929368,2.7781040892193305
2023-06-21,GWJ,광주공장,C,40,1,97.5,21.82,44.32,2.809
2023-06-21,HWS,화성공장,A,294,9,96.94,22.868367346938776,45.403401360544215,2.828231292517007
2023-06-21,HWS,화성공장,B,269,9,96.65,23.085873605947956,44.74200743494424,2.77271375464684
2023-06-21,HWS,화성공장,C,32,1,96.88,22.4625,44.546875,2.86875
2023-06-21,ULN,울산공장,A,808,32,96.04,22.79059405940594,45.03205445544555,2.7747524752475248
2023-06-21,ULN,울산공장,B,886,39,95.6,23.060722347629795,44.69029345372461,2.795395033860045
2023-06-21,ULN,울산공장,C,122,6,95.08,23.19344262295082,45.52213114754098,2.752377049180328
2023-06-22,ASN,아산공장,A,474,20,95.78,22.749367088607595,45.49135021097047,2.790590717299578
2023-06-22,ASN,아산공장,B,455,15,96.7,23.06967032967033,45.22923076923077,2.806175824175824
2023-06-22,ASN,아산공장,C,52,4,92.31,22.61730769230769,44.35576923076923,2.748653846153846
2023-06-22,GWJ,광주공장,A,278,12,95.68,22.867625899280576,45.104676258992804,2.8061151079136692
2023-06-22,GWJ,광주공장,B,310,9,97.1,22.956774193548387,44.79774193548387,2.8283870967741933
2023-06-22,GWJ,광주공장,C,29,4,86.21,22.43448275862069,48.782758620689656,2.7917241379310345
2023-06-22,HWS,화성공장,A,276,9,96.74,22.941304347826087,44.7231884057971,2.8123913043478264
2023-06-22,HWS,화성공장,B,267,11,95.88,23.331086142322096,44.47565543071161,2.8025468164794005
2023-06-22,HWS,화성공장,C,29,2,93.1,23.95862068965517,44.12413793103448,2.8275862068965516
2023-06-22,ULN,울산공장,A,825,37,95.52,23.061818181818182,44.88678787878788,2.798969696969697
2023-06-22,ULN,울산공장,B,855,20,97.66,22.976023391812866,44.82093567251462,2.7994152046783625
2023-06-22,ULN,울산공장,C,97,5,94.85,23.02268041237113,44.95979381443299,2.788969072164948
2023-06-23,ASN,아산공장,A,457,15,96.72,23.028884026258208,44.98030634573304,2.8018380743982494
2023-06-23,ASN,아산공장,B,489,17,96.52,22.8959100204499,44.98057259713701,2.796912065439673
2023-06-23,ASN,아산공장,C,62,4,93.55,22.643548387096775,45.20967741935484,2.8038709677419353
2023-06-23,GWJ,광주공장,A,276,9,96.74,22.557246376811595,44.48695652173913,2.792608695652174
2023-06-23,GWJ,광주공장,B,272,9,96.69,22.98639705882353,45.51323529411765,2.8079779411764707
2023-06-23,GWJ,광주공장,C,32,2,93.75,22.309375,43.340625,2.9025
2023-06-23,HWS,화성공장,A,304,9,97.04,22.892434210526318,45.24967105263158,2.8213486842105264
2023-06-23,HWS,화성공장,B,289,11,96.19,23.149134948096886,44.350519031141864,2.786782006920415
2023-06-23,HWS,화성공장,C,39,4,89.74,23.8,44.369230769230775,2.8907692307692305
2023-06-23,ULN,울산공장,A,845,47,94.44,23.137159763313612,44.91408284023669,2.7971952662721895
2023-06-23,ULN,울산공장,B,826,33,96.0,22.988014527845035,45.00871670702179,2.8059200968523004
2023-06-23,ULN,울산공장,C,117,8,93.16,23.115384615384617,45.044444444444444,2.755897435897436
2023-06-24,ASN,아산공장,A,446,20,95.52,23.219730941704036,45.176233183856496,2.8222869955156953
2023-06-24,ASN,아산공장,B,452,18,96.02,23.11238938053097,44.89380530973451,2.798938053097345
2023-06-24,ASN,아산공장,C,58,2,96.55,23.356896551724137,45.96206896551725,2.794655172413793
2023-06-24,GWJ,광주공장,A,282,8,97.16,22.638652482269507,44.52127659574468,2.77
2023-06-24,GWJ,광주공장,B,283,7,97.53,23.10070671378092,45.561837455830386,2.8235335689045935
2023-06-24,GWJ,광주공장,C,32,1,96.88,23.2375,45.559375,2.8425
2023-06-24,HWS,화성공장,A,298,14,95.3,22.872818791946308,44.64832214765101,2.812986577181208
2023-06-24,HWS,화성공장,B,283,11,96.11,22.857950530035335,44.65159010600706,2.7891166077738516
2023-06-24,HWS,화성공장,C,26,2,92.31,22.865384615384617,44.83846153846154,2.786153846153846
2023-06-24,ULN,울산공장,A,876,46,94.75,23.017351598173516,44.961301369863016,2.8006963470319635
2023-06-24,ULN,울산공장,B,846,28,96.69,23.046335697399527,44.85791962174941,2.801560283687943
2023-06-24,ULN,울산공장,C,91,8,91.21,23.02857142857143,45.723076923076924,2.7635164835164834
2023-06-25,ASN,아산공장,A,454,24,94.71,22.877533039647577,45.04977973568282,2.796541850220264
2023-06-25,ASN,아산공장,B,433,18,95.84,22.842725173210162,44.53926096997691,2.803533487297922
2023-06-25,ASN,아산공장,C,52,2,96.15,23.16346153846154,46.728846153846156,2.7578846153846155
2023-06-25,GWJ,광주공장,A,307,15,95.11,23.019218241042346,45.81889250814332,2.8143973941368077
2023-06-25,GWJ,광주공장,B,285,16,94.39,23.288070175438598,44.636842105263156,2.779017543859649
2023-06-25,GWJ,광주공장,C,44,2,95.45,23.270454545454545,48.95,2.8606818181818183
2023-06-25,HWS,화성공장,A,255,14,94.51,23.094901960784313,44.81803921568628,2.8158431372549018
2023-06-25,HWS,화성공장,B,303,16,94.72,22.99009900990099,46.074587458745874,2.811980198019802
2023-06-25,HWS,화성공장,C,25,0,100.0,23.048000000000002,47.496,2.8152
2023-06-25,ULN,울산공장,A,795,30,96.23,23.13106918238994,45.38943396226415,2.8058238993710694
2023-06-25,ULN,울산공장,B,853,31,96.37,22.946189917936692,44.28511137162954,2.814876905041032
2023-06-25,ULN,울산공장,C,106,7,93.4,23.233962264150946,44.806603773584904,2.7698113207547173
2023-06-26,ASN,아산공장,A,438,24,94.52,22.921232876712327,43.901598173515985,2.7722374429223744
2023-06-26,ASN,아산공장,B,429,11,97.44,23.017482517482517,45.55128205128205,2.819044289044289
2023-06-26,ASN,아산공장,C,55,5,90.91,23.034545454545455,44.514545454545456,2.832
2023-06-26,GWJ,광주공장,A,291,16,94.5,23.045017182130586,44.256013745704465,2.7722680412371137
2023-06-26,GWJ,광주공장,B,292,10,96.58,23.215068493150685,45.354109589041094,2.8114383561643836
2023-06-26,GWJ,광주공장,C,36,5,86.11,23.37222222222222,45.391666666666666,2.7555555555555555
2023-06-26,HWS,화성공장,A,283,8,97.17,23.292226148409892,44.68586572438163,2.8001060070671375
2023-06-26,HWS,화성공장,B,282,14,95.04,23.00531914893617,45.28758865248227,2.780709219858156
2023-06-26,HWS,화성공장,C,32,2,93.75,22.934375,45.265625,2.6984375
2023-06-26,ULN,울산공장,A,877,36,95.9,23.10980615735462,44.46841505131129,2.7941277080957807
2023-06-26,ULN,울산공장,B,826,41,95.04,23.07602905569007,45.03837772397094,2.795181598062954
2023-06-26,ULN,울산공장,C,106,3,97.17,22.513207547169813,45.04716981132076,2.85688679245283
2023-06-27,ASN,아산공장,A,484,18,96.28,23.070661157024794,44.75413223140496,2.796095041322314
2023-06-27,ASN,아산공장,B,524,25,95.23,23.36583969465649,44.54942748091603,2.802519083969466
2023-06-27,ASN,아산공장,C,48,3,93.75,23.241666666666664,44.72708333333333,2.8200000000000003
2023-06-27,GWJ,광주공장,A,286,10,96.5,23.00909090909091,44.88531468531469,2.7873776223776225
2023-06-27,GWJ,광주공장,B,238,6,97.48,22.842436974789916,44.77100840336134,2.8189915966386554
2023-06-27,GWJ,광주공장,C,24,1,95.83,22.729166666666668,43.6625,2.920833333333333
2023-06-27,HWS,화성공장,A,316,15,95.25,23.18164556962025,43.72215189873418,2.79129746835443
2023-06-27,HWS,화성공장,B,274,6,97.81,22.944160583941606,45.29051094890511,2.8047445255474455
2023-06-27,HWS,화성공장,C,31,2,93.55,23.63225806451613,47.55806451612903,2.8787096774193546
2023-06-27,ULN,울산공장,A,835,38,95.45,22.94251497005988,45.132335329341316,2.7962754491017963
2023-06-27,ULN,울산공장,B,867,41,95.27,22.962860438292964,45.24463667820069,2.816482122260669
2023-06-27,ULN,울산공장,C,105,13,87.62,22.82,44.68190476190477,2.7364761904761905
2023-06-28,ASN,아산공장,A,495,21,95.76,22.99838383838384,44.623636363636365,2.798808080808081
2023-06-28,ASN,아산공장,B,439,12,97.27,23.15261958997722,44.58542141230068,2.8051708428246016
2023-06-28,ASN,아산공장,C,55,4,92.73,23.025454545454547,45.06363636363636,2.788363636363637
2023-06-28,GWJ,광주공장,A,278,5,98.2,22.922661870503596,45.12625899280576,2.793453237410072
2023-06-28,GWJ,광주공장,B,270,8,97.04,23.116296296296294,44.66222222222222,2.801148148148148
2023-06-28,GWJ,광주공장,C,30,1,96.67,22.86,45.20333333333333,2.838
2023-06-28,HWS,화성공장,A,280,15,94.64,23.261785714285715,45.3025,2.7728214285714285
2023-06-28,HWS,화성공장,B,269,7,97.4,23.33977695167286,44.36468401486989,2.8036431226765797
2023-06-28,HWS,화성공장,C,39,5,87.18,23.682051282051283,45.74871794871795,2.813076923076923
2023-06-28,ULN,울산공장,A,886,29,96.73,23.00327313769752,44.940406320541754,2.7982505643340856
2023-06-28,ULN,울산공장,B,816,34,95.83,22.950122549019607,44.72022058823529,2.789375
2023-06-28,ULN,울산공장,C,93,6,93.55,22.895698924731185,45.71612903225807,2.753010752688172
2023-06-29,ASN,아산공장,A,469,15,96.8,22.84136460554371,45.86289978678038,2.7880170575692964
2023-06-29,ASN,아산공장,B,430,9,97.91,23.074418604651164,44.98232558139535,2.7928604651162794
2023-06-29,ASN,아산공장,C,49,4,91.84,23.324489795918367,45.3,2.7677551020408164
2023-06-29,GWJ,광주공장,A,284,11,96.13,22.700352112676054,44.36021126760563,2.7945422535211266
2023-06-29,GWJ,광주공장,B,297,13,95.62,22.934006734006733,44.145791245791244,2.793164983164983
2023-06-29,GWJ,광주공장,C,37,2,94.59,23.237837837837837,45.37567567567568,2.834054054054054
2023-06-29,HWS,화성공장,A,302,10,96.69,23.134437086092717,45.18807947019867,2.7949006622516555
2023-06-29,HWS,화성공장,B,291,7,97.59,22.78384879725086,45.14123711340206,2.810446735395189
2023-06-29,HWS,화성공장,C,34,2,94.12,22.373529411764707,43.74411764705882,2.7720588235294117
2023-06-29,ULN,울산공장,A,842,29,96.56,23.058313539192397,45.10142517814727,2.8103681710213775
2023-06-29,ULN,울산공장,B,778,28,96.4,23.042416452442158,45.10552699228791,2.797789203084833
2023-06-29,ULN,울산공장,C,111,6,94.59,22.72882882882883,44.59369369369369,2.788918918918919
2023-06-30,ASN,아산공장,A,430,20,95.35,22.842558139534884,44.82976744186046,2.8288837209302327
2023-06-30,ASN,아산공장,B,459,14,96.95,22.91917211328976,44.63115468409586,2.7853376906318084
2023-06-30,ASN,아산공장,C,69,2,97.1,22.911594202898552,44.75797101449275,2.7704347826086955
2023-06-30,GWJ,광주공장,A,299,11,96.32,22.956187290969897,45.528762541806024,2.7718060200668897
2023-06-30,GWJ,광주공장,B,285,15,94.74,23.237894736842104,44.39122807017544,2.820280701754386
2023-06-30,GWJ,광주공장,C,21,1,95.24,23.095238095238095,47.31904761904762,2.7733333333333334
2023-06-30,HWS,화성공장,A,298,9,96.98,23.196308724832214,44.78624161073825,2.7880872483221477
2023-06-30,HWS,화성공장,B,279,12,95.7,22.714336917562726,45.34623655913979,2.788924731182796
2023-06-30,HWS,화성공장,C,35,2,94.29,23.665714285714284,44.02571428571429,2.7922857142857143
2023-06-30,ULN,울산공장,A,828,36,95.65,22.983454106280192,44.975966183574876,2.7863285024154587
2023-06-30,ULN,울산공장,B,820,29,96.46,23.059268292682926,44.62073170731707,2.8039268292682924
2023-06-30,ULN,울산공장,C,105,2,98.1,22.897142857142857,45.98,2.818857142857143
2023-07-01,ASN,아산공장,A,478,20,95.82,23.13389121338912,44.60836820083682,2.802991631799163
2023-07-01,ASN,아산공장,B,479,18,96.24,22.854697286012524,44.657828810020874,2.7806889352818374
2023-07-01,ASN,아산공장,C,48,6,87.5,22.49791666666667,45.76458333333333,2.811458333333333
2023-07-01,GWJ,광주공장,A,279,11,96.06,22.9247311827957,45.0573476702509,2.7850179211469532
2023-07-01,GWJ,광주공장,B,315,7,97.78,22.992698412698413,44.94888888888889,2.805777777777778
2023-07-01,GWJ,광주공장,C,31,1,96.77,22.683870967741935,44.41935483870968,2.854516129032258
2023-07-01,HWS,화성공장,A,318,11,96.54,22.894025157232704,45.39811320754717,2.7905974842767294
2023-07-01,HWS,화성공장,B,270,18,93.33,23.03925925925926,44.83925925925926,2.7988148148148144
2023-07-01,HWS,화성공장,C,33,2,93.94,21.936363636363637,45.199999999999996,2.743333333333333
2023-07-01,ULN,울산공장,A,851,42,95.06,23.122326674500584,45.22373678025852,2.797262044653349
2023-07-01,ULN,울산공장,B,846,36,95.74,23.14432624113475,45.18841607565012,2.789290780141844
2023-07-01,ULN,울산공장,C,109,4,96.33,23.25045871559633,44.10550458715596,2.756605504587156
2023-07-02,ASN,아산공장,A,449,20,95.55,22.98307349665924,44.66792873051225,2.798685968819599
2023-07-02,ASN,아산공장,B,503,14,97.22,23.060238568588467,44.720675944334,2.795825049701789
2023-07-02,ASN,아산공장,C,57,1,98.25,23.12456140350877,44.07368421052631,2.7303508771929823
2023-07-02,GWJ,광주공장,A,268,14,94.78,22.78208955223881,44.185447761194034,2.801679104477612
2023-07-02,GWJ,광주공장,B,285,12,95.79,22.93438596491228,46.10421052631579,2.7901052631578946
2023-07-02,GWJ,광주공장,C,41,3,92.68,22.804878048780488,44.91219512195122,2.7582926829268293
2023-07-02,HWS,화성공장,A,330,15,95.45,23.14787878787879,44.89909090909091,2.7673636363636365
2023-07-02,HWS,화성공장,B,303,15,95.05,23.041584158415844,45.44488448844884,2.7943894389438944
2023-07-02,HWS,화성공장,C,35,4,88.57,22.771428571428572,47.55142857142857,2.789428571428571
2023-07-02,ULN,울산공장,A,833,25,97.0,22.81392557022809,44.80600240096039,2.791188475390156
2023-07-02,ULN,울산공장,B,845,28,96.69,23.166153846153847,45.356568047337284,2.798568047337278
2023-07-02,ULN,울산공장,C,113,12,89.38,22.66991150442478,45.40442477876106,2.793805309734513
2023-07-03,ASN,아산공장,A,477,23,95.18,23.06624737945493,45.31111111111112,2.817987421383648
2023-07-03,ASN,아산공장,B,463,25,94.6,22.723974082073436,45.40043196544277,2.802354211663067
2023-07-03,ASN,아산공장,C,62,6,90.32,22.50483870967742,44.14032258064516,2.8649999999999998
2023-07-03,GWJ,광주공장,A,260,6,97.69,22.834615384615386,44.78884615384616,2.8211153846153847
2023-07-03,GWJ,광주공장,B,287,6,97.91,23.03240418118467,44.77456445993031,2.8170034843205576
2023-07-03,GWJ,광주공장,C,41,1,97.56,22.609756097560975,44.604878048780485,2.7956097560975612
2023-07-03,HWS,화성공장,A,297,9,96.97,22.846464646464646,44.78552188552188,2.8296632996632995
2023-07-03,HWS,화성공장,B,288,9,96.88,22.8125,44.888888888888886,2.7845833333333334
2023-07-03,HWS,화성공장,C,39,5,87.18,22.664102564102564,46.62564102564103,2.793846153846154
2023-07-03,ULN,울산공장,A,856,41,95.21,22.95864485981308,45.33866822429907,2.7844392523364485
2023-07-03,ULN,울산공장,B,812,24,97.04,22.936206896551724,45.54150246305419,2.7961576354679805
2023-07-03,ULN,울산공장,C,93,2,97.85,23.23010752688172,44.76129032258065,2.7665591397849463
2023-07-04,ASN,아산공장,A,481,27,94.39,23.085031185031184,45.31933471933472,2.7833471933471934
2023-07-04,ASN,아산공장,B,482,14,97.1,22.798132780082987,45.169709543568466,2.7730912863070536
2023-07-04,ASN,아산공장,C,55,6,89.09,22.95818181818182,44.00545454545455,2.706363636363636
2023-07-04,GWJ,광주공장,A,289,12,95.85,23.222837370242214,44.8719723183391,2.791522491349481
2023-07-04,GWJ,광주공장,B,282,15,94.68,23.130141843971632,45.327659574468086,2.809645390070922
2023-07-04,GWJ,광주공장,C,34,2,94.12,23.120588235294118,44.12352941176471,2.7273529411764708
2023-07-04,HWS,화성공장,A,290,12,95.86,23.00793103448276,44.4051724137931,2.7907586206896555
2023-07-04,HWS,화성공장,B,258,5,98.06,23.196124031007752,46.060077519379846,2.819302325581395
2023-07-04,HWS,화성공장,C,37,2,94.59,22.18378378378378,45.27837837837838,2.752972972972973
2023-07-04,ULN,울산공장,A,850,31,96.35,23.20964705882353,45.29352941176471,2.7863764705882352
2023-07-04,ULN,울산공장,B,818,29,96.45,22.94278728606357,45.217237163814175,2.7919315403422984
2023-07-04,ULN,울산공장,C,104,2,98.08,23.090384615384615,44.24134615384616,2.816346153846154
2023-07-05,ASN,아산공장,A,492,23,95.33,22.866666666666667,44.7130081300813,2.809756097560976
2023-07-05,ASN,아산공장,B,500,17,96.6,22.9516,45.693400000000004,2.8032399999999997
2023-07-05,ASN,아산공장,C,56,4,92.86,23.110714285714288,45.191071428571426,2.7123214285714288
2023-07-05,GWJ,광주공장,A,286,13,95.45,23.04020979020979,44.62587412587413,2.8144755244755246
2023-07-05,GWJ,광주공장,B,282,8,97.16,22.641134751773052,44.82801418439716,2.8141843971631206
2023-07-05,GWJ,광주공장,C,29,1,96.55,22.841379310344827,44.43793103448276,2.887241379310345
2023-07-05,HWS,화성공장,A,232,11,95.26,22.864224137931036,44.658620689655166,2.790344827586207
2023-07-05,HWS,화성공장,B,292,11,96.23,22.990068493150687,45.285616438356165,2.8030479452054795
2023-07-05,HWS,화성공장,C,32,2,93.75,23.015625,44.85625,2.7653125
2023-07-05,ULN,울산공장,A,832,22,97.36,23.05733173076923,45.10168269230769,2.789903846153846
2023-07-05,ULN,울산공장,B,829,27,96.74,22.90699638118215,44.90349819059107,2.8112183353437876
2023-07-05,ULN,울산공장,C,99,4,95.96,22.96161616161616,45.385858585858585,2.784040404040404
2023-07-06,ASN,아산공장,A,490,22,95.51,23.026326530612245,44.83795918367347,2.8054897959183673
2023-07-06,ASN,아산공장,B,472,19,95.97,23.213771186440677,45.67902542372882,2.7966313559322034
2023-07-06,ASN,아산공장,C,74,7,90.54,23.304054054054053,45.21351351351352,2.77
2023-07-06,GWJ,광주공장,A,316,19,93.99,22.870253164556964,44.5246835443038,2.8062025316455697
2023-07-06,GWJ,광주공장,B,323,14,95.67,23.095046439628483,45.407430340557276,2.792879256965944
2023-07-06,GWJ,광주공장,C,39,1,97.44,22.997435897435896,44.382051282051286,2.842307692307692
2023-07-06,HWS,화성공장,A,283,12,95.76,22.53462897526502,44.7,2.774416961130742
2023-07-06,HWS,화성공장,B,261,9,96.55,22.75095785440613,45.26704980842912,2.8237164750957855
2023-07-06,HWS,화성공장,C,45,3,93.33,23.34888888888889,45.422222222222224,2.7744444444444443
2023-07-06,ULN,울산공장,A,826,32,96.13,22.988256658595642,44.68886198547216,2.8075302663438255
2023-07-06,ULN,울산공장,B,840,38,95.48,22.97107142857143,45.07095238095238,2.8128214285714286
2023-07-06,ULN,울산공장,C,123,11,91.06,23.01219512195122,45.516260162601625,2.8247154471544715
2023-07-07,ASN,아산공장,A,432,17,96.06,23.18865740740741,45.47731481481482,2.801574074074074
2023-07-07,ASN,아산공장,B,434,11,97.47,23.02073732718894,45.10760368663595,2.8240783410138253
2023-07-07,ASN,아산공장,C,57,8,85.96,23.76140350877193,45.545614035087716,2.7814035087719295
2023-07-07,GWJ,광주공장,A,280,9,96.79,22.73392857142857,45.301071428571426,2.801535714285714
2023-07-07,GWJ,광주공장,B,298,16,94.63,22.87751677852349,44.34932885906041,2.7883557046979863
2023-07-07,GWJ,광주공장,C,42,2,95.24,23.15714285714286,44.233333333333334,2.8033333333333332
2023-07-07,HWS,화성공장,A,279,9,96.77,22.981720430107526,44.78637992831541,2.765913978494624
2023-07-07,HWS,화성공장,B,285,10,96.49,22.82280701754386,44.49438596491228,2.8113684210526317
2023-07-07,HWS,화성공장,C,23,0,100.0,22.599999999999998,43.84782608695652,2.8691304347826083
2023-07-07,ULN,울산공장,A,860,19,97.79,23.120116279069766,44.69104651162791,2.805093023255814
2023-07-07,ULN,울산공장,B,820,32,96.1,23.072560975609758,44.753292682926826,2.7937195121951217
2023-07-07,ULN,울산공장,C,101,6,94.06,23.15940594059406,45.86138613861386,2.8153465346534654
2023-07-08,ASN,아산공장,A,463,21,95.46,23.04816414686825,44.82591792656588,2.792850971922246
2023-07-08,ASN,아산공장,B,473,21,95.56,22.721353065539112,45.01289640591966,2.822219873150106
2023-07-08,ASN,아산공장,C,78,3,96.15,23.16025641025641,46.24487179487179,2.8287179487179483
2023-07-08,GWJ,광주공장,A,258,13,94.96,23.13372093023256,45.10271317829457,2.8032945736434107
2023-07-08,GWJ,광주공장,B,276,9,96.74,23.113768115942026,45.030072463768114,2.835072463768116
2023-07-08,GWJ,광주공장,C,26,1,96.15,22.161538461538463,45.96923076923077,2.7399999999999998
2023-07-08,HWS,화성공장,A,276,6,97.83,22.86268115942029,44.89384057971015,2.7906159420289858
2023-07-08,HWS,화성공장,B,303,10,96.7,23.10924092409241,44.78745874587459,2.802970297029703
2023-07-08,HWS,화성공장,C,29,0,100.0,23.620689655172413,43.220689655172414,2.746896551724138
2023-07-08,ULN,울산공장,A,893,47,94.74,23.07458006718925,44.905599104143334,2.7979843225083987
2023-07-08,ULN,울산공장,B,794,31,96.1,22.821662468513857,45.215869017632244,2.7834508816120906
2023-07-08,ULN,울산공장,C,101,8,92.08,23.00792079207921,45.220792079207925,2.813069306930693
2023-07-09,ASN,아산공장,A,473,25,94.71,22.989640591966175,44.2600422832981,2.803805496828753
2023-07-09,ASN,아산공장,B,463,19,95.9,23.116630669546435,44.80626349892008,2.8168250539956805
2023-07-09,ASN,아산공장,C,62,3,95.16,22.416129032258063,44.61129032258064,2.7458064516129035
2023-07-09,GWJ,광주공장,A,294,15,94.9,23.24285714285714,44.7969387755102,2.7821768707482994
2023-07-09,GWJ,광주공장,B,267,8,97.0,22.737453183520596,44.87078651685393,2.800936329588015
2023-07-09,GWJ,광주공장,C,31,2,93.55,21.958064516129035,45.016129032258064,2.7893548387096776
2023-07-09,HWS,화성공장,A,279,11,96.06,23.163082437275985,44.90430107526881,2.7989605734767022
2023-07-09,HWS,화성공장,B,287,6,97.91,23.173867595818813,45.358536585365854,2.781533101045296
2023-07-09,HWS,화성공장,C,21,2,90.48,23.385714285714286,43.70952380952381,2.7685714285714287
2023-07-09,ULN,울산공장,A,825,44,94.67,22.939636363636364,45.22860606060606,2.7706909090909093
2023-07-09,ULN,울산공장,B,795,23,97.11,22.81496855345912,44.984779874213835,2.806603773584906
2023-07-09,ULN,울산공장,C,109,9,91.74,23.25321100917431,45.675229357798166,2.8274311926605504
2023-07-10,ASN,아산공장,A,463,24,94.82,22.94622030237581,44.89784017278618,2.793866090712743
2023-07-10,ASN,아산공장,B,508,18,96.46,23.053937007874016,44.97716535433071,2.7828937007874015
2023-07-10,ASN,아산공장,C,58,2,96.55,22.26551724137931,44.460344827586205,2.7205172413793104
2023-07-10,GWJ,광주공장,A,258,15,94.19,22.82790697674419,44.583333333333336,2.8181007751937988
2023-07-10,GWJ,광주공장,B,265,6,97.74,22.761509433962264,44.99471698113208,2.8333207547169814
2023-07-10,GWJ,광주공장,C,28,1,96.43,23.342857142857145,45.50714285714286,2.751428571428572
2023-07-10,HWS,화성공장,A,270,8,97.04,23.18259259259259,44.21333333333333,2.7867407407407407
2023-07-10,HWS,화성공장,B,314,13,95.86,23.075477707006367,44.146815286624204,2.801496815286624
2023-07-10,HWS,화성공장,C,32,0,100.0,22.303125,43.31875,2.7671875
2023-07-10,ULN,울산공장,A,835,43,94.85,22.991497005988027,45.39700598802395,2.792383233532934
2023-07-10,ULN,울산공장,B,821,42,94.88,23.08721071863581,45.42801461632156,2.8055176613885506
2023-07-10,ULN,울산공장,C,109,4,96.33,23.15137614678899,45.809174311926604,2.8206422018348625
2023-07-11,ASN,아산공장,A,458,20,95.63,22.951528384279474,44.952401746724895,2.809934497816594
2023-07-11,ASN,아산공장,B,449,17,96.21,23.098886414253897,45.161469933184854,2.7883296213808464
2023-07-11,ASN,아산공장,C,66,6,90.91,23.23787878787879,44.82424242424243,2.751212121212121
2023-07-11,GWJ,광주공장,A,273,8,97.07,23.102564102564102,44.81355311355311,2.794175824175824
2023-07-11,GWJ,광주공장,B,263,11,95.82,22.914828897338403,45.20152091254753,2.775475285171103
2023-07-11,GWJ,광주공장,C,35,5,85.71,23.408571428571427,44.84285714285714,2.8634285714285714
2023-07-11,HWS,화성공장,A,272,5,98.16,22.96985294117647,45.12242647058823,2.784742647058824
2023-07-11,HWS,화성공장,B,265,11,95.85,23.11811320754717,45.63283018867925,2.7797358490566038
2023-07-11,HWS,화성공장,C,40,4,90.0,23.482499999999998,43.364999999999995,2.79875
2023-07-11,ULN,울산공장,A,853,45,94.72,23.112309495896834,44.75322391559203,2.8026260257913247
2023-07-11,ULN,울산공장,B,838,28,96.66,22.884009546539378,44.76933174224343,2.785656324582339
2023-07-11,ULN,울산공장,C,119,10,91.6,22.778991596638654,44.01428571428571,2.7912605042016807
2023-07-12,ASN,아산공장,A,474,18,96.2,22.89282700421941,45.65654008438819,2.8030801687763716
2023-07-12,ASN,아산공장,B,448,16,96.43,23.021205357142858,45.16941964285714,2.80375
2023-07-12,ASN,아산공장,C,57,4,92.98,22.943859649122807,47.0719298245614,2.865087719298246
2023-07-12,GWJ,광주공장,A,288,13,95.49,22.833680555555556,44.89375,2.7982291666666668
2023-07-12,GWJ,광주공장,B,247,13,94.74,22.950202429149797,45.738461538461536,2.8048178137651822
2023-07-12,GWJ,광주공장,C,36,4,88.89,22.808333333333334,46.11666666666667,2.790277777777778
2023-07-12,HWS,화성공장,A,272,10,96.32,23.282720588235293,44.8125,2.8140073529411764
2023-07-12,HWS,화성공장,B,282,8,97.16,22.915602836879433,45.2145390070922,2.8035106382978725
2023-07-12,HWS,화성공장,C,39,1,97.44,22.46666666666667,44.57435897435898,2.837948717948718
2023-07-12,ULN,울산공장,A,801,43,94.63,22.9561797752809,45.051935081148564,2.8021972534332082
2023-07-12,ULN,울산공장,B,855,32,96.26,23.08315789473684,45.34304093567252,2.794736842105263
2023-07-12,ULN,울산공장,C,99,6,93.94,22.172727272727272,43.58080808080808,2.774040404040404
2023-07-13,ASN,아산공장,A,494,21,95.75,23.232186234817814,45.623684210526314,2.8135627530364373
2023-07-13,ASN,아산공장,B,448,10,97.77,23.2609375,45.04575892857143,2.806629464285714
2023-07-13,ASN,아산공장,C,57,5,91.23,22.975438596491227,43.43508771929825,2.7971929824561403
2023-07-13,GWJ,광주공장,A,282,12,95.74,23.2677304964539,45.86524822695036,2.8313120567375885
2023-07-13,GWJ,광주공장,B,265,11,95.85,23.407169811320752,44.99849056603774,2.777132075471698
2023-07-13,GWJ,광주공장,C,34,1,97.06,23.63235294117647,44.544117647058826,2.805
2023-07-13,HWS,화성공장,A,274,12,95.62,22.882116788321166,45.63868613138686,2.817992700729927
2023-07-13,HWS,화성공장,B,293,8,97.27,23.0160409556314,44.49863481228669,2.784948805460751
2023-07-13,HWS,화성공장,C,43,1,97.67,22.790697674418606,45.78139534883721,2.816279069767442
2023-07-13,ULN,울산공장,A,826,27,96.73,22.971670702179175,45.26053268765133,2.8097457627118643
2023-07-13,ULN,울산공장,B,792,20,97.47,22.991414141414143,45.24659090909091,2.7863636363636366
2023-07-13,ULN,울산공장,C,100,5,95.0,22.851999999999997,44.766000000000005,2.7533999999999996
2023-07-14,ASN,아산공장,A,436,19,95.64,22.755045871559634,44.341513761467894,2.7959174311926605
2023-07-14,ASN,아산공장,B,478,21,95.61,22.97238493723849,45.33891213389121,2.794811715481172
2023-07-14,ASN,아산공장,C,52,1,98.08,22.346153846153847,45.06346153846154,2.805769230769231
2023-07-14,GWJ,광주공장,A,284,12,95.77,22.97112676056338,45.034507042253516,2.808380281690141
2023-07-14,GWJ,광주공장,B,285,10,96.49,23.029473684210526,44.2021052631579,2.822035087719298
2023-07-14,GWJ,광주공장,C,40,5,87.5,23.02,46.1175,2.7642499999999997
2023-07-14,HWS,화성공장,A,270,14,94.81,22.752592592592592,44.8237037037037,2.785037037037037
2023-07-14,HWS,화성공장,B,250,13,94.8,22.877200000000002,44.848,2.82404
2023-07-14,HWS,화성공장,C,33,3,90.91,22.975757575757576,46.224242424242426,2.7793939393939393
2023-07-14,ULN,울산공장,A,812,28,96.55,22.989285714285714,45.097536945812806,2.7987315270935964
2023-07-14,ULN,울산공장,B,810,26,96.79,23.02777777777778,45.3225925925926,2.7949382716049382
2023-07-14,ULN,울산공장,C,108,6,94.44,22.15740740740741,45.675925925925924,2.7734259259259257
2023-07-15,ASN,아산공장,A,415,23,94.46,23.123373493975905,45.327951807228914,2.7856867469879516
2023-07-15,ASN,아산공장,B,471,16,96.6,23.0656050955414,44.97048832271762,2.81135881104034
2023-07-15,ASN,아산공장,C,57,1,98.25,23.171929824561403,44.50350877192982,2.8421052631578947
2023-07-15,GWJ,광주공장,A,268,9,96.64,22.872014925373133,45.28283582089552,2.7873880597014926
2023-07-15,GWJ,광주공장,B,309,12,96.12,22.771521035598703,45.06504854368932,2.8067313915857603
2023-07-15,GWJ,광주공장,C,32,4,87.5,23.721875,44.84375,2.8103125
2023-07-15,HWS,화성공장,A,282,7,97.52,23.04113475177305,44.78829787234042,2.8221985815602837
2023-07-15,HWS,화성공장,B,291,11,96.22,22.912714776632303,45.450171821305844,2.8412027491408933
2023-07-15,HWS,화성공장,C,34,5,85.29,22.558823529411764,43.82941176470588,2.7926470588235297
2023-07-15,ULN,울산공장,A,832,31,96.27,23.17247596153846,44.606490384615384,2.817487980769231
2023-07-15,ULN,울산공장,B,797,33,95.86,22.867252195734004,45.315558343789206,2.785922208281054
2023-07-15,ULN,울산공장,C,109,7,93.58,22.737614678899085,44.965137614678895,2.7958715596330275
2023-07-16,ASN,아산공장,A,461,20,95.66,22.745986984815616,45.082212581344905,2.790065075921909
2023-07-16,ASN,아산공장,B,497,21,95.77,22.906841046277666,45.22716297786721,2.7723541247484906
2023-07-16,ASN,아산공장,C,73,3,95.89,23.164383561643834,44.57671232876712,2.786849315068493
2023-07-16,GWJ,광주공장,A,273,12,95.6,23.057875457875458,45.9010989010989,2.7725641025641026
2023-07-16,GWJ,광주공장,B,262,9,96.56,22.763358778625953,45.23320610687023,2.800496183206107
2023-07-16,GWJ,광주공장,C,29,2,93.1,22.941379310344825,46.275862068965516,2.8148275862068965
2023-07-16,HWS,화성공장,A,290,11,96.21,22.77551724137931,44.91206896551724,2.7969310344827587
2023-07-16,HWS,화성공장,B,289,14,95.16,22.87266435986159,44.77162629757785,2.8305190311418684
2023-07-16,HWS,화성공장,C,38,0,100.0,22.652631578947368,45.19210526315789,2.773421052631579
2023-07-16,ULN,울산공장,A,850,36,95.76,22.905058823529412,44.30376470588235,2.8214
2023-07-16,ULN,울산공장,B,796,21,97.36,22.872864321608038,45.15804020100503,2.785917085427136
2023-07-16,ULN,울산공장,C,98,4,95.92,22.675510204081633,44.05918367346939,2.7570408163265308
2023-07-17,ASN,아산공장,A,448,18,95.98,22.909151785714283,45.324553571428574,2.7938616071428575
2023-07-17,ASN,아산공장,B,489,19,96.11,23.260940695296526,45.21738241308793,2.792126789366053
2023-07-17,ASN,아산공장,C,48,4,91.67,22.852083333333336,44.03541666666666,2.796875
2023-07-17,GWJ,광주공장,A,274,6,97.81,22.84014598540146,45.018613138686135,2.7667883211678834
2023-07-17,GWJ,광주공장,B,260,10,96.15,22.816538461538464,44.7726923076923,2.7786153846153847
2023-07-17,GWJ,광주공장,C,30,1,96.67,22.67,44.376666666666665,2.7723333333333335
2023-07-17,HWS,화성공장,A,277,13,95.31,22.44332129963899,45.55234657039711,2.7917328519855595
2023-07-17,HWS,화성공장,B,282,15,94.68,22.881205673758867,45.57872340425532,2.793191489361702
2023-07-17,HWS,화성공장,C,39,4,89.74,23.653846153846153,45.284615384615385,2.7933333333333334
2023-07-17,ULN,울산공장,A,810,32,96.05,23.005185185185187,44.91345679012346,2.8054197530864196
2023-07-17,ULN,울산공장,B,829,35,95.78,22.860193003618814,45.02726176115802,2.7916405307599517
2023-07-17,ULN,울산공장,C,113,9,92.04,23.4,44.969026548672566,2.7920353982300883
2023-07-18,ASN,아산공장,A,497,29,94.16,22.856338028169016,45.17102615694165,2.788672032193159
2023-07-18,ASN,아산공장,B,487,25,94.87,22.865913757700206,44.68377823408624,2.7901642710472276
2023-07-18,ASN,아산공장,C,73,3,95.89,22.74794520547945,44.07397260273973,2.789041095890411
2023-07-18,GWJ,광주공장,A,269,14,94.8,23.13271375464684,45.51672862453532,2.8000743494423794
2023-07-18,GWJ,광주공장,B,282,11,96.1,22.82127659574468,45.1145390070922,2.8128014184397165
2023-07-18,GWJ,광주공장,C,52,4,92.31,22.801923076923078,43.48461538461538,2.832307692307692
2023-07-18,HWS,화성공장,A,256,13,94.92,22.84609375,45.509375,2.804140625
2023-07-18,HWS,화성공장,B,295,12,95.93,23.007796610169493,44.90338983050847,2.778135593220339
2023-07-18,HWS,화성공장,C,26,2,92.31,23.50769230769231,44.76538461538462,2.878076923076923
2023-07-18,ULN,울산공장,A,875,42,95.2,22.947085714285716,44.89508571428571,2.7994285714285714
2023-07-18,ULN,울산공장,B,840,32,96.19,22.95404761904762,45.01642857142858,2.791047619047619
2023-07-18,ULN,울산공장,C,102,3,97.06,22.852941176470587,44.72549019607843,2.8087254901960783
2023-07-19,ASN,아산공장,A,508,23,95.47,23.116929133858267,44.33641732283465,2.791515748031496
2023-07-19,ASN,아산공장,B,463,20,95.68,22.879049676025918,44.40086393088553,2.7942764578833694
2023-07-19,ASN,아산공장,C,48,1,97.92,22.610416666666666,44.44166666666666,2.785
2023-07-19,GWJ,광주공장,A,280,10,96.43,23.056785714285713,44.40678571428571,2.809535714285714
2023-07-19,GWJ,광주공장,B,247,9,96.36,22.77773279352227,46.159919028340084,2.8132793522267208
2023-07-19,GWJ,광주공장,C,31,0,100.0,24.067741935483873,44.196774193548386,2.7890322580645166
2023-07-19,HWS,화성공장,A,250,4,98.4,23.1368,44.836800000000004,2.8178
2023-07-19,HWS,화성공장,B,264,9,96.59,23.400757575757577,44.60492424242425,2.819810606060606
2023-07-19,HWS,화성공장,C,40,2,95.0,23.1125,43.325,2.83325
2023-07-19,ULN,울산공장,A,796,29,96.36,22.917839195979898,44.93278894472362,2.8055904522613067
2023-07-19,ULN,울산공장,B,860,34,96.05,23.071279069767442,44.875,2.806127906976744
2023-07-19,ULN,울산공장,C,125,9,92.8,22.840799999999998,45.5176,2.76008
2023-07-20,ASN,아산공장,A,421,17,95.96,23.071021377672206,45.8313539192399,2.826365795724466
2023-07-20,ASN,아산공장,B,456,17,96.27,23.087938596491227,44.953508771929826,2.8175657894736843
2023-07-20,ASN,아산공장,C,55,1,98.18,22.643636363636364,45.45090909090909,2.781090909090909
2023-07-20,GWJ,광주공장,A,277,12,95.67,22.937906137184115,45.064259927797835,2.833285198555957
2023-07-20,GWJ,광주공장,B,280,11,96.07,22.916785714285712,44.38035714285714,2.7939642857142855
2023-07-20,GWJ,광주공장,C,36,5,86.11,23.775,45.486111111111114,2.788611111111111
2023-07-20,HWS,화성공장,A,274,13,95.26,23.025912408759126,44.62992700729927,2.799562043795621
2023-07-20,HWS,화성공장,B,266,8,96.99,23.03458646616541,45.29736842105263,2.801315789473684
2023-07-20,HWS,화성공장,C,40,2,95.0,22.89,46.239999999999995,2.8545
2023-07-20,ULN,울산공장,A,827,34,95.89,22.94740024183797,45.08887545344619,2.7913422007255138
2023-07-20,ULN,울산공장,B,818,26,96.82,22.83936430317848,45.30647921760391,2.800317848410758
2023-07-20,ULN,울산공장,C,107,8,92.52,22.46728971962617,44.302803738317756,2.8110280373831773
2023-07-21,ASN,아산공장,A,473,15,96.83,23.13678646934461,45.32029598308668,2.788393234672305
2023-07-21,ASN,아산공장,B,483,22,95.45,22.909523809523808,44.35383022774327,2.792587991718426
2023-07-21,ASN,아산공장,C,63,5,92.06,23.187301587301587,44.96190476190476,2.7477777777777774
2023-07-21,GWJ,광주공장,A,307,19,93.81,23.041693811074918,45.37100977198697,2.8004560260586318
2023-07-21,GWJ,광주공장,B,285,8,97.19,23.106315789473683,44.591578947368426,2.788280701754386
2023-07-21,GWJ,광주공장,C,47,1,97.87,23.22978723404255,45.45744680851064,2.7317021276595743
2023-07-21,HWS,화성공장,A,280,11,96.07,23.174642857142857,45.29678571428572,2.7953928571428572
2023-07-21,HWS,화성공장,B,281,12,95.73,22.773665480427045,44.59110320284697,2.7851245551601425
2023-07-21,HWS,화성공장,C,33,1,96.97,22.439393939393938,43.63333333333333,2.783939393939394
2023-07-21,ULN,울산공장,A,808,25,96.91,22.741831683168318,44.779950495049505,2.799480198019802
2023-07-21,ULN,울산공장,B,849,28,96.7,23.045347467608952,45.3811542991755,2.8136042402826855
2023-07-21,ULN,울산공장,C,112,4,96.43,22.932142857142857,45.449999999999996,2.7950000000000004
2023-07-22,ASN,아산공장,A,510,21,95.88,22.735294117647058,44.988431372549016,2.8053725490196078
2023-07-22,ASN,아산공장,B,488,8,98.36,23.072131147540986,44.653688524590166,2.780655737704918
2023-07-22,ASN,아산공장,C,64,6,90.62,23.728125,45.4015625,2.793125
2023-07-22,GWJ,광주공장,A,276,13,95.29,22.946014492753626,45.030434782608694,2.799492753623188
2023-07-22,GWJ,광주공장,B,280,8,97.14,22.99642857142857,45.07357142857143,2.8008928571428573
2023-07-22,GWJ,광주공장,C,30,0,100.0,23.05,48.87,2.7213333333333334
2023-07-22,HWS,화성공장,A,291,17,94.16,23.090721649484536,44.281786941580755,2.8220618556701034
2023-07-22,HWS,화성공장,B,271,12,95.57,22.866051660516604,45.215129151291514,2.8031734317343173
2023-07-22,HWS,화성공장,C,37,4,89.19,23.354054054054053,44.87837837837838,2.8389189189189192
2023-07-22,ULN,울산공장,A,843,26,96.92,23.23902728351127,45.469750889679716,2.789798339264532
2023-07-22,ULN,울산공장,B,807,33,95.91,23.285749690210654,45.37955390334573,2.805092936802974
2023-07-22,ULN,울산공장,C,111,10,90.99,22.87117117117117,45.15675675675676,2.7957657657657657
2023-07-23,ASN,아산공장,A,517,18,96.52,23.23172147001934,44.91237911025145,2.774119922630561
2023-07-23,ASN,아산공장,B,481,17,96.47,22.83929313929314,45.234927234927234,2.797089397089397
2023-07-23,ASN,아산공장,C,54,0,100.0,22.703703703703702,45.27777777777778,2.917037037037037
2023-07-23,GWJ,광주공장,A,310,14,95.48,23.16516129032258,45.55548387096774,2.801967741935484
2023-07-23,GWJ,광주공장,B,269,8,97.03,22.795910780669146,45.24832713754647,2.7598513011152415
2023-07-23,GWJ,광주공장,C,32,0,100.0,23.03125,44.603125,2.69375
2023-07-23,HWS,화성공장,A,249,12,95.18,23.52168674698795,44.69076305220884,2.768995983935743
2023-07-23,HWS,화성공장,B,279,15,94.62,23.323655913978495,45.22078853046595,2.78831541218638
2023-07-23,HWS,화성공장,C,30,0,100.0,23.233333333333334,46.09,2.746
2023-07-23,ULN,울산공장,A,868,26,97.0,22.91221198156682,44.859907834101385,2.7939285714285718
2023-07-23,ULN,울산공장,B,841,24,97.15,23.100951248513677,45.23424494649227,2.7999167657550537
2023-07-23,ULN,울산공장,C,109,7,93.58,23.357798165137616,45.7045871559633,2.8077981651376147
2023-07-24,ASN,아산공장,A,424,20,95.28,23.107547169811323,45.23278301886793,2.7972169811320753
2023-07-24,ASN,아산공장,B,451,27,94.01,22.902660753880266,44.40864745011086,2.789268292682927
2023-07-24,ASN,아산공장,C,60,2,96.67,23.575,43.86666666666667,2.8016666666666667
2023-07-24,GWJ,광주공장,A,271,14,94.83,22.823616236162362,44.71881918819188,2.7755350553505536
2023-07-24,GWJ,광주공장,B,271,16,94.1,22.654243542435424,44.049446494464945,2.8215129151291514
2023-07-24,GWJ,광주공장,C,27,3,88.89,22.666666666666668,42.8074074074074,2.8629629629629627
2023-07-24,HWS,화성공장,A,281,14,95.02,23.026690391459073,44.84875444839858,2.7801423487544485
2023-07-24,HWS,화성공장,B,284,9,96.83,22.888732394366198,45.30281690140845,2.814154929577465
2023-07-24,HWS,화성공장,C,41,4,90.24,23.47073170731707,44.88780487804878,2.7078048780487802
2023-07-24,ULN,울산공장,A,807,40,95.04,23.079553903345726,44.90086741016109,2.8000247831474594
2023-07-24,ULN,울산공장,B,797,29,96.36,23.070138017565874,44.56700125470515,2.787390213299875
2023-07-24,ULN,울산공장,C,91,7,92.31,22.969230769230766,44.489010989010985,2.802197802197802
2023-07-25,ASN,아산공장,A,455,26,94.29,22.924175824175823,44.67956043956044,2.802373626373626
2023-07-25,ASN,아산공장,B,469,12,97.44,23.06503198294243,44.445202558635394,2.8032409381663115
2023-07-25,ASN,아산공장,C,55,3,94.55,22.803636363636365,45.46,2.8047272727272725
2023-07-25,GWJ,광주공장,A,277,14,94.95,22.8942238267148,44.70036101083033,2.7987364620938626
2023-07-25,GWJ,광주공장,B,275,7,97.45,23.114545454545453,44.85636363636364,2.774981818181818
2023-07-25,GWJ,광주공장,C,22,4,81.82,24.00909090909091,47.06818181818182,2.730909090909091
2023-07-25,HWS,화성공장,A,278,5,98.2,22.936690647482013,45.638129496402875,2.7986330935251797
2023-07-25,HWS,화성공장,B,297,10,96.63,23.203367003367003,44.97272727272727,2.7870707070707073
2023-07-25,HWS,화성공장,C,43,1,97.67,23.662790697674417,46.579069767441865,2.8155813953488376
2023-07-25,ULN,울산공장,A,874,36,95.88,23.187528604118995,45.190274599542334,2.789919908466819
2023-07-25,ULN,울산공장,B,810,35,95.68,22.801234567901236,45.39358024691359,2.795111111111111
2023-07-25,ULN,울산공장,C,124,7,94.35,22.925806451612903,44.604838709677416,2.8179032258064516
2023-07-26,ASN,아산공장,A,446,18,95.96,23.127354260089685,45.47600896860986,2.782309417040359
2023-07-26,ASN,아산공장,B,499,16,96.79,23.13086172344689,44.283366733466934,2.804509018036072
2023-07-26,ASN,아산공장,C,61,3,95.08,23.186885245901642,45.001639344262294,2.8308196721311476
2023-07-26,GWJ,광주공장,A,307,10,96.74,22.591530944625408,45.06677524429968,2.7794788273615634
2023-07-26,GWJ,광주공장,B,236,10,95.76,22.92542372881356,45.11355932203389,2.7916525423728817
2023-07-26,GWJ,광주공장,C,27,1,96.3,21.996296296296297,44.833333333333336,2.8074074074074074
2023-07-26,HWS,화성공장,A,283,12,95.76,23.357597173144875,44.430388692579506,2.827773851590106
2023-07-26,HWS,화성공장,B,280,11,96.07,22.98,44.9225,2.8310357142857145
2023-07-26,HWS,화성공장,C,47,3,93.62,23.348936170212767,45.97446808510639,2.742127659574468
2023-07-26,ULN,울산공장,A,844,35,95.85,23.03554502369668,45.056872037914694,2.788969194312796
2023-07-26,ULN,울산공장,B,868,23,97.35,22.898041474654377,44.79688940092166,2.799746543778802
2023-07-26,ULN,울산공장,C,101,6,94.06,23.359405940594062,44.627722772277224,2.808019801980198
2023-07-27,ASN,아산공장,A,443,15,96.61,23.078103837471783,45.237246049661394,2.82548532731377
2023-07-27,ASN,아산공장,B,438,12,97.26,23.200228310502286,44.53493150684931,2.7978995433789953
2023-07-27,ASN,아산공장,C,71,5,92.96,23.52394366197183,44.31267605633803,2.8498591549295775
2023-07-27,GWJ,광주공장,A,273,12,95.6,22.854945054945052,45.6014652014652,2.8026739926739928
2023-07-27,GWJ,광주공장,B,290,11,96.21,23.07344827586207,45.40965517241379,2.8045517241379314
2023-07-27,GWJ,광주공장,C,39,3,92.31,23.07948717948718,44.41538461538462,2.864358974358974
2023-07-27,HWS,화성공장,A,271,14,94.83,22.75387453874539,45.51365313653137,2.808671586715867
2023-07-27,HWS,화성공장,B,290,12,95.86,23.295172413793104,45.05103448275862,2.813862068965517
2023-07-27,HWS,화성공장,C,45,3,93.33,22.84,44.20222222222222,2.812222222222222
2023-07-27,ULN,울산공장,A,784,29,96.3,23.13724489795918,45.77436224489796,2.7850127551020405
2023-07-27,ULN,울산공장,B,865,31,96.42,22.93699421965318,44.4878612716763,2.809294797687861
2023-07-27,ULN,울산공장,C,116,8,93.1,22.601724137931036,45.03706896551724,2.8230172413793104
2023-07-28,ASN,아산공장,A,480,23,95.21,22.939583333333335,44.825,2.7958958333333332
2023-07-28,ASN,아산공장,B,451,12,97.34,22.887583148558758,45.08580931263858,2.778869179600887
2023-07-28,ASN,아산공장,C,54,3,94.44,22.12962962962963,45.23888888888889,2.9059259259259256
2023-07-28,GWJ,광주공장,A,293,14,95.22,23.126962457337882,45.31774744027304,2.7738907849829353
2023-07-28,GWJ,광주공장,B,252,9,96.43,22.85595238095238,44.22698412698413,2.7930952380952383
2023-07-28,GWJ,광주공장,C,36,2,94.44,24.102777777777778,45.06111111111111,2.9302777777777775
2023-07-28,HWS,화성공장,A,289,9,96.89,23.17993079584775,46.64602076124568,2.778650519031142
2023-07-28,HWS,화성공장,B,285,12,95.79,23.22175438596491,45.38736842105263,2.822245614035088
2023-07-28,HWS,화성공장,C,32,5,84.38,23.221875,46.13125,2.80625
2023-07-28,ULN,울산공장,A,842,34,95.96,22.813895486935866,45.007600950118764,2.8019833729216153
2023-07-28,ULN,울산공장,B,892,30,96.64,22.927354260089686,44.570515695067265,2.7906950672645743
2023-07-28,ULN,울산공장,C,108,4,96.3,23.017592592592592,44.18425925925926,2.8206481481481482
2023-07-29,ASN,아산공장,A,471,23,95.12,22.982377919320594,44.50084925690022,2.7953503184713373
2023-07-29,ASN,아산공장,B,475,14,97.05,22.865473684210528,45.002105263157894,2.7861894736842108
2023-07-29,ASN,아산공장,C,55,3,94.55,22.554545454545455,44.70727272727273,2.8163636363636364
2023-07-29,GWJ,광주공장,A,306,5,98.37,23.241176470588236,44.150326797385624,2.7852287581699344
2023-07-29,GWJ,광주공장,B,273,11,95.97,22.735897435897435,44.152747252747254,2.8137362637362635
2023-07-29,GWJ,광주공장,C,23,1,95.65,22.756521739130434,44.095652173913045,2.9447826086956526
2023-07-29,HWS,화성공장,A,288,15,94.79,23.243402777777778,45.08263888888889,2.785972222222222
2023-07-29,HWS,화성공장,B,273,6,97.8,22.867032967032966,46.142490842490844,2.7834798534798533
2023-07-29,HWS,화성공장,C,37,2,94.59,22.737837837837837,42.96756756756756,2.7454054054054056
2023-07-29,ULN,울산공장,A,866,38,95.61,22.997113163972287,45.236489607390304,2.797782909930716
2023-07-29,ULN,울산공장,B,856,41,95.21,22.863785046728974,44.99088785046729,2.8098130841121494
2023-07-29,ULN,울산공장,C,95,10,89.47,23.792631578947372,44.381052631578946,2.7901052631578946
2023-07-30,ASN,아산공장,A,485,18,96.29,22.924742268041236,45.2839175257732,2.8081237113402064
2023-07-30,ASN,아산공장,B,549,16,97.09,23.103642987249543,45.791621129326046,2.8125865209471765
2023-07-30,ASN,아산공장,C,47,1,97.87,23.38936170212766,45.757446808510636,2.8272340425531914
2023-07-30,GWJ,광주공장,A,256,7,97.27,22.953515625,45.344140625,2.79640625
2023-07-30,GWJ,광주공장,B,257,15,94.16,22.96770428015564,44.90389105058365,2.8140077821011675
2023-07-30,GWJ,광주공장,C,32,4,87.5,22.475,42.8375,2.77
2023-07-30,HWS,화성공장,A,266,10,96.24,22.795488721804514,45.72781954887218,2.783984962406015
2023-07-30,HWS,화성공장,B,286,12,95.8,22.897552447552446,44.8486013986014,2.8012587412587413
2023-07-30,HWS,화성공장,C,35,1,97.14,22.582857142857144,43.32,2.7377142857142855
2023-07-30,ULN,울산공장,A,859,51,94.06,23.140977881257275,44.83096623981374,2.782596041909197
2023-07-30,ULN,울산공장,B,850,25,97.06,22.802823529411768,45.01458823529412,2.800917647058824
2023-07-30,ULN,울산공장,C,99,5,94.95,23.305050505050502,44.77777777777778,2.8531313131313127
2023-07-31,ASN,아산공장,A,453,13,97.13,23.150772626931566,45.10662251655629,2.773289183222958
2023-07-31,ASN,아산공장,B,405,12,97.04,22.89901234567901,44.79061728395062,2.793506172839506
2023-07-31,ASN,아산공장,C,58,3,94.83,23.156896551724138,46.07241379310344,2.826551724137931
2023-07-31,GWJ,광주공장,A,295,12,95.93,23.137966101694914,45.15152542372881,2.804779661016949
2023-07-31,GWJ,광주공장,B,269,2,99.26,22.988475836431224,45.51747211895911,2.7848327137546467
2023-07-31,GWJ,광주공장,C,33,4,87.88,22.796969696969697,43.43333333333333,2.7806060606060607
2023-07-31,HWS,화성공장,A,291,6,97.94,23.00652920962199,44.21649484536083,2.8054982817869414
2023-07-31,HWS,화성공장,B,240,8,96.67,22.8775,44.99083333333333,2.7851666666666666
2023-07-31,HWS,화성공장,C,34,4,88.24,22.38235294117647,43.83235294117647,2.780588235294118
2023-07-31,ULN,울산공장,A,856,26,96.96,23.195327102803738,45.10700934579439,2.7917523364485977
2023-07-31,ULN,울산공장,B,849,19,97.76,23.042049469964667,45.41990577149588,2.8002826855123675
2023-07-31,ULN,울산공장,C,98,6,93.88,23.106122448979594,46.042857142857144,2.812755102040816
2023-08-01,ASN,아산공장,A,458,21,95.41,23.047816593886463,45.94759825327511,2.792183406113537
2023-08-01,ASN,아산공장,B,436,20,95.41,22.873394495412843,45.150000000000006,2.795940366972477
2023-08-01,ASN,아산공장,C,71,5,92.96,22.528169014084508,45.19154929577465,2.8091549295774647
2023-08-01,GWJ,광주공장,A,283,13,95.41,23.08374558303887,44.36077738515901,2.779929328621908
2023-08-01,GWJ,광주공장,B,272,17,93.75,23.109926470588235,45.214338235294115,2.8037132352941176
2023-08-01,GWJ,광주공장,C,37,3,91.89,22.48108108108108,45.64054054054054,2.721081081081081
2023-08-01,HWS,화성공장,A,317,13,95.9,22.753627760252364,45.98454258675079,2.8197476340694005
2023-08-01,HWS,화성공장,B,284,11,96.13,22.85211267605634,45.521126760563384,2.7950352112676056
2023-08-01,HWS,화성공장,C,31,0,100.0,22.783870967741933,44.78064516129032,2.863548387096774
2023-08-01,ULN,울산공장,A,777,22,97.17,22.797683397683397,45.014543114543116,2.803011583011583
2023-08-01,ULN,울산공장,B,831,40,95.19,22.855234657039713,45.29494584837545,2.8144524669073405
2023-08-01,ULN,울산공장,C,96,7,92.71,23.11145833333333,45.28958333333333,2.8455208333333335
2023-08-02,ASN,아산공장,A,477,22,95.39,22.99874213836478,44.91111111111111,2.784737945492662
2023-08-02,ASN,아산공장,B,450,15,96.67,22.991555555555557,44.93244444444444,2.8387555555555557
2023-08-02,ASN,아산공장,C,64,7,89.06,22.88125,45.3421875,2.78171875
2023-08-02,GWJ,광주공장,A,294,10,96.6,23.220068027210885,45.59455782312925,2.8055782312925173
2023-08-02,GWJ,광주공장,B,271,11,95.94,23.30738007380074,44.59889298892988,2.795129151291513
2023-08-02,GWJ,광주공장,C,34,4,88.24,23.344117647058823,45.55882352941177,2.817647058823529
2023-08-02,HWS,화성공장,A,287,9,96.86,22.91951219512195,44.91637630662021,2.8225783972125438
2023-08-02,HWS,화성공장,B,297,10,96.63,22.944781144781146,45.059932659932656,2.7891919191919192
2023-08-02,HWS,화성공장,C,36,2,94.44,23.23888888888889,46.544444444444444,2.71
2023-08-02,ULN,울산공장,A,893,29,96.75,23.27659574468085,44.9575587905935,2.802922732362822
2023-08-02,ULN,울산공장,B,895,27,96.98,23.114525139664803,45.167374301675984,2.789586592178771
2023-08-02,ULN,울산공장,C,125,6,95.2,22.7048,46.1144,2.7908000000000004
2023-08-03,ASN,아산공장,A,464,21,95.47,23.04698275862069,45.27349137931035,2.793125
2023-08-03,ASN,아산공장,B,437,13,97.03,23.0558352402746,45.70823798627002,2.8099313501144167
2023-08-03,ASN,아산공장,C,51,3,94.12,22.733333333333334,44.09803921568628,2.766078431372549
2023-08-03,GWJ,광주공장,A,259,12,95.37,23.083397683397685,45.48996138996139,2.8400772200772204
2023-08-03,GWJ,광주공장,B,286,12,95.8,23.02132867132867,44.8520979020979,2.8213986013986014
2023-08-03,GWJ,광주공장,C,35,1,97.14,23.560000000000002,43.34,2.7342857142857144
2023-08-03,HWS,화성공장,A,280,8,97.14,22.94392857142857,44.12535714285715,2.785214285714286
2023-08-03,HWS,화성공장,B,314,12,96.18,23.011146496815286,45.1843949044586,2.785987261146497
2023-08-03,HWS,화성공장,C,31,3,90.32,23.26774193548387,46.13870967741936,2.6993548387096777
2023-08-03,ULN,울산공장,A,848,32,96.23,22.982900943396228,45.06627358490566,2.8288443396226417
2023-08-03,ULN,울산공장,B,822,30,96.35,23.007542579075427,44.53783454987834,2.80147201946472
2023-08-03,ULN,울산공장,C,105,5,95.24,22.949523809523807,44.92285714285714,2.760190476190476
2023-08-04,ASN,아산공장,A,465,15,96.77,23.214193548387097,44.85677419354839,2.8086236559139786
2023-08-04,ASN,아산공장,B,496,11,97.78,23.119758064516127,44.860685483870974,2.7961088709677417
2023-08-04,ASN,아산공장,C,50,2,96.0,21.98,43.354,2.8002
2023-08-04,GWJ,광주공장,A,283,11,96.11,22.934275618374556,45.17243816254417,2.7930742049469965
2023-08-04,GWJ,광주공장,B,245,6,97.55,23.292244897959186,45.316326530612244,2.815714285714286
2023-08-04,GWJ,광주공장,C,43,3,93.02,23.706976744186047,45.17906976744186,2.844186046511628
2023-08-04,HWS,화성공장,A,288,13,95.49,23.13784722222222,44.217708333333334,2.7897569444444446
2023-08-04,HWS,화성공장,B,304,15,95.07,23.032565789473683,45.67203947368421,2.7991447368421056
2023-08-04,HWS,화성공장,C,24,3,87.5,23.620833333333334,44.479166666666664,2.7550000000000003
2023-08-04,ULN,울산공장,A,869,45,94.82,23.146490218642118,45.04925201380898,2.7977100115074798
2023-08-04,ULN,울산공장,B,825,34,95.88,23.148848484848482,45.23648484848485,2.8092848484848485
2023-08-04,ULN,울산공장,C,108,5,95.37,23.211111111111112,45.1462962962963,2.8027777777777776
2023-08-05,ASN,아산공장,A,477,19,96.02,22.99517819706499,45.45408805031446,2.813480083857442
2023-08-05,ASN,아산공장,B,438,16,96.35,23.107762557077628,45.354109589041094,2.808744292237443
2023-08-05,ASN,아산공장,C,56,2,96.43,22.982142857142858,45.146428571428565,2.7912500000000002
2023-08-05,GWJ,광주공장,A,265,4,98.49,22.998490566037738,45.272830188679244,2.8223018867924528
2023-08-05,GWJ,광주공장,B,267,8,97.0,23.12696629213483,45.32322097378277,2.810898876404494
2023-08-05,GWJ,광주공장,C,33,3,90.91,22.763636363636365,45.97272727272727,2.827272727272727
2023-08-05,HWS,화성공장,A,300,13,95.67,22.858,44.86566666666667,2.8144333333333336
2023-08-05,HWS,화성공장,B,283,12,95.76,22.945229681978798,45.26183745583039,2.790494699646643
2023-08-05,HWS,화성공장,C,35,2,94.29,22.774285714285714,44.46,2.773428571428571
2023-08-05,ULN,울산공장,A,832,28,96.63,22.90552884615385,44.9780048076923,2.8106971153846154
2023-08-05,ULN,울산공장,B,849,25,97.06,23.062073027090698,45.16454652532391,2.777926972909305
2023-08-05,ULN,울산공장,C,110,3,97.27,22.963636363636365,44.78181818181818,2.7916363636363637
2023-08-06,ASN,아산공장,A,458,16,96.51,22.809606986899563,44.573362445414844,2.8061135371179042
2023-08-06,ASN,아산공장,B,454,21,95.37,23.412995594713657,44.41299559471366,2.7811453744493395
2023-08-06,ASN,아산공장,C,47,4,91.49,23.006382978723405,41.98510638297872,2.76468085106383
2023-08-06,GWJ,광주공장,A,263,15,94.3,22.849049429657796,45.30114068441065,2.774334600760456
2023-08-06,GWJ,광주공장,B,282,17,93.97,23.29574468085106,44.384042553191485,2.8278014184397167
2023-08-06,GWJ,광주공장,C,37,1,97.3,23.5972972972973,48.37837837837838,2.6864864864864866
2023-08-06,HWS,화성공장,A,299,13,95.65,23.103678929765888,44.8752508361204,2.8128428093645486
2023-08-06,HWS,화성공장,B,277,10,96.39,23.27653429602888,45.61371841155235,2.835306859205776
2023-08-06,HWS,화성공장,C,27,1,96.3,22.985185185185188,47.61851851851852,2.7933333333333334
2023-08-06,ULN,울산공장,A,892,44,95.07,22.965807174887892,44.65695067264574,2.82414798206278
2023-08-06,ULN,울산공장,B,846,30,96.45,22.96146572104019,45.166548463356975,2.808770685579196
2023-08-06,ULN,울산공장,C,90,8,91.11,23.628888888888888,44.07333333333333,2.7747777777777776
2023-08-07,ASN,아산공장,A,477,12,97.48,22.806498951781972,45.15723270440252,2.789727463312369
2023-08-07,ASN,아산공장,B,457,19,95.84,23.017724288840263,45.34835886214442,2.77164113785558
2023-08-07,ASN,아산공장,C,65,5,92.31,22.409230769230767,44.910769230769226,2.7504615384615385
2023-08-07,GWJ,광주공장,A,278,11,96.04,22.866546762589927,44.909712230215824,2.7971942446043165
2023-08-07,GWJ,광주공장,B,285,13,95.44,23.185614035087717,45.04385964912281,2.8059298245614035
2023-08-07,GWJ,광주공장,C,37,0,100.0,22.52972972972973,41.548648648648644,2.8113513513513513
2023-08-07,HWS,화성공장,A,271,11,95.94,22.840959409594095,44.27416974169741,2.79409594095941
2023-08-07,HWS,화성공장,B,291,11,96.22,23.1,45.63711340206186,2.788316151202749
2023-08-07,HWS,화성공장,C,46,3,93.48,23.219565217391303,47.98913043478261,2.7615217391304347
2023-08-07,ULN,울산공장,A,860,36,95.81,22.99895348837209,44.859302325581396,2.8124186046511626
2023-08-07,ULN,울산공장,B,801,30,96.25,23.045318352059923,44.60561797752809,2.7918102372034954
2023-08-07,ULN,울산공장,C,100,5,95.0,22.578000000000003,45.51,2.8174
2023-08-08,ASN,아산공장,A,453,16,96.47,23.189845474613687,44.65496688741722,2.764613686534216
2023-08-08,ASN,아산공장,B,445,12,97.3,23.02696629213483,45.29146067415731,2.814988764044944
2023-08-08,ASN,아산공장,C,50,1,98.0,23.136,45.886,2.761
2023-08-08,GWJ,광주공장,A,284,10,96.48,23.23169014084507,44.679225352112674,2.801161971830986
2023-08-08,GWJ,광주공장,B,304,12,96.05,22.90921052631579,44.90855263157895,2.813651315789474
2023-08-08,GWJ,광주공장,C,32,0,100.0,23.21875,44.653125,2.8484375
2023-08-08,HWS,화성공장,A,309,13,95.79,22.826537216828477,45.46957928802589,2.8045631067961168
2023-08-08,HWS,화성공장,B,267,7,97.38,23.211610486891384,44.97940074906367,2.820187265917603
2023-08-08,HWS,화성공장,C,42,0,100.0,23.197619047619046,44.44047619047619,2.796904761904762
2023-08-08,ULN,울산공장,A,842,35,95.84,23.100950118764846,45.04121140142517,2.810855106888361
2023-08-08,ULN,울산공장,B,851,36,95.77,22.819741480611043,44.720094007050534,2.817520564042303
2023-08-08,ULN,울산공장,C,120,6,95.0,23.553333333333335,45.873333333333335,2.7864166666666668
2023-08-09,ASN,아산공장,A,496,25,94.96,23.084879032258065,45.21955645161291,2.816391129032258
2023-08-09,ASN,아산공장,B,456,19,95.83,23.012719298245614,45.098684210526315,2.7844298245614034
2023-08-09,ASN,아산공장,C,48,4,91.67,22.420833333333334,45.208333333333336,2.8356250000000003
2023-08-09,GWJ,광주공장,A,292,10,96.58,22.700342465753426,44.56678082191781,2.7813356164383563
2023-08-09,GWJ,광주공장,B,310,13,95.81,23.195806451612903,44.869677419354836,2.7932258064516127
2023-08-09,GWJ,광주공장,C,39,4,89.74,23.28717948717949,44.15384615384615,2.8958974358974356
2023-08-09,HWS,화성공장,A,259,11,95.75,23.08918918918919,45.22007722007722,2.793011583011583
2023-08-09,HWS,화성공장,B,257,9,96.5,22.96887159533074,44.96070038910506,2.7970038910505837
2023-08-09,HWS,화성공장,C,33,2,93.94,22.12727272727273,44.4969696969697,2.7084848484848485
2023-08-09,ULN,울산공장,A,824,31,96.24,22.957160194174758,44.88155339805825,2.803288834951456
2023-08-09,ULN,울산공장,B,836,31,96.29,23.003827751196173,44.74581339712919,2.8138755980861245
2023-08-09,ULN,울산공장,C,104,9,91.35,23.283653846153847,44.69615384615384,2.8149038461538463
2023-08-10,ASN,아산공장,A,452,20,95.58,23.34845132743363,44.234292035398234,2.799712389380531
2023-08-10,ASN,아산공장,B,491,20,95.93,23.05274949083503,44.547657841140534,2.81234215885947
2023-08-10,ASN,아산공장,C,56,8,85.71,23.20357142857143,44.471428571428575,2.720357142857143
2023-08-10,GWJ,광주공장,A,273,17,93.77,22.904029304029304,45.08717948717948,2.793113553113553
2023-08-10,GWJ,광주공장,B,267,11,95.88,23.25805243445693,44.549438202247195,2.788314606741573
2023-08-10,GWJ,광주공장,C,32,3,90.62,23.328125,45.64375,2.856875
2023-08-10,HWS,화성공장,A,304,12,96.05,23.041776315789473,45.235855263157895,2.802598684210526
2023-08-10,HWS,화성공장,B,300,12,96.0,22.793666666666667,45.28,2.8092333333333332
2023-08-10,HWS,화성공장,C,32,1,96.88,22.665625,44.765625,2.7868749999999998
2023-08-10,ULN,울산공장,A,856,37,95.68,23.183060747663554,45.23352803738318,2.8078154205607473
2023-08-10,ULN,울산공장,B,881,39,95.57,22.92849035187287,45.08933030646992,2.813836549375709
2023-08-10,ULN,울산공장,C,92,2,97.83,22.941304347826087,44.910869565217396,2.8542391304347823
2023-08-11,ASN,아산공장,A,476,29,93.91,22.905882352941177,44.799789915966386,2.7774159663865547
2023-08-11,ASN,아산공장,B,485,15,96.91,22.921855670103092,45.37484536082474,2.7922680412371133
2023-08-11,ASN,아산공장,C,49,3,93.88,23.422448979591838,45.34081632653061,2.7732653061224486
2023-08-11,GWJ,광주공장,A,294,11,96.26,23.15918367346939,45.17482993197279,2.772312925170068
2023-08-11,GWJ,광주공장,B,291,10,96.56,22.970103092783507,44.70446735395189,2.7775257731958765
2023-08-11,GWJ,광주공장,C,35,3,91.43,23.26,44.94857142857143,2.759142857142857
2023-08-11,HWS,화성공장,A,268,13,95.15,22.93955223880597,44.31679104477612,2.7873880597014926
2023-08-11,HWS,화성공장,B,309,9,97.09,22.811650485436893,44.87022653721683,2.817928802588997
2023-08-11,HWS,화성공장,C,41,1,97.56,22.909756097560976,45.12682926829268,2.7290243902439024
2023-08-11,ULN,울산공장,A,871,37,95.75,22.713662456946036,45.095292766934556,2.783547646383467
2023-08-11,ULN,울산공장,B,852,30,96.48,23.082629107981223,44.760446009389675,2.8017018779342724
2023-08-11,ULN,울산공장,C,110,11,90.0,22.611818181818183,44.97727272727273,2.738545454545455
2023-08-12,ASN,아산공장,A,489,20,95.91,23.16359918200409,45.06441717791411,2.793721881390593
2023-08-12,ASN,아산공장,B,473,13,97.25,22.934883720930234,45.20528541226216,2.782515856236787
2023-08-12,ASN,아산공장,C,53,2,96.23,23.03018867924528,44.594339622641506,2.8343396226415094
2023-08-12,GWJ,광주공장,A,268,8,97.01,23.17686567164179,44.94141791044776,2.794514925373134
2023-08-12,GWJ,광주공장,B,292,7,97.6,23.186301369863013,44.90958904109589,2.820513698630137
2023-08-12,GWJ,광주공장,C,38,3,92.11,22.36842105263158,43.86578947368421,2.8376315789473683
2023-08-12,HWS,화성공장,A,268,9,96.64,23.133955223880594,44.991417910447765,2.7930223880597014
2023-08-12,HWS,화성공장,B,301,10,96.68,22.7578073089701,45.37641196013289,2.785215946843854
2023-08-12,HWS,화성공장,C,34,0,100.0,22.814705882352943,45.1,2.8850000000000002
2023-08-12,ULN,울산공장,A,892,43,95.18,23.061210762331836,45.05179372197309,2.796973094170404
2023-08-12,ULN,울산공장,B,856,29,96.61,23.08960280373832,44.89217289719626,2.813235981308411
2023-08-12,ULN,울산공장,C,86,5,94.19,22.626744186046512,47.23953488372093,2.7630232558139536
2023-08-13,ASN,아산공장,A,471,25,94.69,23.084713375796177,45.54607218683652,2.852547770700637
2023-08-13,ASN,아산공장,B,484,21,95.66,23.00785123966942,45.07231404958678,2.8081611570247937
2023-08-13,ASN,아산공장,C,52,5,90.38,22.965384615384615,43.940384615384616,2.7803846153846155
2023-08-13,GWJ,광주공장,A,284,14,95.07,23.038732394366196,45.06443661971831,2.829401408450704
2023-08-13,GWJ,광주공장,B,286,8,97.2,22.846153846153847,44.653496503496505,2.8077272727272726
2023-08-13,GWJ,광주공장,C,36,1,97.22,22.549999999999997,45.675,2.8430555555555554
2023-08-13,HWS,화성공장,A,288,13,95.49,23.000347222222224,45.4375,2.8008680555555556
2023-08-13,HWS,화성공장,B,256,10,96.09,23.03984375,45.162890625,2.7733984375
2023-08-13,HWS,화성공장,C,29,2,93.1,22.693103448275863,44.751724137931035,2.8241379310344823
2023-08-13,ULN,울산공장,A,827,33,96.01,22.952962515114873,45.4447400241838,2.799322853688029
2023-08-13,ULN,울산공장,B,861,31,96.4,23.09663182346109,45.27979094076655,2.8072590011614404
2023-08-13,ULN,울산공장,C,97,6,93.81,22.74536082474227,45.893814432989686,2.791649484536083
2023-08-14,ASN,아산공장,A,481,17,96.47,22.915800415800415,45.18149688149688,2.7981081081081083
2023-08-14,ASN,아산공장,B,482,18,96.27,23.135062240663903,44.24273858921162,2.805269709543569
2023-08-14,ASN,아산공장,C,70,6,91.43,23.16142857142857,46.60857142857143,2.763714285714286
2023-08-14,GWJ,광주공장,A,266,10,96.24,23.083458646616542,45.46466165413534,2.7813157894736844
2023-08-14,GWJ,광주공장,B,283,15,94.7,22.79964664310954,45.83639575971732,2.794416961130742
2023-08-14,GWJ,광주공장,C,42,2,95.24,23.05,46.06428571428572,2.8304761904761904
2023-08-14,HWS,화성공장,A,289,10,96.54,22.94982698961938,44.53944636678201,2.8091003460207613
2023-08-14,HWS,화성공장,B,271,10,96.31,23.339483394833948,44.625092250922506,2.8192988929889298
2023-08-14,HWS,화성공장,C,25,0,100.0,22.184,46.788000000000004,2.8207999999999998
2023-08-14,ULN,울산공장,A,820,27,96.71,22.97987804878049,44.83475609756098,2.8007439024390246
2023-08-14,ULN,울산공장,B,858,41,95.22,22.895920745920748,44.90815850815851,2.8056177156177156
2023-08-14,ULN,울산공장,C,100,8,92.0,22.724,45.576,2.7705
2023-08-15,ASN,아산공장,A,444,18,95.95,22.737837837837837,44.69279279279279,2.8010360360360362
2023-08-15,ASN,아산공장,B,483,20,95.86,22.989233954451343,44.7287784679089,2.843664596273292
2023-08-15,ASN,아산공장,C,60,4,93.33,22.725,46.05833333333333,2.772
2023-08-15,GWJ,광주공장,A,271,16,94.1,22.95092250922509,45.47232472324723,2.784538745387454
2023-08-15,GWJ,광주공장,B,281,6,97.86,23.26476868327402,44.86797153024911,2.7883985765124555
2023-08-15,GWJ,광주공장,C,40,0,100.0,22.04,44.89,2.8045
2023-08-15,HWS,화성공장,A,262,10,96.18,22.929007633587783,45.57442748091603,2.7814885496183206
2023-08-15,HWS,화성공장,B,279,12,95.7,23.068458781362008,45.240860215053765,2.811935483870968
2023-08-15,HWS,화성공장,C,36,4,88.89,22.12777777777778,45.31666666666667,2.7944444444444443
2023-08-15,ULN,울산공장,A,850,24,97.18,22.898117647058825,44.96223529411765,2.810329411764706
2023-08-15,ULN,울산공장,B,817,27,96.7,22.93488372093023,44.94675642594859,2.7925948592411265
2023-08-15,ULN,울산공장,C,107,3,97.2,22.11214953271028,44.728971962616825,2.8269158878504674
2023-08-16,ASN,아산공장,A,469,19,95.95,23.264179104477613,45.16076759061834,2.8030703624733477
2023-08-16,ASN,아산공장,B,466,15,96.78,22.977896995708157,45.12145922746781,2.7621244635193136
2023-08-16,ASN,아산공장,C,47,5,89.36,23.527659574468085,46.04255319148936,2.8365957446808507
2023-08-16,GWJ,광주공장,A,265,9,96.6,23.066037735849058,44.8233962264151,2.791584905660377
2023-08-16,GWJ,광주공장,B,291,7,97.59,22.937800687285222,45.41958762886598,2.7864948453608247
2023-08-16,GWJ,광주공장,C,36,1,97.22,23.11388888888889,45.75833333333333,2.8297222222222222
2023-08-16,HWS,화성공장,A,280,10,96.43,23.006071428571428,45.16392857142857,2.836464285714286
2023-08-16,HWS,화성공장,B,301,19,93.69,23.01262458471761,44.966112956810626,2.784485049833887
2023-08-16,HWS,화성공장,C,41,3,92.68,23.302439024390242,45.83658536585366,2.821707317073171
2023-08-16,ULN,울산공장,A,867,42,95.16,23.110380622837372,45.10057670126874,2.7947058823529414
2023-08-16,ULN,울산공장,B,857,20,97.67,23.128821470245043,44.88121353558926,2.8054375729288217
2023-08-16,ULN,울산공장,C,119,10,91.6,23.071428571428573,45.29495798319328,2.8014285714285716
2023-08-17,ASN,아산공장,A,451,24,94.68,22.913082039911306,44.26297117516629,2.7838359201773835
2023-08-17,ASN,아산공장,B,470,12,97.45,22.97276595744681,45.149787234042556,2.7987872340425533
2023-08-17,ASN,아산공장,C,60,5,91.67,22.64333333333333,45.71,2.8383333333333334
2023-08-17,GWJ,광주공장,A,254,14,94.49,22.97047244094488,45.42086614173228,2.7561811023622047
2023-08-17,GWJ,광주공장,B,300,11,96.33,23.191333333333333,46.19933333333333,2.775933333333333
2023-08-17,GWJ,광주공장,C,36,3,91.67,23.116666666666667,45.02222222222222,2.8138888888888887
2023-08-17,HWS,화성공장,A,275,12,95.64,23.167272727272728,44.68181818181818,2.8119636363636364
2023-08-17,HWS,화성공장,B,305,15,95.08,22.74295081967213,44.802295081967216,2.7826229508196723
2023-08-17,HWS,화성공장,C,33,2,93.94,23.03636363636364,44.0,2.8075757575757576
2023-08-17,ULN,울산공장,A,864,40,95.37,22.96712962962963,44.885416666666664,2.7817245370370367
2023-08-17,ULN,울산공장,B,885,37,95.82,22.88576271186441,45.05740112994351,2.8051186440677967
2023-08-17,ULN,울산공장,C,103,7,93.2,23.179611650485437,44.220388349514565,2.8122330097087382
2023-08-18,ASN,아산공장,A,426,20,95.31,22.836854460093896,45.30539906103286,2.807769953051643
2023-08-18,ASN,아산공장,B,463,13,97.19,23.021598272138228,45.52548596112311,2.795140388768899
2023-08-18,ASN,아산공장,C,65,4,93.85,23.16769230769231,44.27538461538462,2.771076923076923
2023-08-18,GWJ,광주공장,A,257,14,94.55,23.211673151750972,44.70272373540856,2.808599221789883
2023-08-18,GWJ,광주공장,B,260,9,96.54,23.06346153846154,44.917692307692306,2.8384615384615386
2023-08-18,GWJ,광주공장,C,32,2,93.75,22.559375,42.809375,2.83875
2023-08-18,HWS,화성공장,A,270,8,97.04,23.114814814814814,45.12074074074074,2.8072222222222223
2023-08-18,HWS,화성공장,B,261,6,97.7,23.11685823754789,44.58007662835249,2.812681992337165
2023-08-18,HWS,화성공장,C,32,1,96.88,22.98125,42.99375,2.7378125
2023-08-18,ULN,울산공장,A,874,28,96.8,23.01670480549199,45.19771167048055,2.8010755148741415
2023-08-18,ULN,울산공장,B,832,35,95.79,23.113942307692305,44.79591346153846,2.783918269230769
2023-08-18,ULN,울산공장,C,104,6,94.23,23.224038461538463,44.61634615384616,2.776346153846154
2023-08-19,ASN,아산공장,A,486,23,95.27,23.00493827160494,45.36543209876543,2.818045267489712
2023-08-19,ASN,아산공장,B,459,14,96.95,22.994989106753813,44.76753812636166,2.8020479302832246
2023-08-19,ASN,아산공장,C,39,3,92.31,22.815384615384616,42.92820512820513,2.7666666666666666
2023-08-19,GWJ,광주공장,A,263,14,94.68,22.815589353612168,44.898859315589355,2.7953612167300377
2023-08-19,GWJ,광주공장,B,281,5,98.22,22.770106761565835,45.046619217081854,2.8033807829181496
2023-08-19,GWJ,광주공장,C,34,1,97.06,23.061764705882354,44.294117647058826,2.795
2023-08-19,HWS,화성공장,A,263,11,95.82,22.722433460076047,45.222053231939164,2.8313688212927755
2023-08-19,HWS,화성공장,B,279,12,95.7,23.321505376344085,44.54587813620071,2.7793906810035844
2023-08-19,HWS,화성공장,C,48,1,97.92,23.474999999999998,45.75416666666666,2.763125
2023-08-19,ULN,울산공장,A,827,39,95.28,22.910278113663843,45.29758162031439,2.8038331318016927
2023-08-19,ULN,울산공장,B,842,30,96.44,22.927672209026127,44.92197149643706,2.791021377672209
2023-08-19,ULN,울산공장,C,100,7,93.0,23.276999999999997,45.342,2.8583999999999996
2023-08-20,ASN,아산공장,A,458,16,96.51,23.08471615720524,44.75174672489083,2.8067248908296945
2023-08-20,ASN,아산공장,B,472,21,95.55,23.019915254237286,44.02987288135593,2.7991737288135594
2023-08-20,ASN,아산공장,C,73,3,95.89,23.22876712328767,44.135616438356166,2.8127397260273974
2023-08-20,GWJ,광주공장,A,291,10,96.56,23.081099656357388,44.172508591065295,2.8110309278350516
2023-08-20,GWJ,광주공장,B,297,16,94.61,23.06801346801347,45.57441077441077,2.826228956228956
2023-08-20,GWJ,광주공장,C,25,0,100.0,22.36,45.38,2.8656
2023-08-20,HWS,화성공장,A,304,18,94.08,22.77598684210526,45.19375,2.7814802631578948
2023-08-20,HWS,화성공장,B,262,10,96.18,23.26297709923664,44.27290076335878,2.796412213740458
2023-08-20,HWS,화성공장,C,32,3,90.62,22.109375,44.965625,2.788125
2023-08-20,ULN,울산공장,A,884,36,95.93,23.069457013574663,44.7802036199095,2.7929298642533933
2023-08-20,ULN,울산공장,B,859,33,96.16,23.077066356228173,45.183119906868455,2.7850291036088475
2023-08-20,ULN,울산공장,C,107,8,92.52,22.403738317757007,45.35700934579439,2.8028037383177566
2023-08-21,ASN,아산공장,A,453,18,96.03,23.375275938189844,45.14547461368654,2.789448123620309
2023-08-21,ASN,아산공장,B,478,20,95.82,22.964435146443513,45.40502092050209,2.758493723849372
2023-08-21,ASN,아산공장,C,56,1,98.21,22.62142857142857,43.09285714285714,2.9041071428571428
2023-08-21,GWJ,광주공장,A,273,8,97.07,22.965567765567766,45.53663003663004,2.7945787545787546
2023-08-21,GWJ,광주공장,B,281,13,95.37,23.23843416370107,45.07580071174377,2.800960854092527
2023-08-21,GWJ,광주공장,C,35,1,97.14,23.042857142857144,43.26,2.8811428571428572
2023-08-21,HWS,화성공장,A,275,13,95.27,22.895272727272726,45.13636363636363,2.8084727272727275
2023-08-21,HWS,화성공장,B,275,15,94.55,23.05818181818182,44.943636363636365,2.794836363636364
2023-08-21,HWS,화성공장,C,36,2,94.44,23.66111111111111,44.105555555555554,2.7872222222222223
2023-08-21,ULN,울산공장,A,836,45,94.62,23.08803827751196,44.24078947368422,2.7973444976076554
2023-08-21,ULN,울산공장,B,882,38,95.69,23.06020408163265,44.894444444444446,2.77765306122449
2023-08-21,ULN,울산공장,C,120,6,95.0,23.073333333333334,45.145833333333336,2.8080833333333337
2023-08-22,ASN,아산공장,A,520,25,95.19,22.950961538461538,45.229615384615386,2.803403846153846
2023-08-22,ASN,아산공장,B,452,12,97.35,22.864823008849555,44.92256637168141,2.799646017699115
2023-08-22,ASN,아산공장,C,64,2,96.88,22.7828125,44.8890625,2.79796875
2023-08-22,GWJ,광주공장,A,290,13,95.52,23.12,44.78896551724138,2.783931034482759
2023-08-22,GWJ,광주공장,B,287,12,95.82,22.8595818815331,44.50383275261324,2.80205574912892
2023-08-22,GWJ,광주공장,C,34,1,97.06,23.06764705882353,45.78235294117647,2.820588235294118
2023-08-22,HWS,화성공장,A,277,8,97.11,23.145848375451262,44.84584837545126,2.8141516245487366
2023-08-22,HWS,화성공장,B,274,13,95.26,22.893795620437956,45.20182481751824,2.8325547445255475
2023-08-22,HWS,화성공장,C,49,2,95.92,22.912244897959184,42.885714285714286,2.7873469387755105
2023-08-22,ULN,울산공장,A,888,26,97.07,23.055968468468468,45.3597972972973,2.807668918918919
2023-08-22,ULN,울산공장,B,854,36,95.78,22.817798594847776,45.07295081967214,2.801053864168618
2023-08-22,ULN,울산공장,C,95,7,92.63,23.244210526315786,45.88,2.8424210526315785
2023-08-23,ASN,아산공장,A,493,20,95.94,22.86389452332657,45.291886409736314,2.783975659229209
2023-08-23,ASN,아산공장,B,467,18,96.15,22.778586723768736,45.4676659528908,2.8045610278372592
2023-08-23,ASN,아산공장,C,65,6,90.77,23.54307692307692,43.849230769230765,2.7986153846153847
2023-08-23,GWJ,광주공장,A,264,15,94.32,22.92689393939394,45.34431818181818,2.7890530303030303
2023-08-23,GWJ,광주공장,B,255,7,97.25,23.185490196078433,44.0964705882353,2.755686274509804
2023-08-23,GWJ,광주공장,C,40,0,100.0,23.567500000000003,47.3,2.7822500000000003
2023-08-23,HWS,화성공장,A,264,4,98.48,23.06780303030303,45.25984848484848,2.8010227272727275
2023-08-23,HWS,화성공장,B,247,13,94.74,23.258704453441293,45.334817813765184,2.793643724696356
2023-08-23,HWS,화성공장,C,34,3,91.18,22.791176470588233,43.55588235294118,2.8708823529411767
2023-08-23,ULN,울산공장,A,817,32,96.08,23.034271725826194,45.00293757649939,2.7992288861689105
2023-08-23,ULN,울산공장,B,802,33,95.89,22.795012468827927,45.050374064837904,2.8059600997506235
2023-08-23,ULN,울산공장,C,103,5,95.15,22.608737864077668,44.00485436893204,2.816601941747573
2023-08-24,ASN,아산공장,A,481,27,94.39,23.099168399168402,45.701455301455304,2.815966735966736
2023-08-24,ASN,아산공장,B,464,17,96.34,23.067887931034484,44.69116379310345,2.8026939655172414
2023-08-24,ASN,아산공장,C,59,5,91.53,23.47457627118644,43.13050847457627,2.7608474576271185
2023-08-24,GWJ,광주공장,A,271,12,95.57,23.22140221402214,44.30553505535055,2.796568265682657
2023-08-24,GWJ,광주공장,B,297,19,93.6,23.234680134680133,45.0013468013468,2.787777777777778
2023-08-24,GWJ,광주공장,C,29,2,93.1,22.52758620689655,46.220689655172414,2.671724137931035
2023-08-24,HWS,화성공장,A,281,9,96.8,23.222419928825623,44.829181494661924,2.7836298932384342
2023-08-24,HWS,화성공장,B,291,9,96.91,23.0233676975945,45.87182130584193,2.7890034364261167
2023-08-24,HWS,화성공장,C,34,3,91.18,23.56764705882353,46.67352941176471,2.7238235294117645
2023-08-24,ULN,울산공장,A,791,43,94.56,22.796207332490518,44.848798988622,2.8189254108723136
2023-08-24,ULN,울산공장,B,852,22,97.42,23.238145539906107,45.199295774647894,2.8084154929577463
2023-08-24,ULN,울산공장,C,93,4,95.7,22.84731182795699,45.49784946236559,2.8230107526881723
2023-08-25,ASN,아산공장,A,442,22,95.02,22.999773755656108,45.63529411764706,2.7946153846153847
2023-08-25,ASN,아산공장,B,420,17,95.95,22.818333333333335,44.91833333333334,2.8195952380952383
2023-08-25,ASN,아산공장,C,52,7,86.54,22.946153846153848,46.215384615384615,2.9130769230769227
2023-08-25,GWJ,광주공장,A,280,13,95.36,23.055,45.316785714285714,2.8022142857142858
2023-08-25,GWJ,광주공장,B,249,8,96.79,23.336546184738957,44.63092369477912,2.7875903614457833
2023-08-25,GWJ,광주공장,C,33,2,93.94,22.25151515151515,43.54242424242425,2.735757575757576
2023-08-25,HWS,화성공장,A,254,7,97.24,23.019291338582676,45.02322834645669,2.774409448818898
2023-08-25,HWS,화성공장,B,253,8,96.84,22.92885375494071,44.45533596837945,2.834901185770751
2023-08-25,HWS,화성공장,C,28,1,96.43,22.75,46.04642857142857,2.753214285714286
2023-08-25,ULN,울산공장,A,889,38,95.73,23.133858267716537,45.17334083239595,2.7911923509561305
2023-08-25,ULN,울산공장,B,852,29,96.6,22.97230046948357,44.807981220657275,2.8100352112676057
2023-08-25,ULN,울산공장,C,106,7,93.4,22.923584905660377,43.94245283018868,2.780566037735849
2023-08-26,ASN,아산공장,A,457,25,94.53,22.791466083150986,44.91203501094092,2.808512035010941
2023-08-26,ASN,아산공장,B,455,25,94.51,23.01978021978022,45.50241758241758,2.7958681318681315
2023-08-26,ASN,아산공장,C,70,3,95.71,23.045714285714286,47.041428571428575,2.7997142857142854
2023-08-26,GWJ,광주공장,A,282,11,96.1,23.01950354609929,45.209219858156025,2.778439716312057
2023-08-26,GWJ,광주공장,B,306,13,95.75,23.22516339869281,44.85359477124183,2.7873202614379085
2023-08-26,GWJ,광주공장,C,32,0,100.0,23.340625,43.49375,2.7671875
2023-08-26,HWS,화성공장,A,299,13,95.65,22.92876254180602,45.80602006688963,2.7658193979933112
2023-08-26,HWS,화성공장,B,274,9,96.72,22.985401459854014,44.84890510948905,2.777153284671533
2023-08-26,HWS,화성공장,C,34,1,97.06,23.00294117647059,44.66764705882353,2.781470588235294
2023-08-26,ULN,울산공장,A,814,41,94.96,22.935749385749386,45.163390663390665,2.7943120393120395
2023-08-26,ULN,울산공장,B,894,34,96.2,23.115883668903802,45.31465324384788,2.8226398210290826
2023-08-26,ULN,울산공장,C,107,4,96.26,23.138317757009347,45.6822429906542,2.80607476635514
2023-08-27,ASN,아산공장,A,488,24,95.08,22.79487704918033,44.864754098360656,2.8051024590163935
2023-08-27,ASN,아산공장,B,470,29,93.83,22.924255319148937,44.84510638297873,2.817787234042553
2023-08-27,ASN,아산공장,C,69,3,95.65,23.005797101449275,45.90144927536232,2.807391304347826
2023-08-27,GWJ,광주공장,A,282,14,95.04,23.0,44.4113475177305,2.8038297872340423
2023-08-27,GWJ,광주공장,B,308,12,96.1,23.073701298701298,45.17272727272727,2.8131818181818184
2023-08-27,GWJ,광주공장,C,25,0,100.0,23.276,44.632,2.9256
2023-08-27,HWS,화성공장,A,293,11,96.25,22.867918088737202,45.087713310580206,2.8202047781569966
2023-08-27,HWS,화성공장,B,296,8,97.3,23.176013513513514,45.108445945945945,2.802668918918919
2023-08-27,HWS,화성공장,C,41,2,95.12,23.597560975609756,45.16341463414634,2.7895121951219513
2023-08-27,ULN,울산공장,A,809,34,95.8,23.048454882571075,45.168726823238565,2.814091470951792
2023-08-27,ULN,울산공장,B,858,35,95.92,22.954195804195805,44.92960372960373,2.8048368298368302
2023-08-27,ULN,울산공장,C,98,5,94.9,23.236734693877548,45.963265306122445,2.770102040816327
2023-08-28,ASN,아산공장,A,444,16,96.4,23.221396396396393,45.31936936936937,2.823536036036036
2023-08-28,ASN,아산공장,B,460,15,96.74,23.12108695652174,45.42217391304348,2.806304347826087
2023-08-28,ASN,아산공장,C,51,1,98.04,23.335294117647056,43.596078431372554,2.75921568627451
2023-08-28,GWJ,광주공장,A,279,8,97.13,23.04336917562724,45.028673835125446,2.813440860215054
2023-08-28,GWJ,광주공장,B,281,6,97.86,22.759430604982207,45.46832740213523,2.789750889679715
2023-08-28,GWJ,광주공장,C,31,2,93.55,22.980645161290322,42.97741935483871,2.7600000000000002
2023-08-28,HWS,화성공장,A,277,12,95.67,23.254873646209386,45.410830324909746,2.7917689530685923
2023-08-28,HWS,화성공장,B,284,12,95.77,22.94119718309859,45.14542253521127,2.7676760563380283
2023-08-28,HWS,화성공장,C,29,2,93.1,23.75172413793103,44.54482758620689,2.8355172413793106
2023-08-28,ULN,울산공장,A,808,40,95.05,22.978836633663366,45.34096534653465,2.8075123762376237
2023-08-28,ULN,울산공장,B,882,39,95.58,23.019387755102038,45.46666666666667,2.8033673469387757
2023-08-28,ULN,울산공장,C,101,5,95.05,22.91881188118812,44.6960396039604,2.7983168316831684
2023-08-29,ASN,아산공장,A,453,21,95.36,22.81788079470199,45.20816777041942,2.8041721854304633
2023-08-29,ASN,아산공장,B,452,23,94.91,22.849557522123895,45.53650442477876,2.8182079646017697
2023-08-29,ASN,아산공장,C,57,0,100.0,23.27719298245614,44.90877192982457,2.8033333333333332
2023-08-29,GWJ,광주공장,A,269,9,96.65,22.984386617100373,44.44386617100372,2.7841263940520444
2023-08-29,GWJ,광주공장,B,264,14,94.7,23.03371212121212,44.400757575757574,2.8243939393939392
2023-08-29,GWJ,광주공장,C,27,1,96.3,23.0,43.025925925925925,2.722592592592593
2023-08-29,HWS,화성공장,A,262,13,95.04,22.99885496183206,44.424809160305344,2.7858396946564885
2023-08-29,HWS,화성공장,B,289,15,94.81,23.024913494809688,45.45536332179931,2.7890657439446365
2023-08-29,HWS,화성공장,C,31,0,100.0,23.103225806451615,47.82258064516129,2.8390322580645164
2023-08-29,ULN,울산공장,A,873,30,96.56,23.079839633447882,45.128865979381445,2.8005612829324167
2023-08-29,ULN,울산공장,B,826,27,96.73,23.033535108958837,44.58474576271186,2.8253389830508473
2023-08-29,ULN,울산공장,C,130,8,93.85,22.736923076923077,46.14076923076923,2.798230769230769
2023-08-30,ASN,아산공장,A,454,20,95.59,23.154405286343614,45.019823788546255,2.772444933920705
2023-08-30,ASN,아산공장,B,487,17,96.51,22.8782340862423,44.95379876796714,2.8091786447638603
2023-08-30,ASN,아산공장,C,62,4,93.55,22.77741935483871,43.54032258064516,2.8393548387096774
2023-08-30,GWJ,광주공장,A,270,16,94.07,22.964444444444442,46.01592592592592,2.8146666666666667
2023-08-30,GWJ,광주공장,B,280,11,96.07,22.877857142857142,45.43821428571429,2.7855357142857144
2023-08-30,GWJ,광주공장,C,36,4,88.89,22.383333333333333,41.65277777777778,2.788333333333333
2023-08-30,HWS,화성공장,A,275,11,96.0,22.79090909090909,44.502909090909085,2.7830909090909093
2023-08-30,HWS,화성공장,B,291,13,95.53,23.002061855670103,45.386941580756016,2.768109965635739
2023-08-30,HWS,화성공장,C,29,3,89.66,22.7551724137931,45.38965517241379,2.7344827586206897
2023-08-30,ULN,울산공장,A,798,26,96.74,22.76002506265664,45.21228070175439,2.8195739348370927
2023-08-30,ULN,울산공장,B,831,35,95.79,23.01997593261131,45.018170878459685,2.8039831528279184
2023-08-30,ULN,울산공장,C,113,9,92.04,22.984070796460177,43.92920353982301,2.781858407079646
2023-08-31,ASN,아산공장,A,447,16,96.42,23.14608501118568,44.54407158836689,2.7761521252796424
2023-08-31,ASN,아산공장,B,474,16,96.62,23.27763713080169,44.99029535864979,2.797067510548523
2023-08-31,ASN,아산공장,C,60,2,96.67,22.69,46.26833333333333,2.7663333333333333
2023-08-31,GWJ,광주공장,A,272,17,93.75,23.225367647058825,45.163970588235294,2.7882720588235292
2023-08-31,GWJ,광주공장,B,281,8,97.15,22.6576512455516,44.739145907473315,2.810284697508897
2023-08-31,GWJ,광주공장,C,28,2,92.86,23.417857142857144,45.300000000000004,2.9203571428571427
2023-08-31,HWS,화성공장,A,296,11,96.28,22.86993243243243,44.711824324324326,2.7624662162162164
2023-08-31,HWS,화성공장,B,277,13,95.31,23.087725631768954,44.564981949458485,2.7906137184115525
2023-08-31,HWS,화성공장,C,30,2,93.33,22.486666666666668,43.02333333333333,2.731333333333333
2023-08-31,ULN,울산공장,A,864,35,95.95,23.094328703703702,44.872569444444444,2.800451388888889
2023-08-31,ULN,울산공장,B,821,26,96.83,23.025943970767354,44.72119366626065,2.8108769792935444
2023-08-31,ULN,울산공장,C,110,7,93.64,22.853636363636365,45.14363636363637,2.8075454545454543
2023-09-01,ASN,아산공장,A,497,28,94.37,22.920321931589537,44.72796780684104,2.8027162977867204
2023-09-01,ASN,아산공장,B,437,13,97.03,22.97482837528604,44.47711670480549,2.818993135011442
2023-09-01,ASN,아산공장,C,55,2,96.36,22.345454545454544,45.2490909090909,2.8574545454545452
2023-09-01,GWJ,광주공장,A,264,6,97.73,23.007954545454545,45.52727272727273,2.824242424242424
2023-09-01,GWJ,광주공장,B,300,18,94.0,23.003,45.292,2.7841666666666667
2023-09-01,GWJ,광주공장,C,26,1,96.15,22.58076923076923,44.86538461538461,2.815
2023-09-01,HWS,화성공장,A,276,9,96.74,23.671014492753624,44.827536231884054,2.8065217391304347
2023-09-01,HWS,화성공장,B,272,8,97.06,23.163235294117644,45.60036764705882,2.8275
2023-09-01,HWS,화성공장,C,36,5,86.11,23.380555555555556,44.736111111111114,2.7672222222222222
2023-09-01,ULN,울산공장,A,840,31,96.31,22.93619047619048,44.79547619047619,2.8053452380952377
2023-09-01,ULN,울산공장,B,849,25,97.06,22.987279151943465,45.13085983510012,2.8067491166077736
2023-09-01,ULN,울산공장,C,89,6,93.26,22.967415730337077,44.59775280898876,2.7947191011235955
2023-09-02,ASN,아산공장,A,447,14,96.87,22.865548098434004,44.828859060402685,2.756599552572707
2023-09-02,ASN,아산공장,B,439,14,96.81,22.90615034168565,44.9617312072893,2.8034168564920274
2023-09-02,ASN,아산공장,C,49,1,97.96,22.832653061224487,43.66122448979592,2.786326530612245
2023-09-02,GWJ,광주공장,A,280,9,96.79,22.99535714285714,44.419642857142854,2.8056785714285715
2023-09-02,GWJ,광주공장,B,293,13,95.56,23.055972696245732,44.62491467576792,2.800887372013652
2023-09-02,GWJ,광주공장,C,32,0,100.0,22.665625,45.075,2.804375
2023-09-02,HWS,화성공장,A,282,12,95.74,23.04964539007092,45.36063829787234,2.8009574468085106
2023-09-02,HWS,화성공장,B,304,13,95.72,22.680592105263155,45.559868421052634,2.8295394736842105
2023-09-02,HWS,화성공장,C,44,1,97.73,23.175,44.04090909090909,2.7772727272727273
2023-09-02,ULN,울산공장,A,878,44,94.99,22.953189066059227,45.41947608200456,2.802619589977221
2023-09-02,ULN,울산공장,B,792,37,95.33,22.958838383838387,44.98964646464647,2.7933964646464644
2023-09-02,ULN,울산공장,C,88,4,95.45,23.10340909090909,44.25568181818182,2.805
2023-09-03,ASN,아산공장,A,464,24,94.83,22.988793103448273,44.74719827586207,2.8277801724137928
2023-09-03,ASN,아산공장,B,438,18,95.89,22.82922374429224,44.66301369863014,2.7967351598173518
2023-09-03,ASN,아산공장,C,56,2,96.43,23.224999999999998,44.808928571428574,2.8632142857142857
2023-09-03,GWJ,광주공장,A,267,6,97.75,22.882022471910112,45.16441947565543,2.7868913857677904
2023-09-03,GWJ,광주공장,B,294,13,95.58,22.87721088435374,44.637414965986395,2.8025850340136054
2023-09-03,GWJ,광주공장,C,29,0,100.0,21.920689655172417,44.841379310344834,2.7600000000000002
2023-09-03,HWS,화성공장,A,281,14,95.02,22.95800711743772,44.75587188612099,2.7760854092526692
2023-09-03,HWS,화성공장,B,296,7,97.64,22.90439189189189,44.894594594594594,2.8003716216216215
2023-09-03,HWS,화성공장,C,42,2,95.24,23.1,44.38809523809524,2.765952380952381
2023-09-03,ULN,울산공장,A,843,30,96.44,22.96417556346382,44.845314353499404,2.7808422301304865
2023-09-03,ULN,울산공장,B,800,30,96.25,23.18625,45.507625,2.7930624999999996
2023-09-03,ULN,울산공장,C,98,5,94.9,23.266326530612243,45.614285714285714,2.7966326530612244
2023-09-04,ASN,아산공장,A,482,16,96.68,22.965145228215768,45.05228215767635,2.8060373443983404
2023-09-04,ASN,아산공장,B,474,24,94.94,22.973628691983123,44.449367088607595,2.798059071729958
2023-09-04,ASN,아산공장,C,59,6,89.83,23.332203389830507,46.4,2.856101694915254
2023-09-04,GWJ,광주공장,A,274,12,95.62,23.025912408759126,45.17846715328467,2.821204379562044
2023-09-04,GWJ,광주공장,B,286,11,96.15,22.85034965034965,44.78041958041958,2.8234965034965036
2023-09-04,GWJ,광주공장,C,39,2,94.87,22.474358974358974,43.41282051282051,2.743846153846154
2023-09-04,HWS,화성공장,A,312,11,96.47,23.42852564102564,44.73621794871795,2.8325961538461537
2023-09-04,HWS,화성공장,B,301,14,95.35,22.666777408637873,44.80365448504983,2.8282392026578074
2023-09-04,HWS,화성공장,C,40,3,92.5,22.915,46.3125,2.8142500000000004
2023-09-04,ULN,울산공장,A,862,42,95.13,22.895011600928076,44.46450116009281,2.806183294663573
2023-09-04,ULN,울산공장,B,876,45,94.86,22.959817351598172,44.63652968036529,2.7903995433789954
2023-09-04,ULN,울산공장,C,113,7,93.81,22.786725663716815,45.89734513274336,2.7599115044247786
2023-09-05,ASN,아산공장,A,484,20,95.87,23.290289256198346,44.750826446280996,2.795309917355372
2023-09-05,ASN,아산공장,B,468,20,95.73,22.798076923076923,44.968803418803425,2.7958333333333334
2023-09-05,ASN,아산공장,C,56,5,91.07,22.823214285714283,45.32857142857143,2.7880357142857144
2023-09-05,GWJ,광주공장,A,276,8,97.1,22.83804347826087,45.60398550724638,2.783297101449276
2023-09-05,GWJ,광주공장,B,291,11,96.22,23.298969072164947,45.17560137457045,2.7872508591065293
2023-09-05,GWJ,광주공장,C,26,3,88.46,23.13076923076923,43.79230769230769,2.848076923076923
2023-09-05,HWS,화성공장,A,254,15,94.09,22.991732283464565,44.59566929133858,2.7928740157480316
2023-09-05,HWS,화성공장,B,264,10,96.21,22.906439393939394,44.43598484848485,2.773674242424242
2023-09-05,HWS,화성공장,C,38,2,94.74,23.028947368421054,46.352631578947374,2.8142105263157893
2023-09-05,ULN,울산공장,A,807,34,95.79,23.050309789343245,44.68537794299876,2.7970631970260222
2023-09-05,ULN,울산공장,B,805,42,94.78,23.111925465838507,44.714906832298134,2.806335403726708
2023-09-05,ULN,울산공장,C,101,8,92.08,22.599999999999998,46.38415841584158,2.8094059405940595
2023-09-06,ASN,아산공장,A,416,19,95.43,22.717548076923077,44.231490384615384,2.813533653846154
2023-09-06,ASN,아산공장,B,470,20,95.74,23.140212765957447,44.42659574468085,2.7839787234042555
2023-09-06,ASN,아산공장,C,67,5,92.54,22.941791044776117,43.74029850746268,2.7317910447761196
2023-09-06,GWJ,광주공장,A,308,4,98.7,23.215584415584413,45.36883116883117,2.785064935064935
2023-09-06,GWJ,광주공장,B,265,14,94.72,22.668301886792456,45.04528301886793,2.7719622641509436
2023-09-06,GWJ,광주공장,C,34,4,88.24,22.79705882352941,46.182352941176475,2.770882352941176
2023-09-06,HWS,화성공장,A,294,18,93.88,23.148299319727894,45.36530612244898,2.823299319727891
2023-09-06,HWS,화성공장,B,291,15,94.85,22.985223367697593,45.25257731958763,2.8178694158075603
2023-09-06,HWS,화성공장,C,35,1,97.14,23.12857142857143,43.308571428571426,2.732285714285714
2023-09-06,ULN,울산공장,A,784,35,95.54,22.94094387755102,44.83737244897959,2.782576530612245
2023-09-06,ULN,울산공장,B,828,36,95.65,23.002415458937197,45.375241545893715,2.8174396135265702
2023-09-06,ULN,울산공장,C,109,7,93.58,22.96146788990826,43.77614678899083,2.7473394495412844
2023-09-07,ASN,아산공장,A,497,29,94.16,23.029577464788733,45.09879275653923,2.8125352112676056
2023-09-07,ASN,아산공장,B,468,21,95.51,22.79679487179487,45.36709401709402,2.7902991452991452
2023-09-07,ASN,아산공장,C,43,1,97.67,22.28372093023256,44.925581395348836,2.8695348837209305
2023-09-07,GWJ,광주공장,A,264,8,96.97,23.017424242424244,44.425000000000004,2.770378787878788
2023-09-07,GWJ,광주공장,B,271,12,95.57,23.028782287822878,44.58523985239852,2.7950922509225093
2023-09-07,GWJ,광주공장,C,36,3,91.67,22.508333333333333,44.93611111111111,2.770277777777778
2023-09-07,HWS,화성공장,A,263,6,97.72,22.92851711026616,44.667300380228134,2.8019011406844108
2023-09-07,HWS,화성공장,B,289,10,96.54,22.984083044982697,45.443598615916954,2.7838408304498268
2023-09-07,HWS,화성공장,C,40,4,90.0,23.5375,44.9625,2.75525
2023-09-07,ULN,울산공장,A,823,32,96.11,23.120413122721747,44.31057108140948,2.7812636695018225
2023-09-07,ULN,울산공장,B,809,21,97.4,22.966501854140915,44.947466007416566,2.806971569839308
2023-09-07,ULN,울산공장,C,106,3,97.17,23.495283018867923,44.991509433962264,2.7928301886792455
2023-09-08,ASN,아산공장,A,477,21,95.6,23.044863731656182,45.119916142557656,2.8093920335429767
2023-09-08,ASN,아산공장,B,457,19,95.84,22.98293216630197,45.09234135667396,2.7903501094091907
2023-09-08,ASN,아산공장,C,61,2,96.72,22.578688524590163,44.32295081967213,2.844426229508197
2023-09-08,GWJ,광주공장,A,295,10,96.61,23.080677966101696,45.27016949152543,2.8082033898305085
2023-09-08,GWJ,광주공장,B,307,8,97.39,22.7514657980456,45.11172638436482,2.787361563517915
2023-09-08,GWJ,광주공장,C,26,0,100.0,22.892307692307693,47.8,2.7115384615384617
2023-09-08,HWS,화성공장,A,265,10,96.23,23.08075471698113,45.13132075471698,2.775207547169811
2023-09-08,HWS,화성공장,B,276,15,94.57,23.157971014492755,44.33695652173913,2.805833333333333
2023-09-08,HWS,화성공장,C,35,2,94.29,23.36857142857143,45.46857142857143,2.842
2023-09-08,ULN,울산공장,A,858,32,96.27,23.114801864801866,45.48216783216783,2.7867599067599067
2023-09-08,ULN,울산공장,B,849,31,96.35,23.009069493521793,44.67078916372203,2.7949234393404003
2023-09-08,ULN,울산공장,C,116,7,93.97,22.528448275862072,44.54655172413793,2.8373275862068965
2023-09-09,ASN,아산공장,A,493,31,93.71,23.171805273833673,44.4448275862069,2.784320486815416
2023-09-09,ASN,아산공장,B,482,17,96.47,23.05539419087137,45.12904564315353,2.803858921161826
2023-09-09,ASN,아산공장,C,59,3,94.92,22.747457627118642,46.72542372881356,2.765762711864407
2023-09-09,GWJ,광주공장,A,273,11,95.97,23.055677655677655,44.852380952380955,2.8121245421245424
2023-09-09,GWJ,광주공장,B,253,12,95.26,22.974308300395258,44.84150197628458,2.786442687747036
2023-09-09,GWJ,광주공장,C,33,0,100.0,22.524242424242424,43.124242424242425,2.83
2023-09-09,HWS,화성공장,A,285,6,97.89,23.047719298245614,45.32947368421053,2.7622456140350877
2023-09-09,HWS,화성공장,B,286,9,96.85,22.836013986013988,44.887412587412584,2.8166083916083915
2023-09-09,HWS,화성공장,C,32,0,100.0,23.3625,46.553125,2.8634375
2023-09-09,ULN,울산공장,A,859,30,96.51,23.184167636786963,44.841909196740396,2.798672875436554
2023-09-09,ULN,울산공장,B,803,28,96.51,22.9214196762142,45.38356164383562,2.8006226650062267
2023-09-09,ULN,울산공장,C,116,9,92.24,22.852586206896554,44.693103448275856,2.8048275862068968
2023-09-10,ASN,아산공장,A,452,20,95.58,23.336061946902653,45.71061946902655,2.7924557522123896
2023-09-10,ASN,아산공장,B,470,12,97.45,23.085106382978722,45.03744680851064,2.790893617021277
2023-09-10,ASN,아산공장,C,51,2,96.08,22.96078431372549,46.858823529411765,2.8705882352941177
2023-09-10,GWJ,광주공장,A,295,9,96.95,22.74440677966102,44.73525423728813,2.7992881355932204
2023-09-10,GWJ,광주공장,B,306,7,97.71,22.96830065359477,45.50228758169935,2.793202614379085
2023-09-10,GWJ,광주공장,C,31,1,96.77,22.73225806451613,42.599999999999994,2.830322580645161
2023-09-10,HWS,화성공장,A,278,12,95.68,22.887410071942444,44.38309352517986,2.7781654676258993
2023-09-10,HWS,화성공장,B,244,7,97.13,23.268852459016394,44.85245901639344,2.799139344262295
2023-09-10,HWS,화성공장,C,46,4,91.3,23.528260869565216,43.40217391304348,2.837608695652174
2023-09-10,ULN,울산공장,A,832,33,96.03,23.235456730769233,44.816947115384615,2.809435096153846
2023-09-10,ULN,울산공장,B,809,28,96.54,23.1610630407911,45.04585908529048,2.790964153275649
2023-09-10,ULN,울산공장,C,120,7,94.17,22.59,44.52333333333333,2.774583333333333
2023-09-11,ASN,아산공장,A,499,16,96.79,22.812625250501004,45.06052104208417,2.81749498997996
2023-09-11,ASN,아산공장,B,452,19,95.8,23.12853982300885,45.510840707964604,2.824092920353982
2023-09-11,ASN,아산공장,C,65,1,98.46,23.596923076923076,44.66153846153846,2.7944615384615386
2023-09-11,GWJ,광주공장,A,285,7,97.54,23.083859649122807,44.98736842105263,2.802947368421053
2023-09-11,GWJ,광주공장,B,299,9,96.99,23.259866220735784,44.92809364548495,2.786588628762542
2023-09-11,GWJ,광주공장,C,44,3,93.18,22.25227272727273,45.39545454545454,2.749090909090909
2023-09-11,HWS,화성공장,A,271,12,95.57,23.025461254612544,45.8789667896679,2.7961992619926197
2023-09-11,HWS,화성공장,B,269,11,95.91,22.96914498141264,45.56282527881041,2.784684014869889
2023-09-11,HWS,화성공장,C,30,2,93.33,23.28666666666667,43.28333333333333,2.82
2023-09-11,ULN,울산공장,A,843,34,95.97,23.048517200474496,45.124792408066426,2.807473309608541
2023-09-11,ULN,울산공장,B,829,32,96.14,23.1416164053076,45.39071170084439,2.783462002412545
2023-09-11,ULN,울산공장,C,103,3,97.09,22.89417475728155,44.91165048543689,2.8015533980582523
2023-09-12,ASN,아산공장,A,431,16,96.29,23.1754060324826,45.096287703016245,2.8207656612529
2023-09-12,ASN,아산공장,B,457,21,95.4,22.916849015317286,45.56083150984683,2.799606126914661
2023-09-12,ASN,아산공장,C,75,5,93.33,23.552,45.029333333333334,2.7708
2023-09-12,GWJ,광주공장,A,276,7,97.46,23.104710144927534,45.493478260869566,2.835398550724638
2023-09-12,GWJ,광주공장,B,259,10,96.14,22.623938223938225,44.71003861003861,2.7814285714285716
2023-09-12,GWJ,광주공장,C,34,2,94.12,23.608823529411765,44.56470588235294,2.8673529411764704
2023-09-12,HWS,화성공장,A,273,9,96.7,23.00842490842491,44.307326007326004,2.8305494505494506
2023-09-12,HWS,화성공장,B,288,11,96.18,22.849305555555556,44.579861111111114,2.7880555555555557
2023-09-12,HWS,화성공장,C,36,0,100.0,22.36111111111111,43.86666666666667,2.788611111111111
2023-09-12,ULN,울산공장,A,839,39,95.35,22.873182359952324,45.252800953516086,2.794851013110846
2023-09-12,ULN,울산공장,B,871,27,96.9,23.140987370838115,45.18438576349024,2.8076693455797934
2023-09-12,ULN,울산공장,C,115,6,94.78,23.322608695652175,45.189565217391305,2.7398260869565214
2023-09-13,ASN,아산공장,A,468,23,95.09,23.111324786324786,45.284615384615385,2.796688034188034
2023-09-13,ASN,아산공장,B,491,21,95.72,22.764154786150716,44.437881873727086,2.775295315682281
2023-09-13,ASN,아산공장,C,63,5,92.06,22.623809523809523,43.96825396825397,2.7934920634920637
2023-09-13,GWJ,광주공장,A,280,13,95.36,23.35892857142857,45.1075,2.7804285714285712
2023-09-13,GWJ,광주공장,B,271,14,94.83,22.50036900369004,45.16088560885609,2.7886346863468634
2023-09-13,GWJ,광주공장,C,36,2,94.44,22.77777777777778,44.11944444444444,2.8208333333333333
2023-09-13,HWS,화성공장,A,267,12,95.51,22.99213483146067,43.988389513108615,2.7873782771535582
2023-09-13,HWS,화성공장,B,288,6,97.92,23.194097222222222,44.197916666666664,2.791770833333333
2023-09-13,HWS,화성공장,C,25,2,92.0,23.128,42.808,2.7504000000000004
2023-09-13,ULN,울산공장,A,796,33,95.85,23.0964824120603,45.3535175879397,2.8041582914572865
2023-09-13,ULN,울산공장,B,873,32,96.33,22.99885452462772,44.86460481099657,2.8009392898052687
2023-09-13,ULN,울산공장,C,95,8,91.58,22.803157894736845,43.758947368421055,2.8193684210526313
2023-09-14,ASN,아산공장,A,491,16,96.74,22.978207739307535,44.85478615071283,2.800529531568228
2023-09-14,ASN,아산공장,B,445,18,95.96,22.881573033707863,45.20224719101124,2.796359550561798
2023-09-14,ASN,아산공장,C,55,5,90.91,22.987272727272728,46.32181818181818,2.7847272727272725
2023-09-14,GWJ,광주공장,A,263,12,95.44,23.290494296577947,45.015969581749054,2.7799239543726237
2023-09-14,GWJ,광주공장,B,284,8,97.18,23.2612676056338,44.708098591549295,2.7897535211267606
2023-09-14,GWJ,광주공장,C,37,1,97.3,23.08648648648649,45.8054054054054,2.844324324324324
2023-09-14,HWS,화성공장,A,291,11,96.22,22.96426116838488,44.78006872852234,2.7906872852233677
2023-09-14,HWS,화성공장,B,264,5,98.11,23.146212121212123,45.34204545454545,2.7955681818181817
2023-09-14,HWS,화성공장,C,30,1,96.67,23.12,43.75,2.707666666666667
2023-09-14,ULN,울산공장,A,847,32,96.22,22.964580873671782,45.312396694214875,2.7973907910271545
2023-09-14,ULN,울산공장,B,849,36,95.76,22.997997644287395,44.86065959952885,2.785889281507656
2023-09-14,ULN,울산공장,C,102,6,94.12,22.97843137254902,45.501960784313724,2.78078431372549
2023-09-15,ASN,아산공장,A,424,16,96.23,22.90731132075472,44.67547169811321,2.8158018867924532
2023-09-15,ASN,아산공장,B,468,12,97.44,23.130769230769232,44.644017094017094,2.8039529914529915
2023-09-15,ASN,아산공장,C,56,2,96.43,23.064285714285713,45.4375,2.7800000000000002
2023-09-15,GWJ,광주공장,A,267,12,95.51,22.619475655430712,45.73333333333333,2.817940074906367
2023-09-15,GWJ,광주공장,B,283,8,97.17,23.06713780918728,44.98056537102474,2.7953356890459364
2023-09-15,GWJ,광주공장,C,30,6,80.0,22.896666666666665,43.68,2.8160000000000003
2023-09-15,HWS,화성공장,A,261,6,97.7,23.07624521072797,44.81724137931034,2.7955555555555556
2023-09-15,HWS,화성공장,B,276,9,96.74,23.220289855072465,46.0822463768116,2.7816666666666667
2023-09-15,HWS,화성공장,C,34,3,91.18,21.86764705882353,44.38529411764706,2.748235294117647
2023-09-15,ULN,울산공장,A,863,39,95.48,22.91529548088065,44.91552723059096,2.80449594438007
2023-09-15,ULN,울산공장,B,825,24,97.09,23.019151515151513,45.24036363636364,2.803575757575757
2023-09-15,ULN,울산공장,C,94,6,93.62,22.906382978723403,43.96808510638298,2.757021276595745
2023-09-16,ASN,아산공장,A,494,14,97.17,22.7168016194332,45.155060728744935,2.8048582995951414
2023-09-16,ASN,아산공장,B,467,26,94.43,22.899571734475376,44.387794432548176,2.777730192719486
2023-09-16,ASN,아산공장,C,69,10,85.51,23.085507246376814,44.02028985507246,2.807826086956522
2023-09-16,GWJ,광주공장,A,241,17,92.95,22.915352697095436,44.89087136929461,2.784771784232365
2023-09-16,GWJ,광주공장,B,284,14,95.07,22.867957746478872,45.82007042253521,2.8133450704225353
2023-09-16,GWJ,광주공장,C,29,2,93.1,23.49310344827586,46.49310344827586,2.817241379310345
2023-09-16,HWS,화성공장,A,285,13,95.44,23.534385964912282,44.330877192982456,2.83519298245614
2023-09-16,HWS,화성공장,B,265,8,96.98,23.20150943396226,45.14452830188679,2.8067924528301886
2023-09-16,HWS,화성공장,C,22,2,90.91,23.177272727272726,44.74545454545454,2.8036363636363637
2023-09-16,ULN,울산공장,A,845,31,96.33,22.83810650887574,45.40224852071006,2.7940828402366864
2023-09-16,ULN,울산공장,B,822,31,96.23,22.76435523114355,45.0176399026764,2.7996107055961073
2023-09-16,ULN,울산공장,C,124,6,95.16,22.826612903225808,42.86048387096774,2.7483870967741937
2023-09-17,ASN,아산공장,A,434,18,95.85,22.957603686635945,44.72603686635944,2.781290322580645
2023-09-17,ASN,아산공장,B,512,23,95.51,22.9943359375,44.861328125,2.82470703125
2023-09-17,ASN,아산공장,C,51,3,94.12,23.07843137254902,43.13921568627451,2.803921568627451
2023-09-17,GWJ,광주공장,A,276,10,96.38,23.077536231884057,45.24673913043478,2.790942028985507
2023-09-17,GWJ,광주공장,B,271,6,97.79,22.713653136531363,44.284132841328415,2.7840959409594097
2023-09-17,GWJ,광주공장,C,35,4,88.57,23.81142857142857,44.6,2.700857142857143
2023-09-17,HWS,화성공장,A,286,15,94.76,22.965034965034967,45.174475524475525,2.8302797202797203
2023-09-17,HWS,화성공장,B,265,12,95.47,23.221886792452832,43.485283018867925,2.821811320754717
2023-09-17,HWS,화성공장,C,54,1,98.15,23.331481481481482,44.516666666666666,2.838888888888889
2023-09-17,ULN,울산공장,A,861,41,95.24,23.089547038327524,45.13693379790941,2.7704297328687573
2023-09-17,ULN,울산공장,B,893,31,96.53,23.10492721164614,44.861590145576706,2.795811870100784
2023-09-17,ULN,울산공장,C,94,5,94.68,23.14148936170213,45.03829787234043,2.832127659574468
2023-09-18,ASN,아산공장,A,479,19,96.03,23.2937369519833,45.3062630480167,2.80356993736952
2023-09-18,ASN,아산공장,B,429,19,95.57,23.064102564102566,44.438228438228435,2.800792540792541
2023-09-18,ASN,아산공장,C,54,5,90.74,22.840740740740742,47.08148148148148,2.7924074074074072
2023-09-18,GWJ,광주공장,A,251,12,95.22,22.81235059760956,45.057370517928284,2.799362549800797
2023-09-18,GWJ,광주공장,B,291,5,98.28,23.26494845360825,45.32405498281787,2.7751546391752577
2023-09-18,GWJ,광주공장,C,33,4,87.88,22.89090909090909,46.512121212121215,2.818787878787879
2023-09-18,HWS,화성공장,A,279,9,96.77,22.917921146953407,44.770967741935486,2.7976344086021503
2023-09-18,HWS,화성공장,B,267,16,94.01,23.022097378277152,45.66891385767791,2.8026591760299624
2023-09-18,HWS,화성공장,C,36,4,88.89,23.25277777777778,43.35277777777778,2.748333333333333
2023-09-18,ULN,울산공장,A,870,40,95.4,22.98816091954023,45.01218390804598,2.803873563218391
2023-09-18,ULN,울산공장,B,879,39,95.56,23.135494880546073,44.868259385665525,2.7950056882821386
2023-09-18,ULN,울산공장,C,103,9,91.26,23.333980582524273,46.90679611650485,2.8267961165048545
2023-09-19,ASN,아산공장,A,437,17,96.11,22.944622425629287,44.704576659038906,2.7775286041189933
2023-09-19,ASN,아산공장,B,484,15,96.9,22.758471074380164,45.344421487603306,2.7946280991735537
2023-09-19,ASN,아산공장,C,68,5,92.65,22.733823529411765,45.51764705882353,2.736029411764706
2023-09-19,GWJ,광주공장,A,300,11,96.33,22.971,45.13733333333334,2.7697333333333334
2023-09-19,GWJ,광주공장,B,284,12,95.77,22.882746478873237,44.94225352112676,2.8218661971830983
2023-09-19,GWJ,광주공장,C,34,0,100.0,23.423529411764704,47.391176470588235,2.7597058823529412
2023-09-19,HWS,화성공장,A,258,13,94.96,22.835271317829456,45.96356589147287,2.7830232558139536
2023-09-19,HWS,화성공장,B,276,11,96.01,23.173188405797102,45.119202898550725,2.796521739130435
2023-09-19,HWS,화성공장,C,38,0,100.0,22.94473684210526,45.37894736842105,2.8484210526315787
2023-09-19,ULN,울산공장,A,796,33,95.85,22.935804020100505,45.46507537688442,2.8065452261306536
2023-09-19,ULN,울산공장,B,842,36,95.72,23.082897862232777,44.870902612826605,2.7968527315914486
2023-09-19,ULN,울산공장,C,99,9,90.91,23.513131313131314,44.230303030303034,2.7897979797979797
2023-09-20,ASN,아산공장,A,442,12,97.29,22.795022624434388,45.18031674208145,2.8098868778280544
2023-09-20,ASN,아산공장,B,460,26,94.35,23.06304347826087,45.06021739130435,2.807413043478261
2023-09-20,ASN,아산공장,C,73,3,95.89,22.187671232876713,44.71232876712329,2.824657534246575
2023-09-20,GWJ,광주공장,A,268,10,96.27,23.076119402985075,44.911567164179104,2.7873880597014926
2023-09-20,GWJ,광주공장,B,277,11,96.03,23.119133574007222,45.04043321299639,2.8203249097472924
2023-09-20,GWJ,광주공장,C,37,3,91.89,23.47837837837838,44.67297297297298,2.775675675675676
2023-09-20,HWS,화성공장,A,265,9,96.6,23.0011320754717,44.95358490566038,2.7823018867924527
2023-09-20,HWS,화성공장,B,250,9,96.4,22.994799999999998,45.5608,2.78096
2023-09-20,HWS,화성공장,C,28,1,96.43,22.857142857142858,43.260714285714286,2.7600000000000002
2023-09-20,ULN,울산공장,A,857,28,96.73,22.955309218203034,44.981096849474916,2.7848424737456243
2023-09-20,ULN,울산공장,B,853,29,96.6,23.070808909730363,44.891559202813596,2.8141148886283704
2023-09-20,ULN,울산공장,C,89,6,93.26,23.034831460674155,44.412359550561796,2.8197752808988765
2023-09-21,ASN,아산공장,A,467,19,95.93,22.918415417558887,45.038115631691646,2.8105567451820126
2023-09-21,ASN,아산공장,B,477,19,96.02,23.261844863731657,44.72641509433962,2.828553459119497
2023-09-21,ASN,아산공장,C,63,4,93.65,22.09206349206349,45.14920634920635,2.7298412698412697
2023-09-21,GWJ,광주공장,A,255,5,98.04,22.99137254901961,45.99176470588235,2.811294117647059
2023-09-21,GWJ,광주공장,B,265,12,95.47,23.081132075471697,46.61018867924528,2.8060377358490567
2023-09-21,GWJ,광주공장,C,40,3,92.5,23.7175,42.894999999999996,2.8297499999999998
2023-09-21,HWS,화성공장,A,252,11,95.63,23.274603174603175,45.023809523809526,2.791746031746032
2023-09-21,HWS,화성공장,B,275,7,97.45,23.061454545454545,44.637454545454545,2.777090909090909
2023-09-21,HWS,화성공장,C,42,6,85.71,22.454761904761906,41.37142857142857,2.8811904761904765
2023-09-21,ULN,울산공장,A,806,28,96.53,22.83200992555831,44.85459057071961,2.7886724565756826
2023-09-21,ULN,울산공장,B,861,29,96.63,22.904645760743325,45.301045296167246,2.7991056910569108
2023-09-21,ULN,울산공장,C,114,7,93.86,22.923684210526318,45.80438596491228,2.7802631578947365
2023-09-22,ASN,아산공장,A,462,21,95.45,22.826623376623377,45.17554112554112,2.816904761904762
2023-09-22,ASN,아산공장,B,511,19,96.28,23.106849315068494,44.90195694716243,2.791115459882583
2023-09-22,ASN,아산공장,C,58,1,98.28,22.917241379310347,44.84827586206896,2.861551724137931
2023-09-22,GWJ,광주공장,A,312,7,97.76,23.214102564102564,44.72660256410256,2.751698717948718
2023-09-22,GWJ,광주공장,B,289,7,97.58,22.869896193771623,44.30207612456747,2.7959515570934257
2023-09-22,GWJ,광주공장,C,42,3,92.86,22.76904761904762,44.957142857142856,2.8085714285714283
2023-09-22,HWS,화성공장,A,292,12,95.89,23.146917808219175,43.9527397260274,2.8105479452054793
2023-09-22,HWS,화성공장,B,295,15,94.92,23.03864406779661,44.82101694915254,2.8023389830508476
2023-09-22,HWS,화성공장,C,31,3,90.32,23.08709677419355,42.96451612903226,2.722258064516129
2023-09-22,ULN,울산공장,A,890,40,95.51,23.041460674157307,45.008651685393254,2.7924831460674158
2023-09-22,ULN,울산공장,B,822,29,96.47,22.81739659367397,44.82092457420925,2.804063260340633
2023-09-22,ULN,울산공장,C,121,7,94.21,23.2099173553719,45.25454545454546,2.7469421487603305
2023-09-23,ASN,아산공장,A,488,29,94.06,22.875614754098358,44.9327868852459,2.802110655737705
2023-09-23,ASN,아산공장,B,475,13,97.26,22.84863157894737,44.50694736842105,2.774821052631579
2023-09-23,ASN,아산공장,C,63,7,88.89,23.525396825396825,44.31428571428572,2.784920634920635
2023-09-23,GWJ,광주공장,A,278,11,96.04,22.99136690647482,45.142805755395685,2.8287769784172663
2023-09-23,GWJ,광주공장,B,276,6,97.83,22.829347826086956,44.81920289855073,2.808731884057971
2023-09-23,GWJ,광주공장,C,42,3,92.86,22.247619047619047,46.56428571428572,2.8295238095238098
2023-09-23,HWS,화성공장,A,273,9,96.7,22.803296703296702,45.24945054945055,2.825164835164835
2023-09-23,HWS,화성공장,B,304,14,95.39,23.26940789473684,45.22960526315789,2.8070065789473686
2023-09-23,HWS,화성공장,C,40,2,95.0,23.625,45.335,2.8449999999999998
2023-09-23,ULN,울산공장,A,803,35,95.64,23.13412204234122,44.85529265255293,2.7965130759651307
2023-09-23,ULN,울산공장,B,817,23,97.18,22.822643818849446,45.143818849449204,2.802949816401469
2023-09-23,ULN,울산공장,C,86,5,94.19,22.969767441860466,45.472093023255816,2.7809302325581395
2023-09-24,ASN,아산공장,A,455,20,95.6,23.038241758241757,44.67956043956044,2.7872307692307694
2023-09-24,ASN,아산공장,B,471,17,96.39,23.006581740976646,45.32972399150743,2.808471337579618
2023-09-24,ASN,아산공장,C,50,7,86.0,22.684,44.646,2.7516000000000003
2023-09-24,GWJ,광주공장,A,305,13,95.74,23.191147540983607,44.760655737704916,2.799672131147541
2023-09-24,GWJ,광주공장,B,314,14,95.54,23.464649681528662,44.73726114649681,2.809936305732484
2023-09-24,GWJ,광주공장,C,25,1,96.0,22.516,43.38399999999999,2.8051999999999997
2023-09-24,HWS,화성공장,A,261,12,95.4,23.06551724137931,44.58620689655172,2.757931034482759
2023-09-24,HWS,화성공장,B,259,9,96.53,22.864864864864863,44.809266409266414,2.7792664092664094
2023-09-24,HWS,화성공장,C,31,3,90.32,23.241935483870968,48.8258064516129,2.8048387096774197
2023-09-24,ULN,울산공장,A,882,33,96.26,23.03514739229025,45.105328798185944,2.806972789115646
2023-09-24,ULN,울산공장,B,843,32,96.2,23.06465005931198,45.17164887307236,2.8031316725978646
2023-09-24,ULN,울산공장,C,104,3,97.12,23.075961538461538,44.66826923076923,2.7929807692307693
2023-09-25,ASN,아산공장,A,453,15,96.69,23.162251655629138,44.97505518763797,2.8113245033112584
2023-09-25,ASN,아산공장,B,461,23,95.01,23.207809110629064,44.96030368763557,2.7837310195227767
2023-09-25,ASN,아산공장,C,58,1,98.28,22.579310344827583,43.008620689655174,2.7589655172413794
2023-09-25,GWJ,광주공장,A,296,15,94.93,22.832094594594594,45.298986486486484,2.791283783783784
2023-09-25,GWJ,광주공장,B,298,10,96.64,22.654697986577183,45.620469798657716,2.8316107382550335
2023-09-25,GWJ,광주공장,C,28,2,92.86,22.79642857142857,45.44285714285714,2.768214285714286
2023-09-25,HWS,화성공장,A,285,8,97.19,22.812631578947368,45.04666666666667,2.824771929824561
2023-09-25,HWS,화성공장,B,283,14,95.05,23.13957597173145,45.28091872791519,2.798268551236749
2023-09-25,HWS,화성공장,C,40,6,85.0,22.892500000000002,45.277499999999996,2.8322499999999997
2023-09-25,ULN,울산공장,A,840,39,95.36,23.075357142857143,44.84166666666667,2.7805238095238094
2023-09-25,ULN,울산공장,B,873,36,95.88,22.906758304696446,44.67857961053838,2.7940549828178693
2023-09-25,ULN,울산공장,C,103,7,93.2,22.961165048543688,46.929126213592234,2.7990291262135925
2023-09-26,ASN,아산공장,A,458,20,95.63,22.889082969432316,44.85633187772926,2.8038209606986904
2023-09-26,ASN,아산공장,B,466,13,97.21,22.98412017167382,44.84978540772532,2.8122103004291845
2023-09-26,ASN,아산공장,C,49,3,93.88,23.422448979591838,45.21224489795919,2.7885714285714283
2023-09-26,GWJ,광주공장,A,274,8,97.08,22.861313868613138,45.16861313868613,2.7925182481751825
2023-09-26,GWJ,광주공장,B,282,11,96.1,23.157092198581562,44.315602836879435,2.7974113475177305
2023-09-26,GWJ,광주공장,C,42,0,100.0,23.05952380952381,45.69047619047619,2.7195238095238095
2023-09-26,HWS,화성공장,A,306,4,98.69,23.000326797385622,45.15424836601307,2.7881699346405227
2023-09-26,HWS,화성공장,B,253,9,96.44,23.010276679841898,45.19090909090909,2.8219762845849803
2023-09-26,HWS,화성공장,C,27,3,88.89,23.31111111111111,44.337037037037035,2.796666666666667
2023-09-26,ULN,울산공장,A,828,31,96.26,22.69891304347826,45.15217391304348,2.7990096618357487
2023-09-26,ULN,울산공장,B,844,26,96.92,23.132345971563982,44.45450236966825,2.7936255924170617
2023-09-26,ULN,울산공장,C,125,13,89.6,22.610400000000002,45.028800000000004,2.82416
2023-09-27,ASN,아산공장,A,451,22,95.12,23.156319290465632,44.8920177383592,2.7982261640798227
2023-09-27,ASN,아산공장,B,446,16,96.41,23.12017937219731,44.41928251121076,2.803273542600897
2023-09-27,ASN,아산공장,C,58,6,89.66,22.936206896551724,44.11379310344827,2.786551724137931
2023-09-27,GWJ,광주공장,A,290,9,96.9,23.210689655172416,44.56310344827586,2.8119655172413793
2023-09-27,GWJ,광주공장,B,283,11,96.11,22.840282685512367,45.50848056537102,2.776325088339223
2023-09-27,GWJ,광주공장,C,31,2,93.55,22.55806451612903,44.9483870967742,2.786774193548387
2023-09-27,HWS,화성공장,A,288,9,96.88,22.731944444444444,44.983333333333334,2.7991319444444445
2023-09-27,HWS,화성공장,B,300,8,97.33,22.919,45.02433333333333,2.742633333333333
2023-09-27,HWS,화성공장,C,31,1,96.77,21.938709677419357,47.40967741935484,2.7809677419354837
2023-09-27,ULN,울산공장,A,854,38,95.55,23.131498829039813,45.58430913348946,2.800234192037471
2023-09-27,ULN,울산공장,B,818,27,96.7,22.936185819070904,44.96332518337408,2.8183251833740828
2023-09-27,ULN,울산공장,C,102,5,95.1,22.389215686274508,45.08039215686274,2.8044117647058826
2023-09-28,ASN,아산공장,A,416,17,95.91,22.682692307692307,45.011298076923076,2.7927403846153847
2023-09-28,ASN,아산공장,B,464,22,95.26,22.98448275862069,45.119612068965516,2.7880818965517244
2023-09-28,ASN,아산공장,C,56,4,92.86,23.094642857142855,44.394642857142856,2.777142857142857
2023-09-28,GWJ,광주공장,A,297,14,95.29,22.876767676767674,44.92659932659933,2.81006734006734
2023-09-28,GWJ,광주공장,B,248,12,95.16,22.670564516129033,45.27540322580645,2.7874596774193545
2023-09-28,GWJ,광주공장,C,30,0,100.0,22.153333333333332,46.8,2.8496666666666663
2023-09-28,HWS,화성공장,A,282,12,95.74,22.96808510638298,45.52056737588652,2.785673758865248
2023-09-28,HWS,화성공장,B,290,15,94.83,22.92655172413793,44.703448275862065,2.8149655172413794
2023-09-28,HWS,화성공장,C,39,4,89.74,23.005128205128205,47.135897435897434,2.807948717948718
2023-09-28,ULN,울산공장,A,849,41,95.17,22.88327444051826,44.500353356890464,2.788810365135453
2023-09-28,ULN,울산공장,B,822,26,96.84,23.026520681265207,44.97189781021898,2.7789051094890516
2023-09-28,ULN,울산공장,C,101,5,95.05,23.18712871287129,45.78613861386138,2.847029702970297
2023-09-29,ASN,아산공장,A,466,15,96.78,23.007081545064377,45.75944206008584,2.7867381974248926
2023-09-29,ASN,아산공장,B,484,23,95.25,22.998760330578513,45.574999999999996,2.8026652892561983
2023-09-29,ASN,아산공장,C,51,4,92.16,23.182352941176468,45.61176470588235,2.85
2023-09-29,GWJ,광주공장,A,316,13,95.89,23.068037974683545,44.667088607594934,2.808639240506329
2023-09-29,GWJ,광주공장,B,268,10,96.27,23.21865671641791,44.87686567164179,2.7928358208955224
2023-09-29,GWJ,광주공장,C,44,4,90.91,23.697727272727274,45.288636363636364,2.8111363636363635
2023-09-29,HWS,화성공장,A,243,8,96.71,23.148559670781893,44.23744855967078,2.8234156378600823
2023-09-29,HWS,화성공장,B,311,13,95.82,23.156913183279745,44.278778135048235,2.7958842443729903
2023-09-29,HWS,화성공장,C,35,3,91.43,23.16857142857143,43.56285714285715,2.7437142857142858
2023-09-29,ULN,울산공장,A,803,28,96.51,22.84458281444583,45.12403486924035,2.8059028642590285
2023-09-29,ULN,울산공장,B,902,36,96.01,23.015521064301552,45.41518847006652,2.811507760532151
2023-09-29,ULN,울산공장,C,99,7,92.93,22.815151515151513,45.50606060606061,2.7538383838383838
2023-09-30,ASN,아산공장,A,459,20,95.64,23.050108932461875,43.969281045751636,2.786230936819172
2023-09-30,ASN,아산공장,B,460,17,96.3,23.131304347826084,45.67108695652174,2.809630434782609
2023-09-30,ASN,아산공장,C,60,4,93.33,22.735,46.8,2.783
2023-09-30,GWJ,광주공장,A,257,8,96.89,22.859922178988327,44.62529182879378,2.7678599221789884
2023-09-30,GWJ,광주공장,B,264,3,98.86,23.11477272727273,44.699621212121215,2.811818181818182
2023-09-30,GWJ,광주공장,C,36,2,94.44,22.700000000000003,45.57222222222222,2.8405555555555555
2023-09-30,HWS,화성공장,A,265,11,95.85,22.947547169811322,44.943773584905664,2.7746792452830187
2023-09-30,HWS,화성공장,B,287,7,97.56,23.093728222996514,44.68780487804878,2.800313588850174
2023-09-30,HWS,화성공장,C,43,1,97.67,23.527906976744188,46.72093023255814,2.8400000000000003
2023-09-30,ULN,울산공장,A,841,33,96.08,23.088228299643283,45.15053507728894,2.803317479191439
2023-09-30,ULN,울산공장,B,848,31,96.34,23.145990566037735,45.002476415094335,2.793785377358491
2023-09-30,ULN,울산공장,C,96,5,94.79,22.858333333333334,45.42083333333333,2.8509375
2023-10-01,ASN,아산공장,A,443,24,94.58,23.22415349887133,44.85304740406321,2.812483069977427
2023-10-01,ASN,아산공장,B,487,22,95.48,23.009856262833676,45.0217659137577,2.7857494866529775
2023-10-01,ASN,아산공장,C,78,4,94.87,22.244871794871795,44.58461538461538,2.788205128205128
2023-10-01,GWJ,광주공장,A,299,9,96.99,23.033779264214047,45.34080267558528,2.801772575250836
2023-10-01,GWJ,광주공장,B,308,18,94.16,23.081818181818182,45.29675324675325,2.794805194805195
2023-10-01,GWJ,광주공장,C,48,2,95.83,23.210416666666664,47.302083333333336,2.780416666666667
2023-10-01,HWS,화성공장,A,303,9,97.03,22.977227722772277,44.255775577557756,2.8095709570957093
2023-10-01,HWS,화성공장,B,282,14,95.04,22.822695035460992,44.77375886524823,2.781985815602837
2023-10-01,HWS,화성공장,C,30,2,93.33,22.89333333333333,44.57666666666667,2.806
2023-10-01,ULN,울산공장,A,829,38,95.42,22.909047044632086,45.13027744270205,2.8160916767189383
2023-10-01,ULN,울산공장,B,817,30,96.33,22.999632802937576,45.175764993880044,2.8060342717258266
2023-10-01,ULN,울산공장,C,103,6,94.17,22.785436893203883,44.77864077669903,2.841941747572816
2023-10-02,ASN,아산공장,A,500,25,95.0,22.797,44.9736,2.8045999999999998
2023-10-02,ASN,아산공장,B,456,18,96.05,22.872587719298245,45.238596491228066,2.787061403508772
2023-10-02,ASN,아산공장,C,67,5,92.54,23.06417910447761,46.07014925373134,2.77865671641791
2023-10-02,GWJ,광주공장,A,286,14,95.1,22.68111888111888,44.847552447552445,2.780804195804196
2023-10-02,GWJ,광주공장,B,283,8,97.17,23.237455830388694,45.1530035335689,2.8203180212014134
2023-10-02,GWJ,광주공장,C,36,3,91.67,22.991666666666667,43.69444444444444,2.7391666666666667
2023-10-02,HWS,화성공장,A,314,12,96.18,22.827707006369426,44.84076433121019,2.830063694267516
2023-10-02,HWS,화성공장,B,248,13,94.76,22.810887096774195,44.75685483870968,2.8250806451612904
2023-10-02,HWS,화성공장,C,28,2,92.86,22.767857142857142,45.28928571428571,2.8057142857142856
2023-10-02,ULN,울산공장,A,809,44,94.56,22.9725587144623,45.234363411619285,2.7970210135970333
2023-10-02,ULN,울산공장,B,838,32,96.18,23.034486873508357,45.03556085918855,2.796276849642005
2023-10-02,ULN,울산공장,C,111,7,93.69,23.47027027027027,44.58468468468468,2.823423423423423
2023-10-03,ASN,아산공장,A,498,20,95.98,22.830522088353415,44.861847389558235,2.798433734939759
2023-10-03,ASN,아산공장,B,459,16,96.51,23.073856209150325,45.18518518518518,2.820653594771242
2023-10-03,ASN,아산공장,C,73,6,91.78,22.847945205479455,45.18904109589042,2.8547945205479452
2023-10-03,GWJ,광주공장,A,253,9,96.44,22.629644268774705,45.46205533596838,2.82498023715415
2023-10-03,GWJ,광주공장,B,288,12,95.83,22.96875,45.31180555555555,2.8231597222222224
2023-10-03,GWJ,광주공장,C,27,2,92.59,23.02962962962963,46.696296296296296,2.828148148148148
2023-10-03,HWS,화성공장,A,278,9,96.76,23.521942446043166,44.447841726618705,2.7716546762589926
2023-10-03,HWS,화성공장,B,277,11,96.03,23.06245487364621,45.2028880866426,2.8350541516245484
2023-10-03,HWS,화성공장,C,34,1,97.06,23.326470588235296,47.38823529411765,2.780588235294118
2023-10-03,ULN,울산공장,A,805,38,95.28,23.121366459627332,44.90645962732919,2.7988447204968945
2023-10-03,ULN,울산공장,B,849,27,96.82,23.045818610129565,45.205064782096585,2.7933568904593638
2023-10-03,ULN,울산공장,C,104,4,96.15,23.26634615384615,43.92211538461538,2.816826923076923
2023-10-04,ASN,아산공장,A,444,23,94.82,23.021621621621623,44.89662162162162,2.811846846846847
2023-10-04,ASN,아산공장,B,456,17,96.27,23.07478070175439,45.272149122807015,2.780877192982456
2023-10-04,ASN,아산공장,C,57,4,92.98,22.619298245614033,45.26491228070175,2.816140350877193
2023-10-04,GWJ,광주공장,A,301,16,94.68,23.21262458471761,45.12093023255814,2.8077740863787377
2023-10-04,GWJ,광주공장,B,277,13,95.31,22.927075812274367,44.96534296028881,2.821696750902527
2023-10-04,GWJ,광주공장,C,45,1,97.78,22.695555555555554,43.913333333333334,2.850222222222222
2023-10-04,HWS,화성공장,A,279,12,95.7,23.049820788530464,44.81218637992831,2.8402508960573476
2023-10-04,HWS,화성공장,B,303,12,96.04,22.814851485148512,44.74884488448845,2.7772607260726074
2023-10-04,HWS,화성공장,C,36,0,100.0,23.619444444444444,42.525000000000006,2.7125000000000004
2023-10-04,ULN,울산공장,A,865,28,96.76,23.026011560693643,44.795375722543355,2.790994219653179
2023-10-04,ULN,울산공장,B,866,44,94.92,23.030484988452656,45.43048498845266,2.827806004618938
2023-10-04,ULN,울산공장,C,94,4,95.74,23.179787234042553,45.86702127659574,2.7597872340425535
2023-10-05,ASN,아산공장,A,484,23,95.25,23.095661157024793,45.05702479338843,2.7996487603305784
2023-10-05,ASN,아산공장,B,468,19,95.94,23.029487179487177,44.81303418803419,2.816068376068376
2023-10-05,ASN,아산공장,C,49,2,95.92,23.418367346938776,41.82244897959184,2.839795918367347
2023-10-05,GWJ,광주공장,A,309,15,95.15,22.924595469255664,45.18349514563107,2.801747572815534
2023-10-05,GWJ,광주공장,B,251,9,96.41,22.64422310756972,44.701195219123505,2.8406772908366533
2023-10-05,GWJ,광주공장,C,37,3,91.89,23.64864864864865,45.9054054054054,2.8
2023-10-05,HWS,화성공장,A,292,10,96.58,22.7736301369863,44.39965753424658,2.826917808219178
2023-10-05,HWS,화성공장,B,274,7,97.45,22.8,45.00912408759124,2.7966058394160584
2023-10-05,HWS,화성공장,C,42,2,95.24,23.238095238095237,44.397619047619045,2.788095238095238
2023-10-05,ULN,울산공장,A,865,41,95.26,23.083236994219654,44.92312138728324,2.820739884393064
2023-10-05,ULN,울산공장,B,845,35,95.86,23.133609467455624,45.00520710059172,2.8147100591715972
2023-10-05,ULN,울산공장,C,107,6,94.39,22.99252336448598,43.773831775700934,2.7975700934579435
2023-10-06,ASN,아산공장,A,478,21,95.61,22.902301255230125,44.773221757322176,2.7937866108786613
2023-10-06,ASN,아산공장,B,506,18,96.44,23.135968379446638,44.76225296442688,2.78897233201581
2023-10-06,ASN,아산공장,C,65,2,96.92,22.69846153846154,43.74153846153846,2.786
2023-10-06,GWJ,광주공장,A,248,8,96.77,22.842338709677417,44.92177419354839,2.8559274193548387
2023-10-06,GWJ,광주공장,B,288,7,97.57,23.397222222222222,44.83472222222222,2.8057638888888885
2023-10-06,GWJ,광주공장,C,43,4,90.7,23.234883720930235,45.246511627906976,2.817906976744186
2023-10-06,HWS,화성공장,A,280,14,95.0,23.020357142857144,45.270357142857144,2.7567857142857144
2023-10-06,HWS,화성공장,B,286,8,97.2,23.002097902097905,44.45489510489511,2.8108041958041956
2023-10-06,HWS,화성공장,C,32,0,100.0,23.115625,46.75,2.70875
2023-10-06,ULN,울산공장,A,853,37,95.66,22.937397420867526,44.91641266119578,2.814361078546307
2023-10-06,ULN,울산공장,B,870,25,97.13,23.051379310344828,44.96770114942529,2.780632183908046
2023-10-06,ULN,울산공장,C,111,6,94.59,23.10990990990991,44.409009009009004,2.8114414414414415
2023-10-07,ASN,아산공장,A,472,19,95.97,22.875423728813562,45.78898305084746,2.789830508474576
2023-10-07,ASN,아산공장,B,453,21,95.36,23.133995584988963,44.41037527593819,2.8408830022075056
2023-10-07,ASN,아산공장,C,54,1,98.15,23.062962962962963,45.85925925925926,2.8911111111111114
2023-10-07,GWJ,광주공장,A,263,11,95.82,23.13155893536122,44.122433460076046,2.8170342205323196
2023-10-07,GWJ,광주공장,B,281,12,95.73,23.11316725978648,45.521708185053384,2.78
2023-10-07,GWJ,광주공장,C,33,3,90.91,23.254545454545454,43.86363636363637,2.8639393939393942
2023-10-07,HWS,화성공장,A,321,10,96.88,23.08380062305296,44.46417445482866,2.8246105919003117
2023-10-07,HWS,화성공장,B,294,12,95.92,22.89251700680272,44.59319727891156,2.8043877551020406
2023-10-07,HWS,화성공장,C,30,1,96.67,22.13,46.306666666666665,2.8316666666666666
2023-10-07,ULN,울산공장,A,828,35,95.77,23.109299516908212,44.71594202898551,2.797367149758454
2023-10-07,ULN,울산공장,B,832,30,96.39,22.929447115384615,45.27752403846154,2.80828125
2023-10-07,ULN,울산공장,C,97,7,92.78,23.156701030927834,45.30618556701031,2.7950515463917527
2023-10-08,ASN,아산공장,A,464,12,97.41,22.971551724137928,44.82780172413793,2.7990086206896554
2023-10-08,ASN,아산공장,B,483,18,96.27,22.951138716356105,45.350103519668735,2.8288819875776396
2023-10-08,ASN,아산공장,C,57,2,96.49,23.287719298245616,45.88070175438596,2.8117543859649126
2023-10-08,GWJ,광주공장,A,285,11,96.14,23.143508771929824,44.97298245614035,2.8043508771929826
2023-10-08,GWJ,광주공장,B,294,14,95.24,23.26360544217687,45.500680272108845,2.7774149659863947
2023-10-08,GWJ,광주공장,C,29,1,96.55,23.044827586206896,46.724137931034484,2.733793103448276
2023-10-08,HWS,화성공장,A,280,11,96.07,23.236428571428572,45.31142857142857,2.80775
2023-10-08,HWS,화성공장,B,273,7,97.44,22.892307692307693,44.81575091575092,2.827142857142857
2023-10-08,HWS,화성공장,C,32,2,93.75,22.821875,44.575,2.80875
2023-10-08,ULN,울산공장,A,857,38,95.57,22.877829638273045,45.29789964994166,2.7889498249708287
2023-10-08,ULN,울산공장,B,828,31,96.26,22.96473429951691,45.18393719806764,2.800893719806763
2023-10-08,ULN,울산공장,C,99,3,96.97,23.391919191919193,43.91414141414141,2.7488888888888887
2023-10-09,ASN,아산공장,A,494,13,97.37,22.982186234817814,45.38582995951417,2.7821052631578946
2023-10-09,ASN,아산공장,B,490,17,96.53,23.11204081632653,44.83326530612245,2.803448979591837
2023-10-09,ASN,아산공장,C,53,2,96.23,22.958490566037735,44.658490566037734,2.7743396226415094
2023-10-09,GWJ,광주공장,A,303,9,97.03,23.328052805280528,45.03234323432343,2.809108910891089
2023-10-09,GWJ,광주공장,B,287,13,95.47,22.891637630662018,44.981881533101046,2.8318466898954706
2023-10-09,GWJ,광주공장,C,33,2,93.94,23.472727272727273,46.80909090909091,2.826060606060606
2023-10-09,HWS,화성공장,A,295,14,95.25,22.903050847457624,44.87593220338983,2.7836610169491522
2023-10-09,HWS,화성공장,B,273,4,98.53,22.841758241758242,44.179853479853485,2.8213553113553114
2023-10-09,HWS,화성공장,C,37,2,94.59,23.15135135135135,43.44864864864864,2.7981081081081083
2023-10-09,ULN,울산공장,A,843,34,95.97,22.99561091340451,45.18161328588375,2.802277580071175
2023-10-09,ULN,울산공장,B,833,35,95.8,22.902040816326533,45.28379351740696,2.7953301320528214
2023-10-09,ULN,울산공장,C,120,5,95.83,22.821666666666665,45.84,2.7344999999999997
2023-10-10,ASN,아산공장,A,478,22,95.4,22.98075313807531,45.72991631799164,2.797071129707113
2023-10-10,ASN,아산공장,B,473,13,97.25,23.087315010570823,45.22431289640592,2.793446088794926
2023-10-10,ASN,아산공장,C,66,1,98.48,23.831818181818182,45.165151515151514,2.81939393939394
2023-10-10,GWJ,광주공장,A,281,9,96.8,22.80996441281139,44.65836298932384,2.8048042704626335
2023-10-10,GWJ,광주공장,B,267,6,97.75,23.399625468164793,45.39213483146068,2.7705243445692886
2023-10-10,GWJ,광주공장,C,32,1,96.88,23.771875,43.25,2.7640625
2023-10-10,HWS,화성공장,A,265,10,96.23,23.00754716981132,44.75283018867925,2.7725283018867923
2023-10-10,HWS,화성공장,B,258,15,94.19,23.091472868217057,45.52674418604651,2.7930232558139534
2023-10-10,HWS,화성공장,C,29,2,93.1,22.731034482758623,45.01379310344828,2.6999999999999997
2023-10-10,ULN,울산공장,A,858,28,96.74,23.102447552447554,45.18438228438228,2.786072261072261
2023-10-10,ULN,울산공장,B,819,31,96.21,23.051892551892553,44.87472527472528,2.7903418803418805
2023-10-10,ULN,울산공장,C,97,9,90.72,23.221649484536083,45.38762886597939,2.749690721649485
2023-10-11,ASN,아산공장,A,459,24,94.77,22.91873638344227,45.02745098039215,2.8001307189542484
2023-10-11,ASN,아산공장,B,452,24,94.69,23.304424778761064,44.746902654867256,2.791769911504425
2023-10-11,ASN,아산공장,C,53,4,92.45,22.798113207547168,44.613207547169814,2.800754716981132
2023-10-11,GWJ,광주공장,A,303,10,96.7,22.873597359735975,45.42277227722772,2.7995049504950495
2023-10-11,GWJ,광주공장,B,283,3,98.94,23.296819787985864,45.3,2.8036042402826853
2023-10-11,GWJ,광주공장,C,25,0,100.0,23.236,44.74,2.758
2023-10-11,HWS,화성공장,A,269,16,94.05,22.943122676579925,45.162081784386615,2.80368029739777
2023-10-11,HWS,화성공장,B,319,8,97.49,22.81253918495298,45.39717868338558,2.8095297805642634
2023-10-11,HWS,화성공장,C,41,3,92.68,23.72439024390244,43.27317073170732,2.801951219512195
2023-10-11,ULN,울산공장,A,841,43,94.89,22.944351961950062,44.351961950059454,2.779833531510107
2023-10-11,ULN,울산공장,B,845,36,95.74,22.942011834319526,45.105680473372786,2.7945207100591714
2023-10-11,ULN,울산공장,C,97,6,93.81,22.863917525773196,46.147422680412376,2.847216494845361
2023-10-12,ASN,아산공장,A,460,25,94.57,23.022608695652174,44.87239130434782,2.7938913043478264
2023-10-12,ASN,아산공장,B,441,14,96.83,23.11655328798186,45.19773242630386,2.812267573696145
2023-10-12,ASN,아산공장,C,63,3,95.24,23.21746031746032,44.15873015873016,2.8049206349206353
2023-10-12,GWJ,광주공장,A,266,17,93.61,23.23082706766917,44.67631578947368,2.7976691729323306
2023-10-12,GWJ,광주공장,B,283,8,97.17,23.025088339222616,44.55830388692579,2.811766784452297
2023-10-12,GWJ,광주공장,C,48,4,91.67,22.839583333333334,43.550000000000004,2.7258333333333336
2023-10-12,HWS,화성공장,A,279,13,95.34,22.872759856630825,44.85591397849462,2.807849462365591
2023-10-12,HWS,화성공장,B,267,8,97.0,22.973408239700372,45.142322097378276,2.8000374531835206
2023-10-12,HWS,화성공장,C,39,4,89.74,23.33076923076923,45.84102564102564,2.796923076923077
2023-10-12,ULN,울산공장,A,796,29,96.36,23.18793969849246,45.35829145728643,2.790929648241206
2023-10-12,ULN,울산공장,B,867,33,96.19,23.007843137254902,44.864359861591694,2.8005767012687426
2023-10-12,ULN,울산공장,C,105,6,94.29,23.215238095238096,43.72190476190477,2.748666666666667
2023-10-13,ASN,아산공장,A,491,22,95.52,23.081670061099796,44.82505091649694,2.7990224032586557
2023-10-13,ASN,아산공장,B,465,26,94.41,22.831182795698926,45.303010752688174,2.7891397849462365
2023-10-13,ASN,아산공장,C,51,5,90.2,22.931372549019606,45.5078431372549,2.75
2023-10-13,GWJ,광주공장,A,297,13,95.62,22.902693602693603,44.80774410774411,2.8033670033670033
2023-10-13,GWJ,광주공장,B,261,14,94.64,22.929885057471264,44.92030651340996,2.777586206896552
2023-10-13,GWJ,광주공장,C,26,3,88.46,23.376923076923074,43.3,2.68
2023-10-13,HWS,화성공장,A,289,8,97.23,23.149134948096886,44.61003460207612,2.8049826989619375
2023-10-13,HWS,화성공장,B,289,14,95.16,23.0522491349481,45.07058823529412,2.7881314878892733
2023-10-13,HWS,화성공장,C,29,0,100.0,22.951724137931034,46.55172413793103,2.6575862068965517
2023-10-13,ULN,울산공장,A,848,37,95.64,22.930424528301888,45.23490566037736,2.8092452830188677
2023-10-13,ULN,울산공장,B,842,34,95.96,23.07980997624703,45.05985748218527,2.7975771971496437
2023-10-13,ULN,울산공장,C,98,2,97.96,23.38469387755102,45.737755102040815,2.8266326530612242
2023-10-14,ASN,아산공장,A,473,22,95.35,23.002959830866807,44.52135306553911,2.8063213530655395
2023-10-14,ASN,아산공장,B,490,18,96.33,23.077142857142857,44.49061224489796,2.78734693877551
2023-10-14,ASN,아산공장,C,58,7,87.93,22.913793103448278,44.439655172413794,2.771034482758621
2023-10-14,GWJ,광주공장,A,278,12,95.68,22.87446043165468,45.485971223021586,2.8209712230215827
2023-10-14,GWJ,광주공장,B,315,10,96.83,22.841587301587303,45.02126984126984,2.7910476190476188
2023-10-14,GWJ,광주공장,C,38,3,92.11,22.86315789473684,44.22105263157895,2.838421052631579
2023-10-14,HWS,화성공장,A,265,5,98.11,22.57320754716981,44.107924528301886,2.8083396226415096
2023-10-14,HWS,화성공장,B,280,10,96.43,22.626785714285713,45.52785714285714,2.803464285714286
2023-10-14,HWS,화성공장,C,25,1,96.0,23.851999999999997,44.456,2.7736
2023-10-14,ULN,울산공장,A,838,32,96.18,22.993556085918854,44.91491646778043,2.797171837708831
2023-10-14,ULN,울산공장,B,838,41,95.11,23.100715990453462,45.08019093078759,2.8216348448687354
2023-10-14,ULN,울산공장,C,104,5,95.19,22.576923076923077,45.236538461538466,2.8459615384615384
2023-10-15,ASN,아산공장,A,460,15,96.74,22.922391304347826,44.69130434782609,2.8181304347826086
2023-10-15,ASN,아산공장,B,499,18,96.39,22.92805611222445,44.9064128256513,2.785130260521042
2023-10-15,ASN,아산공장,C,79,8,89.87,22.49240506329114,44.049367088607596,2.800253164556962
2023-10-15,GWJ,광주공장,A,271,18,93.36,22.94649446494465,44.988560885608855,2.8059778597785976
2023-10-15,GWJ,광주공장,B,247,8,96.76,23.066396761133603,44.68542510121457,2.8192307692307694
2023-10-15,GWJ,광주공장,C,35,2,94.29,22.337142857142855,44.885714285714286,2.779142857142857
2023-10-15,HWS,화성공장,A,293,11,96.25,23.007167235494883,44.88259385665529,2.7960409556313994
2023-10-15,HWS,화성공장,B,267,11,95.88,23.281273408239702,45.07902621722847,2.8007490636704118
2023-10-15,HWS,화성공장,C,29,4,86.21,22.36551724137931,43.47931034482759,2.8041379310344827
2023-10-15,ULN,울산공장,A,787,39,95.04,22.890088945362134,45.27471410419314,2.810330368487929
2023-10-15,ULN,울산공장,B,886,30,96.61,23.134650112866815,45.56094808126411,2.7817945823927768
2023-10-15,ULN,울산공장,C,116,7,93.97,22.737068965517242,44.15,2.776896551724138
2023-10-16,ASN,아산공장,A,441,15,96.6,23.28412698412698,44.68458049886622,2.831655328798186
2023-10-16,ASN,아산공장,B,483,32,93.37,22.802277432712216,45.272049689441,2.798033126293996
2023-10-16,ASN,아산공장,C,45,1,97.78,22.113333333333333,44.14888888888889,2.764222222222222
2023-10-16,GWJ,광주공장,A,291,16,94.5,23.195189003436425,44.959793814432985,2.8039862542955327
2023-10-16,GWJ,광주공장,B,259,11,95.75,22.85289575289575,44.623938223938225,2.7603861003861003
2023-10-16,GWJ,광주공장,C,32,4,87.5,23.2375,44.0625,2.7003125
2023-10-16,HWS,화성공장,A,286,10,96.5,23.16013986013986,45.194405594405595,2.7891958041958045
2023-10-16,HWS,화성공장,B,264,10,96.21,23.132196969696967,45.4405303030303,2.7907575757575755
2023-10-16,HWS,화성공장,C,33,5,84.85,22.263636363636365,45.53939393939394,2.8654545454545457
2023-10-16,ULN,울산공장,A,841,28,96.67,22.9423305588585,45.32770511296076,2.7882758620689656
2023-10-16,ULN,울산공장,B,825,25,96.97,22.93018181818182,45.339393939393936,2.7994666666666665
2023-10-16,ULN,울산공장,C,130,8,93.85,22.93692307692308,44.325384615384614,2.816692307692308
2023-10-17,ASN,아산공장,A,455,19,95.82,22.871648351648354,45.059999999999995,2.821912087912088
2023-10-17,ASN,아산공장,B,472,18,96.19,22.941101694915258,45.20995762711864,2.8160593220338983
2023-10-17,ASN,아산공장,C,57,2,96.49,24.121052631578948,44.208771929824564,2.785964912280702
2023-10-17,GWJ,광주공장,A,276,12,95.65,22.93731884057971,44.72282608695652,2.8231159420289855
2023-10-17,GWJ,광주공장,B,284,8,97.18,22.91514084507042,43.815140845070424,2.7969014084507045
2023-10-17,GWJ,광주공장,C,35,2,94.29,22.931428571428572,47.48571428571429,2.8311428571428574
2023-10-17,HWS,화성공장,A,282,10,96.45,23.183687943262413,44.77978723404255,2.770921985815603
2023-10-17,HWS,화성공장,B,314,10,96.82,23.047133757961785,44.19713375796178,2.829968152866242
2023-10-17,HWS,화성공장,C,34,0,100.0,22.77058823529412,47.38529411764706,2.757941176470588
2023-10-17,ULN,울산공장,A,847,30,96.46,22.855844155844157,44.928453364817,2.806198347107438
2023-10-17,ULN,울산공장,B,782,28,96.42,22.84514066496164,45.311636828644495,2.798401534526854
2023-10-17,ULN,울산공장,C,114,7,93.86,22.482456140350877,43.21842105263158,2.8357017543859646
2023-10-18,ASN,아산공장,A,481,14,97.09,22.97900207900208,44.75779625779626,2.7970478170478175
2023-10-18,ASN,아산공장,B,438,14,96.8,23.042465753424658,44.33127853881278,2.7996575342465753
2023-10-18,ASN,아산공장,C,57,5,91.23,22.87543859649123,45.08070175438596,2.8156140350877195
2023-10-18,GWJ,광주공장,A,282,9,96.81,23.068439716312056,45.083333333333336,2.8014893617021275
2023-10-18,GWJ,광주공장,B,296,11,96.28,23.053716216216216,44.79087837837838,2.8188175675675677
2023-10-18,GWJ,광주공장,C,36,1,97.22,23.677777777777777,45.09444444444445,2.848055555555556
2023-10-18,HWS,화성공장,A,279,10,96.42,22.918637992831542,45.24982078853047,2.7678136200716845
2023-10-18,HWS,화성공장,B,278,12,95.68,22.964748201438848,44.43884892086331,2.786007194244604
2023-10-18,HWS,화성공장,C,38,3,92.11,23.16842105263158,43.794736842105266,2.8273684210526313
2023-10-18,ULN,울산공장,A,876,30,96.58,22.917579908675798,44.9505707762557,2.806255707762557
2023-10-18,ULN,울산공장,B,843,30,96.44,23.069039145907475,44.72052194543298,2.7986714116251483
2023-10-18,ULN,울산공장,C,114,7,93.86,23.698245614035088,45.285964912280704,2.7792982456140347
2023-10-19,ASN,아산공장,A,443,14,96.84,23.03611738148984,44.885101580135434,2.7844469525959368
2023-10-19,ASN,아산공장,B,476,18,96.22,22.99810924369748,44.786134453781514,2.8065336134453784
2023-10-19,ASN,아산공장,C,79,4,94.94,22.689873417721518,46.437974683544304,2.81
2023-10-19,GWJ,광주공장,A,266,8,96.99,22.613533834586466,45.763909774436094,2.800413533834586
2023-10-19,GWJ,광주공장,B,279,5,98.21,22.953046594982077,45.024372759856625,2.815268817204301
2023-10-19,GWJ,광주공장,C,43,0,100.0,23.07674418604651,44.83720930232558,2.693953488372093
2023-10-19,HWS,화성공장,A,269,7,97.4,23.08996282527881,44.96877323420075,2.7821561338289964
2023-10-19,HWS,화성공장,B,278,11,96.04,23.16223021582734,44.98165467625899,2.7898920863309353
2023-10-19,HWS,화성공장,C,42,2,95.24,23.673809523809524,44.83095238095238,2.797857142857143
2023-10-19,ULN,울산공장,A,854,38,95.55,22.91077283372365,44.89859484777518,2.8046955503512883
2023-10-19,ULN,울산공장,B,822,21,97.45,22.883698296836986,45.377250608272504,2.805596107055961
2023-10-19,ULN,울산공장,C,99,5,94.95,22.891919191919193,43.94040404040405,2.7801010101010104
2023-10-20,ASN,아산공장,A,473,13,97.25,22.982029598308667,45.17568710359408,2.7910570824524314
2023-10-20,ASN,아산공장,B,487,16,96.71,22.881108829568788,45.30225872689939,2.816735112936345
2023-10-20,ASN,아산공장,C,60,5,91.67,22.895,45.85333333333333,2.7685000000000004
2023-10-20,GWJ,광주공장,A,243,17,93.0,22.602880658436213,44.9522633744856,2.7868312757201648
2023-10-20,GWJ,광주공장,B,304,14,95.39,23.160197368421052,44.80953947368421,2.810625
2023-10-20,GWJ,광주공장,C,30,2,93.33,23.243333333333332,47.99333333333333,2.853
2023-10-20,HWS,화성공장,A,269,8,97.03,22.828624535315985,45.58959107806692,2.775278810408922
2023-10-20,HWS,화성공장,B,304,11,96.38,22.94309210526316,44.55296052631579,2.7761184210526317
2023-10-20,HWS,화성공장,C,35,0,100.0,22.49142857142857,43.43714285714285,2.7471428571428573
2023-10-20,ULN,울산공장,A,816,35,95.71,22.797303921568627,44.85563725490196,2.7957598039215688
2023-10-20,ULN,울산공장,B,878,32,96.36,23.115945330296128,44.33086560364465,2.7998063781321183
2023-10-20,ULN,울산공장,C,99,6,93.94,23.04040404040404,45.02121212121212,2.8168686868686867
2023-10-21,ASN,아산공장,A,464,21,95.47,23.220689655172414,45.89267241379311,2.8149353448275862
2023-10-21,ASN,아산공장,B,473,15,96.83,22.77188160676533,45.00169133192389,2.786025369978858
2023-10-21,ASN,아산공장,C,51,5,90.2,22.690196078431374,44.37450980392157,2.8027450980392157
2023-10-21,GWJ,광주공장,A,309,15,95.15,22.84401294498382,44.36893203883495,2.762977346278317
2023-10-21,GWJ,광주공장,B,261,11,95.79,22.918773946360155,45.436015325670496,2.800383141762452
2023-10-21,GWJ,광주공장,C,35,1,97.14,21.662857142857145,46.24285714285714,2.758857142857143
2023-10-21,HWS,화성공장,A,307,13,95.77,22.8371335504886,45.3957654723127,2.7841693811074917
2023-10-21,HWS,화성공장,B,259,11,95.75,23.19111969111969,44.88339768339768,2.7862548262548263
2023-10-21,HWS,화성공장,C,32,1,96.88,23.35,45.178125,2.79875
2023-10-21,ULN,울산공장,A,815,37,95.46,23.02110429447853,44.91680981595092,2.8023926380368094
2023-10-21,ULN,울산공장,B,836,31,96.29,23.069856459330147,45.24114832535885,2.7910885167464112
2023-10-21,ULN,울산공장,C,101,4,96.04,23.05148514851485,45.323762376237624,2.819504950495049
2023-10-22,ASN,아산공장,A,460,28,93.91,22.780217391304348,45.08934782608695,2.781086956521739
2023-10-22,ASN,아산공장,B,454,23,94.93,22.905947136563874,45.219162995594715,2.7944273127753307
2023-10-22,ASN,아산공장,C,56,2,96.43,22.535714285714285,44.18035714285714,2.7669642857142853
2023-10-22,GWJ,광주공장,A,240,10,95.83,23.129583333333336,44.55916666666667,2.8094166666666665
2023-10-22,GWJ,광주공장,B,316,15,95.25,23.245253164556964,44.688291139240505,2.801993670886076
2023-10-22,GWJ,광주공장,C,28,0,100.0,22.599999999999998,44.792857142857144,2.79
2023-10-22,HWS,화성공장,A,287,7,97.56,22.73066202090592,46.05993031358885,2.805679442508711
2023-10-22,HWS,화성공장,B,291,6,97.94,22.981099656357387,45.19896907216495,2.793745704467354
2023-10-22,HWS,화성공장,C,42,2,95.24,22.652380952380952,46.67619047619048,2.8192857142857144
2023-10-22,ULN,울산공장,A,810,31,96.17,22.97296296296296,45.14074074074074,2.817172839506173
2023-10-22,ULN,울산공장,B,887,29,96.73,23.025140924464488,44.932468996617814,2.7985907553551295
2023-10-22,ULN,울산공장,C,101,7,93.07,23.186138613861388,44.148514851485146,2.8135643564356436
2023-10-23,ASN,아산공장,A,463,17,96.33,22.882937365010797,44.65788336933045,2.791317494600432
2023-10-23,ASN,아산공장,B,474,19,95.99,23.02827004219409,44.77679324894515,2.8361603375527427
2023-10-23,ASN,아산공장,C,39,4,89.74,22.812820512820515,44.88717948717949,2.7251282051282053
2023-10-23,GWJ,광주공장,A,259,8,96.91,23.112355212355215,44.941312741312736,2.8179150579150583
2023-10-23,GWJ,광주공장,B,294,12,95.92,22.595238095238095,45.69897959183673,2.8116666666666665
2023-10-23,GWJ,광주공장,C,37,2,94.59,23.15945945945946,46.71891891891892,2.8351351351351353
2023-10-23,HWS,화성공장,A,309,18,94.17,22.82233009708738,44.26763754045308,2.806407766990291
2023-10-23,HWS,화성공장,B,302,12,96.03,23.35165562913907,45.03112582781457,2.782086092715232
2023-10-23,HWS,화성공장,C,30,1,96.67,22.78666666666667,45.36666666666667,2.8616666666666664
2023-10-23,ULN,울산공장,A,810,31,96.17,23.02296296296296,45.10753086419753,2.8001851851851853
2023-10-23,ULN,울산공장,B,822,33,95.99,22.82493917274939,44.90194647201947,2.806788321167883
2023-10-23,ULN,울산공장,C,93,5,94.62,23.50967741935484,44.26989247311828,2.781720430107527
2023-10-24,ASN,아산공장,A,486,22,95.47,22.795061728395062,45.0619341563786,2.806810699588477
2023-10-24,ASN,아산공장,B,419,17,95.94,23.096420047732696,45.43221957040573,2.8153937947494034
2023-10-24,ASN,아산공장,C,51,2,96.08,22.754901960784313,45.83725490196078,2.8080392156862746
2023-10-24,GWJ,광주공장,A,307,18,94.14,23.08501628664495,44.26579804560261,2.8061889250814334
2023-10-24,GWJ,광주공장,B,297,9,96.97,23.113131313131316,44.75084175084175,2.7766666666666664
2023-10-24,GWJ,광주공장,C,31,0,100.0,22.141935483870967,45.36774193548387,2.7783870967741935
2023-10-24,HWS,화성공장,A,273,11,95.97,22.886080586080585,44.17545787545787,2.7992673992673995
2023-10-24,HWS,화성공장,B,281,9,96.8,23.12135231316726,44.45943060498221,2.800604982206406
2023-10-24,HWS,화성공장,C,45,2,95.56,22.57777777777778,46.94888888888889,2.7735555555555558
2023-10-24,ULN,울산공장,A,812,36,95.57,23.08546798029557,45.481034482758616,2.809790640394089
2023-10-24,ULN,울산공장,B,809,38,95.3,22.960321384425217,44.82472187886279,2.7801483312731765
2023-10-24,ULN,울산공장,C,110,6,94.55,23.096363636363634,45.75636363636364,2.7993636363636365
2023-10-25,ASN,아산공장,A,489,18,96.32,23.018609406952965,44.14969325153374,2.7859918200408997
2023-10-25,ASN,아산공장,B,485,23,95.26,22.888041237113402,44.485567010309275,2.7901649484536084
2023-10-25,ASN,아산공장,C,54,4,92.59,23.946296296296296,44.01851851851852,2.863888888888889
2023-10-25,GWJ,광주공장,A,295,14,95.25,23.064745762711865,44.71423728813559,2.796779661016949
2023-10-25,GWJ,광주공장,B,281,10,96.44,22.991459074733097,45.26654804270463,2.786120996441281
2023-10-25,GWJ,광주공장,C,46,2,95.65,22.09565217391304,45.428260869565214,2.82695652173913
2023-10-25,HWS,화성공장,A,296,10,96.62,22.80743243243243,44.79797297297298,2.8010472972972975
2023-10-25,HWS,화성공장,B,275,8,97.09,22.997454545454545,45.283272727272724,2.794472727272727
2023-10-25,HWS,화성공장,C,42,4,90.48,23.154761904761905,44.56904761904762,2.7266666666666666
2023-10-25,ULN,울산공장,A,827,30,96.37,23.183071342200726,44.931922611850055,2.794050785973398
2023-10-25,ULN,울산공장,B,874,43,95.08,22.984096109839815,44.71464530892448,2.797448512585812
2023-10-25,ULN,울산공장,C,92,7,92.39,23.37173913043478,44.21086956521739,2.8045652173913043
2023-10-26,ASN,아산공장,A,489,18,96.32,22.5920245398773,44.64355828220859,2.7911042944785276
2023-10-26,ASN,아산공장,B,476,12,97.48,23.04243697478992,45.49264705882353,2.8087394957983194
2023-10-26,ASN,아산공장,C,56,4,92.86,22.912499999999998,45.19285714285714,2.8039285714285715
2023-10-26,GWJ,광주공장,A,283,12,95.76,22.990459363957598,44.900353356890456,2.785936395759717
2023-10-26,GWJ,광주공장,B,277,10,96.39,23.206498194945848,44.95523465703971,2.761516245487365
2023-10-26,GWJ,광주공장,C,40,2,95.0,23.275,46.464999999999996,2.8005
2023-10-26,HWS,화성공장,A,250,16,93.6,23.11,45.2804,2.8111599999999997
2023-10-26,HWS,화성공장,B,285,9,96.84,22.965964912280704,45.49859649122807,2.7771228070175438
2023-10-26,HWS,화성공장,C,33,0,100.0,23.381818181818183,45.31212121212121,2.720909090909091
2023-10-26,ULN,울산공장,A,820,31,96.22,23.074634146341463,45.14597560975609,2.776292682926829
2023-10-26,ULN,울산공장,B,860,38,95.58,23.135348837209303,44.97418604651163,2.7915813953488375
2023-10-26,ULN,울산공장,C,99,5,94.95,22.705050505050508,44.76262626262626,2.742828282828283
2023-10-27,ASN,아산공장,A,465,28,93.98,23.006451612903227,44.71075268817204,2.8105806451612905
2023-10-27,ASN,아산공장,B,461,13,97.18,23.235791757049892,44.124945770065075,2.789132321041215
2023-10-27,ASN,아산공장,C,63,3,95.24,23.465079365079365,45.23015873015873,2.821746031746032
2023-10-27,GWJ,광주공장,A,282,9,96.81,22.907801418439718,45.37056737588652,2.812127659574468
2023-10-27,GWJ,광주공장,B,326,12,96.32,22.879447852760734,44.568711656441714,2.7872085889570553
2023-10-27,GWJ,광주공장,C,42,2,95.24,22.366666666666667,44.635714285714286,2.807857142857143
2023-10-27,HWS,화성공장,A,249,11,95.58,22.67871485943775,44.63775100401606,2.7706827309236948
2023-10-27,HWS,화성공장,B,271,13,95.2,23.470479704797047,45.640959409594096,2.781771217712177
2023-10-27,HWS,화성공장,C,27,4,85.19,22.81111111111111,45.144444444444446,2.838148148148148
2023-10-27,ULN,울산공장,A,852,34,96.01,23.020657276995305,45.057981220657275,2.811455399061033
2023-10-27,ULN,울산공장,B,856,31,96.38,23.189369158878502,44.736799065420556,2.805268691588785
2023-10-27,ULN,울산공장,C,104,7,93.27,23.232692307692307,45.16730769230769,2.8333653846153846
2023-10-28,ASN,아산공장,A,428,15,96.5,22.886214953271026,44.76261682242991,2.7874766355140186
2023-10-28,ASN,아산공장,B,454,12,97.36,23.040088105726873,45.32224669603524,2.8028193832599118
2023-10-28,ASN,아산공장,C,67,4,94.03,22.94776119402985,44.24776119402985,2.7513432835820897
2023-10-28,GWJ,광주공장,A,287,7,97.56,23.01951219512195,45.036933797909406,2.7926132404181185
2023-10-28,GWJ,광주공장,B,284,10,96.48,23.189788732394366,44.996830985915494,2.7905985915492955
2023-10-28,GWJ,광주공장,C,38,1,97.37,23.07894736842105,46.10526315789474,2.875263157894737
2023-10-28,HWS,화성공장,A,279,12,95.7,22.935842293906813,44.67992831541219,2.795304659498208
2023-10-28,HWS,화성공장,B,268,8,97.01,22.949253731343283,44.752985074626864,2.806007462686567
2023-10-28,HWS,화성공장,C,36,2,94.44,22.833333333333332,46.641666666666666,2.7652777777777775
2023-10-28,ULN,울산공장,A,843,34,95.97,23.022657176749703,44.556702253855285,2.7908185053380783
2023-10-28,ULN,울산공장,B,830,24,97.11,22.88409638554217,45.0278313253012,2.7898313253012046
2023-10-28,ULN,울산공장,C,118,6,94.92,22.559322033898304,45.905932203389824,2.781779661016949
2023-10-29,ASN,아산공장,A,446,18,95.96,23.08206278026906,45.5390134529148,2.8277802690582963
2023-10-29,ASN,아산공장,B,474,12,97.47,22.99409282700422,44.75590717299578,2.7811603375527425
2023-10-29,ASN,아산공장,C,53,3,94.34,23.950943396226418,45.033962264150944,2.746792452830189
2023-10-29,GWJ,광주공장,A,256,10,96.09,22.48359375,45.051953125,2.803984375
2023-10-29,GWJ,광주공장,B,278,8,97.12,22.844604316546764,45.12410071942446,2.8273021582733815
2023-10-29,GWJ,광주공장,C,34,5,85.29,22.96764705882353,45.94705882352941,2.823529411764706
2023-10-29,HWS,화성공장,A,299,9,96.99,23.32140468227425,43.84214046822742,2.7916053511705683
2023-10-29,HWS,화성공장,B,268,8,97.01,23.182089552238807,44.90559701492538,2.8016044776119404
2023-10-29,HWS,화성공장,C,29,1,96.55,22.610344827586207,45.10344827586207,2.765862068965517
2023-10-29,ULN,울산공장,A,869,39,95.51,23.027157652474106,44.85673187571922,2.7778711162255463
2023-10-29,ULN,울산공장,B,857,18,97.9,23.204550758459742,44.871061843640604,2.8159626604434074
2023-10-29,ULN,울산공장,C,102,7,93.14,23.42156862745098,45.55882352941177,2.7943137254901957
2023-10-30,ASN,아산공장,A,459,15,96.73,22.9479302832244,45.631808278867105,2.7935511982570804
2023-10-30,ASN,아산공장,B,493,14,97.16,23.21257606490872,44.8395537525355,2.7986409736308318
2023-10-30,ASN,아산공장,C,51,3,94.12,23.02549019607843,44.509803921568626,2.731960784313726
2023-10-30,GWJ,광주공장,A,245,8,96.73,23.023265306122447,45.24775510204082,2.8208163265306125
2023-10-30,GWJ,광주공장,B,285,9,96.84,23.048070175438596,44.270526315789475,2.839859649122807
2023-10-30,GWJ,광주공장,C,38,2,94.74,23.128947368421052,45.35,2.8039473684210527
2023-10-30,HWS,화성공장,A,296,14,95.27,23.300337837837837,45.39662162162162,2.789695945945946
2023-10-30,HWS,화성공장,B,255,14,94.51,22.813333333333333,44.66745098039216,2.8034901960784313
2023-10-30,HWS,화성공장,C,31,0,100.0,22.170967741935485,44.88709677419355,2.878064516129032
2023-10-30,ULN,울산공장,A,790,27,96.58,23.12962025316456,45.059746835443036,2.799936708860759
2023-10-30,ULN,울산공장,B,832,29,96.51,23.08329326923077,45.154687499999994,2.8134735576923076
2023-10-30,ULN,울산공장,C,103,5,95.15,22.796116504854368,45.45631067961165,2.79
2023-10-31,ASN,아산공장,A,472,29,93.86,23.142372881355932,44.7853813559322,2.8112500000000002
2023-10-31,ASN,아산공장,B,482,19,96.06,23.101452282157677,45.46244813278009,2.8159128630705395
2023-10-31,ASN,아산공장,C,41,2,95.12,23.014634146341464,44.34634146341463,2.757073170731707
2023-10-31,GWJ,광주공장,A,246,3,98.78,22.852032520325206,45.198373983739835,2.7950000000000004
2023-10-31,GWJ,광주공장,B,281,13,95.37,22.80284697508897,44.60711743772242,2.8490035587188616
2023-10-31,GWJ,광주공장,C,40,2,95.0,22.7075,46.345,2.7475
2023-10-31,HWS,화성공장,A,286,10,96.5,23.016783216783217,44.70104895104895,2.7784265734265734
2023-10-31,HWS,화성공장,B,287,17,94.08,23.170034843205574,44.199999999999996,2.835749128919861
2023-10-31,HWS,화성공장,C,29,1,96.55,23.520689655172415,43.0103448275862,2.768965517241379
2023-10-31,ULN,울산공장,A,836,32,96.17,23.009090909090908,45.04521531100479,2.795992822966507
2023-10-31,ULN,울산공장,B,838,34,95.94,22.975417661097854,45.5645584725537,2.8035680190930785
2023-10-31,ULN,울산공장,C,110,10,90.91,23.155454545454546,45.339999999999996,2.7707272727272723
2023-11-01,ASN,아산공장,A,478,13,97.28,22.7734309623431,44.96443514644351,2.809518828451883
2023-11-01,ASN,아산공장,B,446,18,95.96,23.10201793721973,45.70201793721973,2.8081614349775785
2023-11-01,ASN,아산공장,C,48,0,100.0,22.691666666666666,45.60833333333333,2.8083333333333336
2023-11-01,GWJ,광주공장,A,299,10,96.66,23.115719063545153,44.879933110367894,2.80123745819398
2023-11-01,GWJ,광주공장,B,266,12,95.49,22.731203007518797,45.212406015037594,2.8076315789473685
2023-11-01,GWJ,광주공장,C,33,0,100.0,22.92727272727273,44.71515151515151,2.7693939393939395
2023-11-01,HWS,화성공장,A,292,8,97.26,23.10171232876712,44.816095890410956,2.793595890410959
2023-11-01,HWS,화성공장,B,279,8,97.13,23.0258064516129,46.106093189964156,2.791505376344086
2023-11-01,HWS,화성공장,C,41,2,95.12,23.573170731707318,46.358536585365854,2.748292682926829
2023-11-01,ULN,울산공장,A,811,36,95.56,23.04327990135635,45.26572133168927,2.8204562268803945
2023-11-01,ULN,울산공장,B,816,27,96.69,22.92732843137255,45.36066176470589,2.8049632352941174
2023-11-01,ULN,울산공장,C,105,3,97.14,22.909523809523808,45.620000000000005,2.7715238095238095
2023-11-02,ASN,아산공장,A,447,16,96.42,23.175838926174496,45.149664429530205,2.8096644295302013
2023-11-02,ASN,아산공장,B,465,14,96.99,22.746236559139785,45.031612903225806,2.8256774193548386
2023-11-02,ASN,아산공장,C,60,2,96.67,23.298333333333336,44.12166666666667,2.8116666666666665
2023-11-02,GWJ,광주공장,A,280,10,96.43,23.002142857142857,44.85178571428571,2.7855000000000003
2023-11-02,GWJ,광주공장,B,259,14,94.59,22.7019305019305,45.05984555984556,2.831891891891892
2023-11-02,GWJ,광주공장,C,40,5,87.5,23.4625,45.8725,2.7555
2023-11-02,HWS,화성공장,A,270,9,96.67,22.93111111111111,44.38925925925926,2.802592592592593
2023-11-02,HWS,화성공장,B,264,12,95.45,23.206439393939394,44.98560606060607,2.8050757575757572
2023-11-02,HWS,화성공장,C,50,5,90.0,23.218000000000004,47.088,2.8082
2023-11-02,ULN,울산공장,A,828,38,95.41,23.056642512077296,44.754468599033814,2.7902053140096617
2023-11-02,ULN,울산공장,B,881,29,96.71,22.97128263337117,45.103405221339386,2.8057775255391597
2023-11-02,ULN,울산공장,C,106,5,95.28,22.997169811320752,45.933018867924524,2.80188679245283
2023-11-03,ASN,아산공장,A,486,20,95.88,22.938888888888886,45.571604938271605,2.8124279835390946
2023-11-03,ASN,아산공장,B,481,16,96.67,23.111434511434513,45.14594594594595,2.8111018711018714
2023-11-03,ASN,아산공장,C,56,3,94.64,23.094642857142855,46.12678571428571,2.789107142857143
2023-11-03,GWJ,광주공장,A,293,16,94.54,22.994197952218432,45.199317406143344,2.7878839590443687
2023-11-03,GWJ,광주공장,B,283,8,97.17,22.97385159010601,45.06148409893993,2.8180565371024735
2023-11-03,GWJ,광주공장,C,38,6,84.21,22.931578947368422,44.78684210526316,2.8339473684210525
2023-11-03,HWS,화성공장,A,278,12,95.68,22.77410071942446,46.26294964028777,2.769928057553957
2023-11-03,HWS,화성공장,B,262,14,94.66,23.126717557251908,45.361068702290076,2.8108396946564884
2023-11-03,HWS,화성공장,C,32,2,93.75,23.946875,43.953125,2.8634375
2023-11-03,ULN,울산공장,A,817,37,95.47,23.031456548347613,44.6281517747858,2.8077478580171356
2023-11-03,ULN,울산공장,B,833,36,95.68,22.993037214885955,44.84669867947179,2.815846338535414
2023-11-03,ULN,울산공장,C,109,6,94.5,23.008256880733946,44.642201834862384,2.832293577981652
2023-11-04,ASN,아산공장,A,435,10,97.7,22.844367816091953,45.02045977011495,2.8419310344827586
2023-11-04,ASN,아산공장,B,463,16,96.54,23.046220302375808,45.45399568034557,2.802138228941685
2023-11-04,ASN,아산공장,C,59,3,94.92,22.935593220338983,45.79491525423729,2.741186440677966
2023-11-04,GWJ,광주공장,A,272,13,95.22,23.018382352941178,45.95294117647059,2.8096691176470587
2023-11-04,GWJ,광주공장,B,273,10,96.34,22.83003663003663,44.36666666666667,2.8299267399267403
2023-11-04,GWJ,광주공장,C,38,5,86.84,22.23157894736842,44.29736842105263,2.7344736842105264
2023-11-04,HWS,화성공장,A,287,6,97.91,23.244947735191637,43.886759581881535,2.7854006968641114
2023-11-04,HWS,화성공장,B,280,13,95.36,23.2275,44.5825,2.7959642857142857
2023-11-04,HWS,화성공장,C,35,0,100.0,21.86,46.691428571428574,2.7877142857142854
2023-11-04,ULN,울산공장,A,817,27,96.7,22.98470012239902,44.99388004895961,2.800697674418605
2023-11-04,ULN,울산공장,B,892,29,96.75,22.822533632286998,45.15414798206278,2.7872309417040357
2023-11-04,ULN,울산공장,C,108,6,94.44,23.168518518518518,44.0824074074074,2.773333333333333
2023-11-05,ASN,아산공장,A,477,19,96.02,22.957651991614256,44.849895178197066,2.813060796645702
2023-11-05,ASN,아산공장,B,450,18,96.0,22.872666666666667,45.321555555555555,2.7862444444444443
2023-11-05,ASN,아산공장,C,74,1,98.65,22.777027027027028,46.11756756756756,2.8143243243243243
2023-11-05,GWJ,광주공장,A,313,15,95.21,23.068051118210864,44.44025559105431,2.793003194888179
2023-11-05,GWJ,광주공장,B,275,15,94.55,22.860363636363637,44.89781818181818,2.7955272727272726
2023-11-05,GWJ,광주공장,C,34,2,94.12,23.355882352941176,43.59705882352941,2.9061764705882354
2023-11-05,HWS,화성공장,A,261,13,95.02,23.039463601532567,44.49310344827587,2.7809578544061306
2023-11-05,HWS,화성공장,B,252,9,96.43,23.381349206349206,44.37222222222222,2.8092857142857146
2023-11-05,HWS,화성공장,C,42,3,92.86,23.11904761904762,43.97380952380953,2.8197619047619047
2023-11-05,ULN,울산공장,A,798,23,97.12,23.081829573934836,45.025313283208014,2.7968295739348368
2023-11-05,ULN,울산공장,B,832,40,95.19,22.98341346153846,45.07752403846154,2.805180288461538
2023-11-05,ULN,울산공장,C,109,4,96.33,23.02018348623853,46.30275229357798,2.756605504587156
2023-11-06,ASN,아산공장,A,496,22,95.56,22.813709677419357,45.689112903225805,2.8238508064516132
2023-11-06,ASN,아산공장,B,448,20,95.54,22.90669642857143,44.76584821428571,2.8080580357142857
2023-11-06,ASN,아산공장,C,57,4,92.98,23.235087719298246,46.343859649122805,2.79
2023-11-06,GWJ,광주공장,A,294,9,96.94,22.912925170068025,44.47925170068027,2.8070408163265306
2023-11-06,GWJ,광주공장,B,267,10,96.25,23.119475655430712,44.63483146067416,2.8016853932584267
2023-11-06,GWJ,광주공장,C,27,2,92.59,22.45925925925926,43.46296296296296,2.8274074074074074
2023-11-06,HWS,화성공장,A,272,9,96.69,22.670220588235296,45.268750000000004,2.8164338235294117
2023-11-06,HWS,화성공장,B,330,11,96.67,22.935757575757577,44.27121212121212,2.802969696969697
2023-11-06,HWS,화성공장,C,36,3,91.67,22.586111111111112,45.18888888888889,2.899722222222222
2023-11-06,ULN,울산공장,A,798,39,95.11,23.112656641604012,45.27781954887217,2.801152882205514
2023-11-06,ULN,울산공장,B,829,26,96.86,23.169963811821475,44.89215922798552,2.804644149577805
2023-11-06,ULN,울산공장,C,89,4,95.51,23.200000000000003,44.444943820224715,2.8068539325842696
2023-11-07,ASN,아산공장,A,473,20,95.77,23.02050739957717,45.34038054968288,2.816194503171247
2023-11-07,ASN,아산공장,B,470,27,94.26,23.034255319148937,44.785106382978725,2.811936170212766
2023-11-07,ASN,아산공장,C,49,2,95.92,23.03673469387755,45.036734693877555,2.7810204081632657
2023-11-07,GWJ,광주공장,A,275,10,96.36,22.906545454545455,45.187636363636365,2.822509090909091
2023-11-07,GWJ,광주공장,B,270,9,96.67,22.82296296296296,45.25555555555555,2.784222222222222
2023-11-07,GWJ,광주공장,C,42,4,90.48,23.414285714285715,45.273809523809526,2.7676190476190476
2023-11-07,HWS,화성공장,A,264,11,95.83,22.997348484848487,44.40795454545455,2.800757575757576
2023-11-07,HWS,화성공장,B,265,7,97.36,22.96301886792453,45.06566037735849,2.793169811320755
2023-11-07,HWS,화성공장,C,37,2,94.59,23.156756756756756,43.03243243243244,2.8013513513513515
2023-11-07,ULN,울산공장,A,817,33,95.96,22.847246022031825,45.43304773561812,2.803353733170135
2023-11-07,ULN,울산공장,B,859,29,96.62,23.052735739231665,44.586612339930156,2.788079161816065
2023-11-07,ULN,울산공장,C,106,5,95.28,23.297169811320753,44.75188679245283,2.760188679245283
2023-11-08,ASN,아산공장,A,469,16,96.59,22.868869936034116,44.20383795309168,2.7804690831556504
2023-11-08,ASN,아산공장,B,452,20,95.58,22.97654867256637,44.99004424778761,2.7992699115044246
2023-11-08,ASN,아산공장,C,51,1,98.04,23.52549019607843,45.280392156862746,2.8666666666666663
2023-11-08,GWJ,광주공장,A,275,14,94.91,22.713818181818183,45.728,2.794909090909091
2023-11-08,GWJ,광주공장,B,266,5,98.12,23.049624060150375,44.97406015037594,2.795
2023-11-08,GWJ,광주공장,C,41,2,95.12,22.13170731707317,44.68048780487805,2.8185365853658535
2023-11-08,HWS,화성공장,A,273,16,94.14,23.086080586080588,44.62380952380952,2.792271062271062
2023-11-08,HWS,화성공장,B,288,7,97.57,22.663194444444443,44.38923611111111,2.782777777777778
2023-11-08,HWS,화성공장,C,40,2,95.0,23.880000000000003,45.5475,2.7670000000000003
2023-11-08,ULN,울산공장,A,775,26,96.65,22.961935483870967,44.64103225806452,2.7945032258064515
2023-11-08,ULN,울산공장,B,834,27,96.76,22.99916067146283,45.018944844124704,2.807889688249401
2023-11-08,ULN,울산공장,C,116,5,95.69,23.16896551724138,45.12155172413794,2.785344827586207
2023-11-09,ASN,아산공장,A,448,23,94.87,23.03125,45.03236607142857,2.8277008928571425
2023-11-09,ASN,아산공장,B,446,24,94.62,22.8542600896861,44.2780269058296,2.795224215246637
2023-11-09,ASN,아산공장,C,52,5,90.38,22.25769230769231,45.74615384615385,2.821730769230769
2023-11-09,GWJ,광주공장,A,268,8,97.01,22.770149253731343,45.93022388059701,2.787425373134328
2023-11-09,GWJ,광주공장,B,312,11,96.47,22.917628205128207,44.80769230769231,2.8158333333333334
2023-11-09,GWJ,광주공장,C,32,3,90.62,23.009375,43.959375,2.795625
2023-11-09,HWS,화성공장,A,278,17,93.88,22.952877697841725,44.89028776978417,2.8061870503597124
2023-11-09,HWS,화성공장,B,247,7,97.17,23.07975708502024,44.528744939271256,2.8257085020242916
2023-11-09,HWS,화성공장,C,45,4,91.11,23.726666666666667,44.24888888888889,2.7984444444444443
2023-11-09,ULN,울산공장,A,855,25,97.08,23.004795321637424,45.043157894736844,2.7952631578947367
2023-11-09,ULN,울산공장,B,876,29,96.69,22.888698630136986,44.96689497716895,2.7892808219178082
2023-11-09,ULN,울산공장,C,116,12,89.66,22.773275862068964,45.52844827586207,2.7354310344827586
2023-11-10,ASN,아산공장,A,476,20,95.8,22.930042016806723,46.20672268907563,2.7911344537815124
2023-11-10,ASN,아산공장,B,467,17,96.36,22.83576017130621,45.041327623126335,2.787301927194861
2023-11-10,ASN,아산공장,C,63,3,95.24,22.86190476190476,42.41111111111111,2.7950793650793653
2023-11-10,GWJ,광주공장,A,272,14,94.85,22.90073529411765,45.16617647058824,2.7947426470588232
2023-11-10,GWJ,광주공장,B,313,6,98.08,22.894249201277955,44.91246006389777,2.81629392971246
2023-11-10,GWJ,광주공장,C,39,5,87.18,22.441025641025643,47.0025641025641,2.7923076923076926
2023-11-10,HWS,화성공장,A,285,11,96.14,23.19719298245614,45.15438596491228,2.834947368421053
2023-11-10,HWS,화성공장,B,289,5,98.27,22.830449826989618,45.18719723183391,2.7698961937716264
2023-11-10,HWS,화성공장,C,56,5,91.07,23.307142857142857,46.24464285714286,2.7608928571428573
2023-11-10,ULN,울산공장,A,795,30,96.23,23.056855345911952,45.19446540880503,2.78674213836478
2023-11-10,ULN,울산공장,B,814,33,95.95,22.92972972972973,45.244471744471745,2.7975429975429975
2023-11-10,ULN,울산공장,C,108,6,94.44,22.889814814814812,45.46944444444444,2.7855555555555553
2023-11-11,ASN,아산공장,A,465,22,95.27,22.8647311827957,45.229677419354836,2.805548387096774
2023-11-11,ASN,아산공장,B,462,14,96.97,22.807359307359306,44.9478354978355,2.7813636363636363
2023-11-11,ASN,아산공장,C,55,2,96.36,23.5,44.18,2.763272727272727
2023-11-11,GWJ,광주공장,A,296,14,95.27,22.622297297297298,45.133445945945944,2.7818918918918922
2023-11-11,GWJ,광주공장,B,266,16,93.98,23.16578947368421,45.332330827067665,2.788872180451128
2023-11-11,GWJ,광주공장,C,35,2,94.29,21.974285714285713,44.08,2.7622857142857145
2023-11-11,HWS,화성공장,A,308,17,94.48,22.98538961038961,45.06266233766234,2.800422077922078
2023-11-11,HWS,화성공장,B,273,8,97.07,23.195238095238096,45.22014652014652,2.790989010989011
2023-11-11,HWS,화성공장,C,26,2,92.31,21.934615384615384,45.79615384615385,2.7515384615384617
2023-11-11,ULN,울산공장,A,846,37,95.63,22.803782505910167,45.134633569739954,2.8078959810874706
2023-11-11,ULN,울산공장,B,802,24,97.01,22.90498753117207,44.89364089775561,2.794725685785536
2023-11-11,ULN,울산공장,C,103,1,99.03,22.617475728155338,45.08058252427185,2.8506796116504853
2023-11-12,ASN,아산공장,A,498,21,95.78,22.929518072289156,45.33975903614458,2.8041967871485944
2023-11-12,ASN,아산공장,B,454,16,96.48,23.098458149779738,44.713876651982375,2.7993612334801763
2023-11-12,ASN,아산공장,C,61,2,96.72,22.85737704918033,44.057377049180324,2.830327868852459
2023-11-12,GWJ,광주공장,A,257,16,93.77,22.93735408560311,44.505836575875485,2.799338521400778
2023-11-12,GWJ,광주공장,B,287,8,97.21,23.025783972125435,43.96933797909408,2.798710801393728
2023-11-12,GWJ,광주공장,C,36,1,97.22,23.405555555555555,44.86944444444444,2.762777777777778
2023-11-12,HWS,화성공장,A,274,12,95.62,23.02883211678832,45.45182481751824,2.8106569343065693
2023-11-12,HWS,화성공장,B,278,8,97.12,23.04640287769784,44.25863309352518,2.8008273381294964
2023-11-12,HWS,화성공장,C,35,4,88.57,23.025714285714287,45.48,2.8134285714285716
2023-11-12,ULN,울산공장,A,783,36,95.4,22.884674329501916,44.70204342273308,2.81639846743295
2023-11-12,ULN,울산공장,B,872,37,95.76,23.08256880733945,45.35584862385321,2.794369266055046
2023-11-12,ULN,울산공장,C,94,5,94.68,23.593617021276597,45.66489361702128,2.790425531914894
2023-11-13,ASN,아산공장,A,465,23,95.05,22.719354838709677,44.86688172043011,2.800430107526882
2023-11-13,ASN,아산공장,B,473,18,96.19,22.919238900634248,44.93192389006342,2.7764059196617334
2023-11-13,ASN,아산공장,C,70,4,94.29,22.915714285714284,44.888571428571424,2.812
2023-11-13,GWJ,광주공장,A,281,8,97.15,22.781850533807827,45.842704626334516,2.8140925266903913
2023-11-13,GWJ,광주공장,B,263,6,97.72,23.146768060836504,45.75893536121673,2.796577946768061
2023-11-13,GWJ,광주공장,C,41,5,87.8,22.721951219512196,45.44634146341463,2.8702439024390243
2023-11-13,HWS,화성공장,A,283,16,94.35,23.15017667844523,44.2565371024735,2.805583038869258
2023-11-13,HWS,화성공장,B,265,14,94.72,23.106037735849057,45.83056603773585,2.7880754716981135
2023-11-13,HWS,화성공장,C,21,2,90.48,22.876190476190477,46.90952380952381,2.985238095238095
2023-11-13,ULN,울산공장,A,877,34,96.12,22.889623717217788,44.829076396807295,2.8003420752565567
2023-11-13,ULN,울산공장,B,771,39,94.94,23.079636835278862,44.794682230869,2.8064332036316473
2023-11-13,ULN,울산공장,C,117,9,92.31,23.044444444444444,45.06410256410256,2.824871794871795
2023-11-14,ASN,아산공장,A,441,18,95.92,23.187074829931973,45.39727891156463,2.801541950113379
2023-11-14,ASN,아산공장,B,509,15,97.05,23.234381139489194,45.12691552062868,2.7722986247544203
2023-11-14,ASN,아산공장,C,63,6,90.48,23.83650793650794,43.48730158730159,2.7593650793650792
2023-11-14,GWJ,광주공장,A,304,11,96.38,22.88223684210526,44.232236842105266,2.8118421052631577
2023-11-14,GWJ,광주공장,B,274,16,94.16,22.478102189781023,44.57591240875912,2.7764963503649636
2023-11-14,GWJ,광주공장,C,41,0,100.0,22.31463414634146,45.4780487804878,2.771951219512195
2023-11-14,HWS,화성공장,A,284,6,97.89,23.107042253521126,45.00598591549296,2.808732394366197
2023-11-14,HWS,화성공장,B,276,14,94.93,23.065942028985507,44.975,2.7944202898550725
2023-11-14,HWS,화성공장,C,43,2,95.35,22.993023255813956,46.27209302325581,2.7093023255813953
2023-11-14,ULN,울산공장,A,833,47,94.36,22.936134453781513,44.99243697478991,2.801500600240096
2023-11-14,ULN,울산공장,B,833,30,96.4,22.983793517406962,45.055462184873946,2.804813925570228
2023-11-14,ULN,울산공장,C,75,3,96.0,22.82133333333333,44.716,2.8517333333333332
2023-11-15,ASN,아산공장,A,443,19,95.71,23.018058690744923,45.004288939051925,2.7877426636568847
2023-11-15,ASN,아산공장,B,456,16,96.49,22.917105263157897,43.968640350877195,2.814254385964912
2023-11-15,ASN,아산공장,C,52,3,94.23,23.178846153846152,46.323076923076925,2.7750000000000004
2023-11-15,GWJ,광주공장,A,312,20,93.59,23.16826923076923,44.33878205128205,2.792628205128205
2023-11-15,GWJ,광주공장,B,276,8,97.1,23.397826086956524,44.875,2.766340579710145
2023-11-15,GWJ,광주공장,C,35,1,97.14,23.397142857142857,41.64,2.7294285714285715
2023-11-15,HWS,화성공장,A,283,10,96.47,22.88303886925795,44.78621908127209,2.782826855123675
2023-11-15,HWS,화성공장,B,279,8,97.13,22.853405017921148,45.6752688172043,2.8024014336917564
2023-11-15,HWS,화성공장,C,36,3,91.67,22.327777777777776,45.75277777777777,2.7805555555555554
2023-11-15,ULN,울산공장,A,857,28,96.73,23.01423570595099,45.1071178529755,2.8102450408401403
2023-11-15,ULN,울산공장,B,852,38,95.54,22.91032863849765,45.119131455399064,2.7940140845070425
2023-11-15,ULN,울산공장,C,98,5,94.9,22.840816326530614,45.80204081632653,2.7671428571428573
2023-11-16,ASN,아산공장,A,476,29,93.91,23.03046218487395,44.88928571428571,2.7996218487394957
2023-11-16,ASN,아산공장,B,501,27,94.61,23.050299401197606,44.96327345309381,2.8021956087824353
2023-11-16,ASN,아산공장,C,65,4,93.85,22.83076923076923,44.720000000000006,2.8053846153846154
2023-11-16,GWJ,광주공장,A,282,15,94.68,22.713475177304964,44.98014184397163,2.8049645390070923
2023-11-16,GWJ,광주공장,B,292,12,95.89,23.36541095890411,44.97979452054795,2.7786986301369865
2023-11-16,GWJ,광주공장,C,27,2,92.59,23.66296296296296,46.12592592592593,2.838888888888889
2023-11-16,HWS,화성공장,A,278,10,96.4,23.256474820143886,44.9978417266187,2.789820143884892
2023-11-16,HWS,화성공장,B,292,13,95.55,23.02328767123288,44.96541095890411,2.817054794520548
2023-11-16,HWS,화성공장,C,31,4,87.1,22.822580645161292,43.95161290322581,2.7851612903225806
2023-11-16,ULN,울산공장,A,870,38,95.63,23.134827586206896,45.11919540229885,2.803977011494253
2023-11-16,ULN,울산공장,B,854,34,96.02,22.764754098360655,44.96744730679156,2.8002927400468383
2023-11-16,ULN,울산공장,C,104,5,95.19,22.950961538461538,46.54615384615385,2.7822115384615387
2023-11-17,ASN,아산공장,A,484,25,94.83,22.961363636363636,44.84710743801653,2.785867768595041
2023-11-17,ASN,아산공장,B,472,39,91.74,23.386652542372882,44.57987288135593,2.8071822033898304
2023-11-17,ASN,아산공장,C,49,2,95.92,23.53469387755102,44.97142857142857,2.7969387755102044
2023-11-17,GWJ,광주공장,A,275,21,92.36,22.807636363636366,44.95309090909091,2.801454545454545
2023-11-17,GWJ,광주공장,B,290,6,97.93,22.62448275862069,44.69793103448276,2.807172413793104
2023-11-17,GWJ,광주공장,C,32,1,96.88,22.70625,44.990625,2.6709375
2023-11-17,HWS,화성공장,A,297,6,97.98,22.894949494949497,44.647474747474746,2.8036700336700338
2023-11-17,HWS,화성공장,B,289,11,96.19,23.06159169550173,45.79377162629758,2.805916955017301
2023-11-17,HWS,화성공장,C,42,4,90.48,23.76666666666667,45.864285714285714,2.7807142857142857
2023-11-17,ULN,울산공장,A,777,28,96.4,23.076962676962676,45.04864864864865,2.797709137709138
2023-11-17,ULN,울산공장,B,795,34,95.72,23.00377358490566,44.82867924528302,2.797081761006289
2023-11-17,ULN,울산공장,C,104,8,92.31,23.014423076923077,44.75576923076923,2.8325
2023-11-18,ASN,아산공장,A,534,19,96.44,22.59513108614232,45.222659176029964,2.8095318352059926
2023-11-18,ASN,아산공장,B,430,23,94.65,23.03488372093023,44.85720930232558,2.806581395348837
2023-11-18,ASN,아산공장,C,54,4,92.59,23.23148148148148,44.161111111111104,2.8194444444444446
2023-11-18,GWJ,광주공장,A,273,11,95.97,23.25934065934066,44.31794871794872,2.800586080586081
2023-11-18,GWJ,광주공장,B,270,11,95.93,23.013703703703705,44.342592592592595,2.797111111111111
2023-11-18,GWJ,광주공장,C,33,2,93.94,23.445454545454545,45.45151515151515,2.7360606060606063
2023-11-18,HWS,화성공장,A,289,8,97.23,22.855363321799306,45.555363321799305,2.801349480968858
2023-11-18,HWS,화성공장,B,281,15,94.66,23.116014234875447,45.38576512455516,2.7890391459074735
2023-11-18,HWS,화성공장,C,33,3,90.91,23.05757575757576,47.084848484848486,2.8200000000000003
2023-11-18,ULN,울산공장,A,814,24,97.05,22.78009828009828,45.228009828009824,2.7801105651105655
2023-11-18,ULN,울산공장,B,857,36,95.8,22.96441073512252,45.234189031505245,2.816872812135356
2023-11-18,ULN,울산공장,C,108,4,96.3,22.941666666666666,43.92777777777778,2.8541666666666665
2023-11-19,ASN,아산공장,A,472,22,95.34,23.08156779661017,45.68516949152543,2.7948305084745764
2023-11-19,ASN,아산공장,B,503,24,95.23,22.745526838966203,45.61212723658052,2.8122862823061627
2023-11-19,ASN,아산공장,C,58,4,93.1,23.282758620689656,44.79655172413793,2.776551724137931
2023-11-19,GWJ,광주공장,A,288,14,95.14,23.009027777777778,45.10625,2.765138888888889
2023-11-19,GWJ,광주공장,B,292,6,97.95,22.895205479452052,44.87808219178082,2.7767808219178085
2023-11-19,GWJ,광주공장,C,37,0,100.0,23.532432432432433,45.564864864864866,2.8216216216216217
2023-11-19,HWS,화성공장,A,277,12,95.67,22.991335740072202,45.76750902527076,2.8277256317689528
2023-11-19,HWS,화성공장,B,265,12,95.47,22.71622641509434,44.4211320754717,2.775207547169811
2023-11-19,HWS,화성공장,C,38,2,94.74,23.29736842105263,44.75526315789474,2.730526315789474
2023-11-19,ULN,울산공장,A,851,39,95.42,23.14148061104583,44.54688601645123,2.7916333725029374
2023-11-19,ULN,울산공장,B,823,34,95.87,22.951397326852977,44.83948967193196,2.8018712029161605
2023-11-19,ULN,울산공장,C,90,4,95.56,22.97555555555556,43.68,2.7496666666666667
2023-11-20,ASN,아산공장,A,461,19,95.88,23.170715835141,44.47006507592191,2.7912581344902385
2023-11-20,ASN,아산공장,B,423,15,96.45,22.947517730496454,44.68676122931442,2.794917257683215
2023-11-20,ASN,아산공장,C,53,5,90.57,22.275471698113204,45.0433962264151,2.763207547169811
2023-11-20,GWJ,광주공장,A,281,14,95.02,22.65800711743772,44.85516014234875,2.820427046263345
2023-11-20,GWJ,광주공장,B,284,13,95.42,23.20774647887324,44.60528169014084,2.8056338028169012
2023-11-20,GWJ,광주공장,C,37,5,86.49,23.605405405405406,45.92972972972973,2.7181081081081078
2023-11-20,HWS,화성공장,A,282,13,95.39,22.938652482269504,45.21312056737589,2.8265602836879435
2023-11-20,HWS,화성공장,B,316,11,96.52,22.920253164556964,44.98702531645569,2.7914556962025316
2023-11-20,HWS,화성공장,C,44,2,95.45,23.395454545454548,44.550000000000004,2.854090909090909
2023-11-20,ULN,울산공장,A,840,40,95.24,22.995238095238093,44.68535714285714,2.7746666666666666
2023-11-20,ULN,울산공장,B,908,43,95.26,22.887334801762115,45.282378854625556,2.7988105726872248
2023-11-20,ULN,울산공장,C,107,6,94.39,22.712149532710278,43.26355140186916,2.83392523364486
2023-11-21,ASN,아산공장,A,486,24,95.06,23.047530864197533,45.11131687242798,2.810925925925926
2023-11-21,ASN,아산공장,B,486,26,94.65,23.181687242798354,45.16995884773662,2.793477366255144
2023-11-21,ASN,아산공장,C,67,4,94.03,23.546268656716418,44.32537313432836,2.836268656716418
2023-11-21,GWJ,광주공장,A,257,10,96.11,22.815953307392995,46.224124513618676,2.8069260700389105
2023-11-21,GWJ,광주공장,B,278,10,96.4,22.99748201438849,44.892805755395685,2.7913309352517985
2023-11-21,GWJ,광주공장,C,35,3,91.43,23.08857142857143,46.44857142857143,2.8685714285714288
2023-11-21,HWS,화성공장,A,276,10,96.38,23.057971014492754,44.74239130434783,2.8383695652173913
2023-11-21,HWS,화성공장,B,267,16,94.01,22.826217228464422,45.22209737827715,2.796516853932584
2023-11-21,HWS,화성공장,C,36,4,88.89,23.569444444444443,47.56666666666667,2.776388888888889
2023-11-21,ULN,울산공장,A,809,34,95.8,22.952533992583433,45.023114956736705,2.795339925834363
2023-11-21,ULN,울산공장,B,854,41,95.2,22.933372365339576,45.021545667447306,2.800503512880562
2023-11-21,ULN,울산공장,C,116,5,95.69,22.807758620689654,44.734482758620686,2.813448275862069
2023-11-22,ASN,아산공장,A,502,29,94.22,23.004980079681275,45.21414342629482,2.7876693227091636
2023-11-22,ASN,아산공장,B,500,20,96.0,22.9464,44.997,2.79544
2023-11-22,ASN,아산공장,C,50,1,98.0,23.331999999999997,45.278,2.8186
2023-11-22,GWJ,광주공장,A,277,8,97.11,22.73537906137184,44.854512635379066,2.799891696750903
2023-11-22,GWJ,광주공장,B,243,5,97.94,22.648559670781893,45.32633744855967,2.7858847736625516
2023-11-22,GWJ,광주공장,C,45,5,88.89,23.924444444444443,47.00666666666667,2.816
2023-11-22,HWS,화성공장,A,257,16,93.77,23.088326848249025,44.55136186770428,2.7952140077821013
2023-11-22,HWS,화성공장,B,280,12,95.71,23.34107142857143,45.25535714285714,2.7856785714285714
2023-11-22,HWS,화성공장,C,41,5,87.8,23.17560975609756,43.607317073170734,2.8668292682926833
2023-11-22,ULN,울산공장,A,844,37,95.62,22.946208530805684,45.19881516587678,2.794395734597156
2023-11-22,ULN,울산공장,B,858,40,95.34,22.914685314685315,45.62097902097902,2.796491841491841
2023-11-22,ULN,울산공장,C,106,3,97.17,23.272641509433964,45.72735849056604,2.8416981132075474
2023-11-23,ASN,아산공장,A,464,24,94.83,22.98146551724138,45.03426724137931,2.775948275862069
2023-11-23,ASN,아산공장,B,439,21,95.22,22.899544419134397,44.692938496583146,2.8158997722095673
2023-11-23,ASN,아산공장,C,54,3,94.44,23.142592592592592,43.794444444444444,2.810185185185185
2023-11-23,GWJ,광주공장,A,280,8,97.14,22.985,44.481785714285714,2.810035714285714
2023-11-23,GWJ,광주공장,B,291,10,96.56,23.239518900343644,45.00309278350515,2.779415807560137
2023-11-23,GWJ,광주공장,C,36,3,91.67,23.219444444444445,45.416666666666664,2.7633333333333336
2023-11-23,HWS,화성공장,A,291,12,95.88,22.824398625429552,44.70481099656357,2.813367697594502
2023-11-23,HWS,화성공장,B,296,8,97.3,23.12297297297297,45.814189189189186,2.7781081081081083
2023-11-23,HWS,화성공장,C,32,0,100.0,23.46875,44.45625,2.790625
2023-11-23,ULN,울산공장,A,831,40,95.19,23.024669073405537,45.141636582430806,2.7894344163658245
2023-11-23,ULN,울산공장,B,829,35,95.78,22.98009650180941,45.05078407720145,2.804692400482509
2023-11-23,ULN,울산공장,C,97,9,90.72,23.102061855670105,45.973195876288656,2.855257731958763
2023-11-24,ASN,아산공장,A,488,19,96.11,23.041598360655737,45.07315573770492,2.8069877049180327
2023-11-24,ASN,아산공장,B,469,25,94.67,23.062686567164178,44.48955223880597,2.7995309168443496
2023-11-24,ASN,아산공장,C,62,4,93.55,23.11935483870968,44.36290322580645,2.7456451612903225
2023-11-24,GWJ,광주공장,A,255,11,95.69,22.800392156862745,44.781960784313725,2.797725490196078
2023-11-24,GWJ,광주공장,B,320,14,95.62,22.914375,45.716875,2.7973125
2023-11-24,GWJ,광주공장,C,36,3,91.67,23.216666666666665,44.61944444444444,2.7647222222222223
2023-11-24,HWS,화성공장,A,250,6,97.6,22.872,45.2404,2.81908
2023-11-24,HWS,화성공장,B,261,10,96.17,23.05862068965517,44.63716475095785,2.815632183908046
2023-11-24,HWS,화성공장,C,28,5,82.14,23.039285714285715,44.21785714285714,2.882142857142857
2023-11-24,ULN,울산공장,A,830,24,97.11,23.070481927710844,44.77385542168675,2.7893614457831326
2023-11-24,ULN,울산공장,B,794,28,96.47,22.94168765743073,44.986649874055416,2.798136020151133
2023-11-24,ULN,울산공장,C,121,8,93.39,23.072727272727274,45.09256198347107,2.791900826446281
2023-11-25,ASN,아산공장,A,494,19,96.15,22.96072874493927,44.75566801619433,2.818178137651822
2023-11-25,ASN,아산공장,B,465,14,96.99,22.93483870967742,44.61913978494624,2.792731182795699
2023-11-25,ASN,아산공장,C,50,2,96.0,22.541999999999998,45.402,2.8116000000000003
2023-11-25,GWJ,광주공장,A,284,16,94.37,22.748591549295774,45.48169014084507,2.757464788732394
2023-11-25,GWJ,광주공장,B,277,5,98.19,22.896389891696753,44.293862815884474,2.814187725631769
2023-11-25,GWJ,광주공장,C,40,1,97.5,23.03,46.614999999999995,2.8145
2023-11-25,HWS,화성공장,A,250,10,96.0,22.9608,45.418800000000005,2.82796
2023-11-25,HWS,화성공장,B,293,15,94.88,22.771672354948805,45.33242320819112,2.7992832764505122
2023-11-25,HWS,화성공장,C,38,5,86.84,23.110526315789475,44.723684210526315,2.7455263157894736
2023-11-25,ULN,울산공장,A,897,30,96.66,22.939687848383503,45.04080267558528,2.8122630992196207
2023-11-25,ULN,울산공장,B,806,29,96.4,22.980397022332507,44.76761786600496,2.7910173697270473
2023-11-25,ULN,울산공장,C,105,7,93.33,23.00095238095238,43.28666666666667,2.7642857142857142
2023-11-26,ASN,아산공장,A,479,18,96.24,23.12713987473904,45.15845511482255,2.7907098121085596
2023-11-26,ASN,아산공장,B,476,17,96.43,22.91029411764706,46.04432773109244,2.810672268907563
2023-11-26,ASN,아산공장,C,55,2,96.36,22.603636363636365,47.06,2.8267272727272728
2023-11-26,GWJ,광주공장,A,267,14,94.76,22.846441947565545,45.56367041198502,2.808801498127341
2023-11-26,GWJ,광주공장,B,279,11,96.06,22.949820788530467,45.048745519713265,2.813978494623656
2023-11-26,GWJ,광주공장,C,33,3,90.91,23.054545454545455,44.75151515151515,2.77
2023-11-26,HWS,화성공장,A,284,16,94.37,22.617957746478872,44.4943661971831,2.8060211267605633
2023-11-26,HWS,화성공장,B,257,17,93.39,22.945136186770426,44.49571984435798,2.807509727626459
2023-11-26,HWS,화성공장,C,35,0,100.0,21.8,45.637142857142855,2.876
2023-11-26,ULN,울산공장,A,794,34,95.72,23.10831234256927,45.11183879093199,2.7896977329974812
2023-11-26,ULN,울산공장,B,824,36,95.63,23.12985436893204,44.94769417475728,2.7992839805825245
2023-11-26,ULN,울산공장,C,119,12,89.92,23.068067226890754,45.133613445378145,2.7731932773109245
2023-11-27,ASN,아산공장,A,426,20,95.31,23.057042253521125,45.37042253521127,2.8006103286384976
2023-11-27,ASN,아산공장,B,439,17,96.13,23.114350797266518,44.99066059225513,2.7744191343963553
2023-11-27,ASN,아산공장,C,64,1,98.44,22.4953125,46.55625,2.83046875
2023-11-27,GWJ,광주공장,A,272,17,93.75,22.799632352941178,44.61470588235294,2.8065808823529412
2023-11-27,GWJ,광주공장,B,282,9,96.81,22.782978723404256,45.623049645390076,2.7943971631205673
2023-11-27,GWJ,광주공장,C,40,2,95.0,23.182499999999997,44.2675,2.85525
2023-11-27,HWS,화성공장,A,282,7,97.52,23.297163120567376,44.441489361702125,2.7974113475177305
2023-11-27,HWS,화성공장,B,269,10,96.28,23.131598513011152,45.085130111524165,2.8193308550185874
2023-11-27,HWS,화성공장,C,38,0,100.0,23.905263157894737,45.68157894736842,2.7889473684210526
2023-11-27,ULN,울산공장,A,851,34,96.0,23.096827262044656,44.638895417156284,2.79337250293772
2023-11-27,ULN,울산공장,B,828,29,96.5,22.966304347826085,44.75096618357488,2.8130072463768117
2023-11-27,ULN,울산공장,C,96,9,90.62,23.495833333333334,43.771875,2.7760416666666665
2023-11-28,ASN,아산공장,A,440,27,93.86,23.123863636363637,45.0875,2.794409090909091
2023-11-28,ASN,아산공장,B,450,16,96.44,23.04311111111111,44.91755555555556,2.782911111111111
2023-11-28,ASN,아산공장,C,72,2,97.22,22.62777777777778,45.23888888888889,2.772222222222222
2023-11-28,GWJ,광주공장,A,277,14,94.95,23.099999999999998,44.91552346570397,2.7823104693140794
2023-11-28,GWJ,광주공장,B,292,17,94.18,22.83527397260274,45.163356164383565,2.809383561643836
2023-11-28,GWJ,광주공장,C,38,4,89.47,23.673684210526318,44.72894736842105,2.748421052631579
2023-11-28,HWS,화성공장,A,271,18,93.36,22.933210332103318,43.663468634686346,2.778228782287823
2023-11-28,HWS,화성공장,B,265,10,96.23,23.063396226415094,44.76943396226415,2.818377358490566
2023-11-28,HWS,화성공장,C,43,1,97.67,23.08372093023256,45.7046511627907,2.833720930232558
2023-11-28,ULN,울산공장,A,795,37,95.35,22.975220125786162,44.6833962264151,2.8248050314465405
2023-11-28,ULN,울산공장,B,795,33,95.85,23.09685534591195,44.813459119496855,2.791006289308176
2023-11-28,ULN,울산공장,C,98,4,95.92,22.936734693877554,46.054081632653066,2.799081632653061
2023-11-29,ASN,아산공장,A,460,21,95.43,22.91369565217391,44.651304347826084,2.791130434782609
2023-11-29,ASN,아산공장,B,412,15,96.36,22.841019417475728,44.08834951456311,2.806310679611651
2023-11-29,ASN,아산공장,C,52,0,100.0,22.378846153846155,46.01538461538462,2.835769230769231
2023-11-29,GWJ,광주공장,A,271,15,94.46,22.870110701107013,44.52656826568266,2.817269372693727
2023-11-29,GWJ,광주공장,B,285,15,94.74,23.132280701754386,43.55649122807018,2.8000701754385964
2023-11-29,GWJ,광주공장,C,36,2,94.44,23.775,45.97222222222222,2.7766666666666664
2023-11-29,HWS,화성공장,A,246,6,97.56,22.990243902439026,45.41707317073171,2.798130081300813
2023-11-29,HWS,화성공장,B,298,6,97.99,22.948657718120806,45.21510067114094,2.788959731543624
2023-11-29,HWS,화성공장,C,26,2,92.31,22.976923076923075,45.00384615384615,2.8396153846153847
2023-11-29,ULN,울산공장,A,840,38,95.48,22.965476190476192,45.3777380952381,2.823166666666667
2023-11-29,ULN,울산공장,B,869,32,96.32,23.06294591484465,44.643498273878016,2.791403912543153
2023-11-29,ULN,울산공장,C,101,9,91.09,23.16039603960396,44.35247524752476,2.8363366336633664
2023-11-30,ASN,아산공장,A,501,26,94.81,23.02235528942116,45.424750499001995,2.8116566866267467
2023-11-30,ASN,아산공장,B,507,21,95.86,22.97534516765286,45.132938856015784,2.7871400394477317
2023-11-30,ASN,아산공장,C,48,3,93.75,23.133333333333336,45.40208333333334,2.856666666666667
2023-11-30,GWJ,광주공장,A,302,16,94.7,22.89867549668874,44.71225165562914,2.77705298013245
2023-11-30,GWJ,광주공장,B,275,13,95.27,23.100727272727273,45.58872727272727,2.790872727272727
2023-11-30,GWJ,광주공장,C,35,3,91.43,22.68,46.731428571428566,2.8400000000000003
2023-11-30,HWS,화성공장,A,259,10,96.14,23.015444015444015,45.63050193050193,2.8354826254826255
2023-11-30,HWS,화성공장,B,307,12,96.09,22.786644951140065,44.157003257328995,2.7918892508143323
2023-11-30,HWS,화성공장,C,43,1,97.67,23.304651162790698,47.6953488372093,2.8011627906976746
2023-11-30,ULN,울산공장,A,826,32,96.13,22.916464891041162,44.8951573849879,2.7890556900726393
2023-11-30,ULN,울산공장,B,821,28,96.59,22.952009744214372,44.91327649208283,2.8166504263093786
2023-11-30,ULN,울산공장,C,114,7,93.86,23.010526315789473,45.204385964912284,2.785614035087719
2023-12-01,ASN,아산공장,A,491,17,96.54,23.016089613034623,44.770875763747455,2.7848676171079427
2023-12-01,ASN,아산공장,B,469,11,97.65,23.04626865671642,45.565884861407255,2.821641791044776
2023-12-01,ASN,아산공장,C,58,4,93.1,23.644827586206898,45.106896551724134,2.818793103448276
2023-12-01,GWJ,광주공장,A,291,13,95.53,22.913745704467352,45.14776632302406,2.790927835051546
2023-12-01,GWJ,광주공장,B,295,11,96.27,23.027118644067798,44.747796610169495,2.8199322033898304
2023-12-01,GWJ,광주공장,C,34,4,88.24,22.47941176470588,45.470588235294116,2.8185294117647057
2023-12-01,HWS,화성공장,A,278,20,92.81,23.20431654676259,45.41762589928058,2.8031654676258992
2023-12-01,HWS,화성공장,B,262,5,98.09,23.014885496183204,45.62213740458015,2.8372519083969467
2023-12-01,HWS,화성공장,C,36,5,86.11,22.65,44.25833333333333,2.7805555555555554
2023-12-01,ULN,울산공장,A,845,32,96.21,22.82224852071006,45.6519526627219,2.827384615384615
2023-12-01,ULN,울산공장,B,829,31,96.26,22.95826296743064,44.881905910735824,2.811121833534379
2023-12-01,ULN,울산공장,C,102,4,96.08,23.680392156862744,44.58627450980392,2.7665686274509804
2023-12-02,ASN,아산공장,A,423,16,96.22,22.830260047281325,44.953427895981086,2.784018912529551
2023-12-02,ASN,아산공장,B,480,20,95.83,23.00625,44.83354166666666,2.8078541666666665
2023-12-02,ASN,아산공장,C,69,4,94.2,23.056521739130435,44.46231884057971,2.777536231884058
2023-12-02,GWJ,광주공장,A,268,9,96.64,23.123507462686568,44.70410447761194,2.756679104477612
2023-12-02,GWJ,광주공장,B,295,11,96.27,23.007457627118644,45.21932203389831,2.795457627118644
2023-12-02,GWJ,광주공장,C,38,0,100.0,23.628947368421052,44.699999999999996,2.9252631578947366
2023-12-02,HWS,화성공장,A,305,9,97.05,23.041311475409838,44.94491803278689,2.7823934426229506
2023-12-02,HWS,화성공장,B,275,12,95.64,23.22909090909091,44.71054545454545,2.7972727272727274
2023-12-02,HWS,화성공장,C,42,2,95.24,22.56904761904762,45.05952380952381,2.743095238095238
2023-12-02,ULN,울산공장,A,815,37,95.46,22.85914110429448,44.87030674846626,2.802539877300614
2023-12-02,ULN,울산공장,B,886,25,97.18,23.12291196388262,44.67404063205417,2.7868510158013544
2023-12-02,ULN,울산공장,C,109,6,94.5,23.037614678899082,46.62844036697248,2.834954128440367
2023-12-03,ASN,아산공장,A,490,20,95.92,22.826326530612246,45.14,2.7956530612244896
2023-12-03,ASN,아산공장,B,479,20,95.82,23.026096033402922,45.022338204592906,2.813820459290188
2023-12-03,ASN,아산공장,C,60,0,100.0,23.275,44.67666666666666,2.8508333333333336
2023-12-03,GWJ,광주공장,A,262,8,96.95,22.864503816793892,44.81145038167939,2.812022900763359
2023-12-03,GWJ,광주공장,B,276,14,94.93,23.017391304347825,44.552536231884055,2.8052536231884058
2023-12-03,GWJ,광주공장,C,38,1,97.37,23.11842105263158,45.96842105263158,2.857894736842105
2023-12-03,HWS,화성공장,A,265,17,93.58,22.918490566037736,44.49849056603774,2.7861886792452832
2023-12-03,HWS,화성공장,B,269,9,96.65,22.96431226765799,45.34869888475836,2.827472118959108
2023-12-03,HWS,화성공장,C,33,2,93.94,22.2,46.54242424242425,2.7345454545454544
2023-12-03,ULN,울산공장,A,857,33,96.15,23.111318553092183,44.97257876312719,2.7952392065344225
2023-12-03,ULN,울산공장,B,842,26,96.91,22.914726840855106,44.60391923990499,2.8103325415676963
2023-12-03,ULN,울산공장,C,107,7,93.46,22.595327102803736,44.66168224299066,2.792056074766355
2023-12-04,ASN,아산공장,A,478,24,94.98,23.080962343096235,44.66569037656904,2.7838912133891216
2023-12-04,ASN,아산공장,B,470,17,96.38,22.997446808510638,44.903404255319145,2.794
2023-12-04,ASN,아산공장,C,60,1,98.33,23.206666666666667,44.61,2.8118333333333334
2023-12-04,GWJ,광주공장,A,281,15,94.66,23.23202846975089,44.62455516014235,2.809359430604982
2023-12-04,GWJ,광주공장,B,289,11,96.19,23.05363321799308,45.14532871972318,2.809757785467128
2023-12-04,GWJ,광주공장,C,42,5,88.1,22.93095238095238,44.845238095238095,2.7747619047619048
2023-12-04,HWS,화성공장,A,280,10,96.43,23.174642857142857,44.17107142857143,2.8130714285714284
2023-12-04,HWS,화성공장,B,286,12,95.8,22.801748251748254,44.903496503496505,2.8294755244755248
2023-12-04,HWS,화성공장,C,33,1,96.97,23.900000000000002,44.124242424242425,2.784848484848485
2023-12-04,ULN,울산공장,A,827,26,96.86,22.90507859733978,44.50652962515115,2.785804111245466
2023-12-04,ULN,울산공장,B,799,27,96.62,22.964080100125155,44.5630788485607,2.80270337922403
2023-12-04,ULN,울산공장,C,90,7,92.22,23.246666666666666,46.342222222222226,2.7443333333333335
2023-12-05,ASN,아산공장,A,443,17,96.16,22.98216704288939,45.212866817155756,2.8048306997742665
2023-12-05,ASN,아산공장,B,466,20,95.71,23.09356223175966,44.97188841201717,2.807854077253219
2023-12-05,ASN,아산공장,C,68,4,94.12,22.966176470588238,45.20735294117647,2.8041176470588236
2023-12-05,GWJ,광주공장,A,271,8,97.05,23.400738007380074,45.17380073800738,2.816420664206642
2023-12-05,GWJ,광주공장,B,257,10,96.11,23.022957198443578,45.306225680933856,2.8271595330739303
2023-12-05,GWJ,광주공장,C,33,0,100.0,23.98181818181818,45.07878787878788,2.7918181818181815
2023-12-05,HWS,화성공장,A,297,13,95.62,23.21818181818182,45.69124579124579,2.8264309764309767
2023-12-05,HWS,화성공장,B,248,10,95.97,23.088709677419356,45.33870967741935,2.8096774193548386
2023-12-05,HWS,화성공장,C,38,0,100.0,22.492105263157896,46.97631578947368,2.6839473684210526
2023-12-05,ULN,울산공장,A,872,32,96.33,23.012729357798165,44.7276376146789,2.7884633027522936
2023-12-05,ULN,울산공장,B,807,21,97.4,22.885749690210655,44.5276332094176,2.7852168525402727
2023-12-05,ULN,울산공장,C,98,10,89.8,22.679591836734694,44.292857142857144,2.782755102040816
2023-12-06,ASN,아산공장,A,475,6,98.74,22.97663157894737,44.562526315789476,2.819557894736842
2023-12-06,ASN,아산공장,B,475,18,96.21,22.86715789473684,44.93663157894737,2.7990947368421053
2023-12-06,ASN,아산공장,C,50,4,92.0,22.772,43.868,2.8186
2023-12-06,GWJ,광주공장,A,313,11,96.49,23.095846645367413,44.54249201277955,2.8126198083067093
2023-12-06,GWJ,광주공장,B,278,7,97.48,22.72985611510791,45.13992805755395,2.7967985611510793
2023-12-06,GWJ,광주공장,C,26,2,92.31,22.73846153846154,45.31923076923077,2.7807692307692307
2023-12-06,HWS,화성공장,A,270,14,94.81,23.104074074074074,44.18925925925926,2.819111111111111
2023-12-06,HWS,화성공장,B,294,6,97.96,22.91156462585034,44.82823129251701,2.79530612244898
2023-12-06,HWS,화성공장,C,35,6,82.86,23.122857142857143,41.714285714285715,2.850857142857143
2023-12-06,ULN,울산공장,A,793,28,96.47,22.94312736443884,45.29482976040354,2.8022320302648174
2023-12-06,ULN,울산공장,B,859,20,97.67,22.77601862630966,45.07403958090803,2.8120605355064026
2023-12-06,ULN,울산공장,C,114,11,90.35,22.94298245614035,45.71578947368421,2.7706140350877195
2023-12-07,ASN,아산공장,A,485,23,95.26,23.15381443298969,44.75958762886598,2.781237113402062
2023-12-07,ASN,아산공장,B,478,18,96.23,22.839539748953975,44.810041841004185,2.8118200836820084
2023-12-07,ASN,아산공장,C,55,6,89.09,23.670909090909092,44.470909090909096,2.804181818181818
2023-12-07,GWJ,광주공장,A,249,6,97.59,22.97991967871486,44.364257028112455,2.763734939759036
2023-12-07,GWJ,광주공장,B,292,12,95.89,23.214383561643835,44.95924657534247,2.7957876712328766
2023-12-07,GWJ,광주공장,C,31,0,100.0,23.106451612903225,42.41935483870968,2.762258064516129
2023-12-07,HWS,화성공장,A,305,6,98.03,23.021639344262297,45.65311475409836,2.7967868852459015
2023-12-07,HWS,화성공장,B,270,14,94.81,22.95777777777778,45.2337037037037,2.7946296296296294
2023-12-07,HWS,화성공장,C,32,0,100.0,23.35625,44.834375,2.7884375
2023-12-07,ULN,울산공장,A,796,23,97.11,22.99396984924623,44.42713567839196,2.804535175879397
2023-12-07,ULN,울산공장,B,810,28,96.54,23.092098765432098,44.83197530864198,2.8010864197530867
2023-12-07,ULN,울산공장,C,99,5,94.95,23.364646464646462,45.0989898989899,2.8160606060606064
2023-12-08,ASN,아산공장,A,468,19,95.94,22.897435897435898,44.74423076923077,2.801303418803419
2023-12-08,ASN,아산공장,B,438,18,95.89,22.810502283105023,44.522374429223746,2.8031963470319634
2023-12-08,ASN,아산공장,C,73,6,91.78,22.84246575342466,45.131506849315066,2.8146575342465754
2023-12-08,GWJ,광주공장,A,258,19,92.64,22.93488372093023,45.27131782945737,2.7865116279069766
2023-12-08,GWJ,광주공장,B,265,13,95.09,22.918490566037736,44.64264150943396,2.820566037735849
2023-12-08,GWJ,광주공장,C,37,4,89.19,22.35675675675676,45.75405405405406,2.807027027027027
2023-12-08,HWS,화성공장,A,296,15,94.93,22.94054054054054,44.75067567567568,2.7937162162162164
2023-12-08,HWS,화성공장,B,280,14,95.0,22.854642857142856,44.847857142857144,2.803285714285714
2023-12-08,HWS,화성공장,C,39,2,94.87,22.93076923076923,44.38461538461539,2.833076923076923
2023-12-08,ULN,울산공장,A,876,27,96.92,22.98835616438356,45.268036529680366,2.7899429223744288
2023-12-08,ULN,울산공장,B,821,27,96.71,23.06601705237515,45.00852618757612,2.798258221680877
2023-12-08,ULN,울산공장,C,88,4,95.45,23.107954545454547,44.559090909090905,2.783068181818182
2023-12-09,ASN,아산공장,A,467,17,96.36,22.783083511777303,44.805139186295506,2.810770877944326
2023-12-09,ASN,아산공장,B,493,19,96.15,23.07241379310345,44.7553752535497,2.8093306288032456
2023-12-09,ASN,아산공장,C,61,3,95.08,23.47049180327869,44.64098360655738,2.855245901639344
2023-12-09,GWJ,광주공장,A,259,16,93.82,23.014285714285712,45.18610038610039,2.8245945945945947
2023-12-09,GWJ,광주공장,B,301,13,95.68,22.7578073089701,45.049169435215944,2.8040531561461792
2023-12-09,GWJ,광주공장,C,33,1,96.97,22.542424242424243,44.2969696969697,2.83
2023-12-09,HWS,화성공장,A,257,11,95.72,23.012451361867704,45.70389105058366,2.8237354085603115
2023-12-09,HWS,화성공장,B,290,16,94.48,23.02689655172414,45.87344827586207,2.7941379310344825
2023-12-09,HWS,화성공장,C,35,2,94.29,22.857142857142858,43.962857142857146,2.7085714285714286
2023-12-09,ULN,울산공장,A,830,31,96.27,22.983614457831326,44.822168674698794,2.7869638554216865
2023-12-09,ULN,울산공장,B,834,37,95.56,22.91558752997602,44.461270983213424,2.8064268585131895
2023-12-09,ULN,울산공장,C,106,2,98.11,23.08679245283019,46.098113207547165,2.804433962264151
2023-12-10,ASN,아산공장,A,465,15,96.77,22.835483870967742,44.98430107526882,2.81352688172043
2023-12-10,ASN,아산공장,B,479,18,96.24,23.16283924843424,45.08914405010439,2.8134864300626305
2023-12-10,ASN,아산공장,C,59,6,89.83,22.549152542372884,43.735593220338984,2.7571186440677966
2023-12-10,GWJ,광주공장,A,274,13,95.26,23.22299270072993,44.886496350364965,2.8137226277372265
2023-12-10,GWJ,광주공장,B,262,9,96.56,23.146946564885496,45.21259541984733,2.8044274809160306
2023-12-10,GWJ,광주공장,C,39,6,84.62,21.743589743589745,45.44102564102564,2.7523076923076926
2023-12-10,HWS,화성공장,A,285,5,98.25,23.074736842105263,44.963508771929824,2.812315789473684
2023-12-10,HWS,화성공장,B,277,10,96.39,23.24548736462094,45.2245487364621,2.785667870036101
2023-12-10,HWS,화성공장,C,36,3,91.67,22.950000000000003,43.05833333333333,2.9425
2023-12-10,ULN,울산공장,A,861,40,95.35,23.05679442508711,44.9945412311266,2.788815331010453
2023-12-10,ULN,울산공장,B,808,30,96.29,22.98898514851485,45.08613861386139,2.818019801980198
2023-12-10,ULN,울산공장,C,97,3,96.91,22.47835051546392,44.72164948453608,2.7855670103092782
2023-12-11,ASN,아산공장,A,436,11,97.48,22.927522935779816,45.216284403669725,2.8065366972477066
2023-12-11,ASN,아산공장,B,464,18,96.12,23.083405172413794,44.68340517241379,2.8029741379310344
2023-12-11,ASN,아산공장,C,55,4,92.73,22.740000000000002,46.92363636363637,2.7467272727272727
2023-12-11,GWJ,광주공장,A,276,5,98.19,22.792028985507248,45.26340579710145,2.795
2023-12-11,GWJ,광주공장,B,294,6,97.96,23.020408163265305,45.109863945578226,2.7821768707482994
2023-12-11,GWJ,광주공장,C,31,2,93.55,22.596774193548388,46.57096774193548,2.841290322580645
2023-12-11,HWS,화성공장,A,280,14,95.0,23.1425,44.386785714285715,2.814857142857143
2023-12-11,HWS,화성공장,B,268,15,94.4,22.97723880597015,45.44738805970149,2.7577985074626867
2023-12-11,HWS,화성공장,C,27,2,92.59,22.58888888888889,47.27777777777778,2.9003703703703705
2023-12-11,ULN,울산공장,A,849,30,96.47,23.07550058892815,45.16914016489988,2.8009305064782093
2023-12-11,ULN,울산공장,B,877,32,96.35,22.80456100342075,44.8387685290764,2.8086887115165333
2023-12-11,ULN,울산공장,C,100,11,89.0,22.995,44.463,2.7952
2023-12-12,ASN,아산공장,A,466,20,95.71,23.02124463519313,45.00729613733906,2.791909871244635
2023-12-12,ASN,아산공장,B,457,13,97.16,22.944857768052515,45.304157549234134,2.7985557986870897
2023-12-12,ASN,아산공장,C,52,7,86.54,22.588461538461537,45.775000000000006,2.7834615384615384
2023-12-12,GWJ,광주공장,A,309,15,95.15,23.08673139158576,45.00258899676375,2.8039482200647248
2023-12-12,GWJ,광주공장,B,290,19,93.45,23.036551724137933,43.930344827586204,2.828689655172414
2023-12-12,GWJ,광주공장,C,31,1,96.77,22.761290322580646,45.145161290322584,2.705806451612903
2023-12-12,HWS,화성공장,A,278,12,95.68,23.083453237410072,45.13597122302158,2.8298201438848922
2023-12-12,HWS,화성공장,B,260,7,97.31,23.360000000000003,44.949230769230766,2.8041923076923077
2023-12-12,HWS,화성공장,C,33,1,96.97,23.51818181818182,45.49090909090909,2.827272727272727
2023-12-12,ULN,울산공장,A,854,34,96.02,22.91768149882904,44.87669789227166,2.7992857142857144
2023-12-12,ULN,울산공장,B,847,33,96.1,22.98335301062574,44.78004722550177,2.7920661157024793
2023-12-12,ULN,울산공장,C,104,5,95.19,22.99423076923077,44.82115384615384,2.8374038461538458
2023-12-13,ASN,아산공장,A,472,19,95.97,22.903177966101694,44.755084745762716,2.786292372881356
2023-12-13,ASN,아산공장,B,445,15,96.63,22.884044943820225,44.80539325842697,2.8034831460674154
2023-12-13,ASN,아산공장,C,56,1,98.21,22.432142857142857,46.67857142857143,2.748571428571428
2023-12-13,GWJ,광주공장,A,266,10,96.24,22.989849624060152,44.53195488721804,2.796578947368421
2023-12-13,GWJ,광주공장,B,297,14,95.29,22.980134680134682,45.15319865319865,2.7864309764309767
2023-12-13,GWJ,광주공장,C,35,1,97.14,22.65142857142857,44.61714285714285,2.728
2023-12-13,HWS,화성공장,A,300,12,96.0,23.114,45.454,2.8078000000000003
2023-12-13,HWS,화성공장,B,263,8,96.96,22.866920152091254,44.74448669201521,2.8007604562737645
2023-12-13,HWS,화성공장,C,29,6,79.31,22.806896551724137,45.686206896551724,2.7958620689655174
2023-12-13,ULN,울산공장,A,844,38,95.5,22.78127962085308,44.78625592417061,2.79563981042654
2023-12-13,ULN,울산공장,B,846,32,96.22,22.97222222222222,45.428486997635936,2.8028841607565007
2023-12-13,ULN,울산공장,C,103,14,86.41,22.50679611650485,45.28543689320388,2.816116504854369
2023-12-14,ASN,아산공장,A,501,22,95.61,23.01756487025948,44.747105788423156,2.7886626746506984
2023-12-14,ASN,아산공장,B,471,19,95.97,22.958174097664543,44.47940552016985,2.8072823779193206
2023-12-14,ASN,아산공장,C,50,3,94.0,23.378,43.772,2.78
2023-12-14,GWJ,광주공장,A,278,9,96.76,23.11115107913669,45.333093525179855,2.8421223021582733
2023-12-14,GWJ,광주공장,B,249,10,95.98,22.871084337349394,45.113654618473895,2.8010843373493977
2023-12-14,GWJ,광주공장,C,35,6,82.86,23.228571428571428,44.07142857142857,2.88
2023-12-14,HWS,화성공장,A,301,14,95.35,23.14784053156146,45.267109634551495,2.781694352159468
2023-12-14,HWS,화성공장,B,257,4,98.44,22.732684824902723,45.45019455252918,2.7864202334630352
2023-12-14,HWS,화성공장,C,34,2,94.12,21.676470588235293,46.48823529411764,2.783235294117647
2023-12-14,ULN,울산공장,A,841,36,95.72,23.015695600475624,45.08323424494649,2.7969322235434007
2023-12-14,ULN,울산공장,B,824,27,96.72,22.895145631067958,44.57160194174757,2.817609223300971
2023-12-14,ULN,울산공장,C,79,11,86.08,22.59746835443038,42.924050632911396,2.831392405063291
2023-12-15,ASN,아산공장,A,426,13,96.95,22.69741784037559,44.91431924882629,2.767488262910798
2023-12-15,ASN,아산공장,B,479,26,94.57,23.086012526096034,44.61294363256785,2.7857411273486434
2023-12-15,ASN,아산공장,C,64,3,95.31,22.9671875,43.9828125,2.82
2023-12-15,GWJ,광주공장,A,280,10,96.43,22.858571428571427,45.17464285714286,2.7687142857142857
2023-12-15,GWJ,광주공장,B,286,10,96.5,23.23041958041958,44.88216783216783,2.770769230769231
2023-12-15,GWJ,광주공장,C,28,2,92.86,22.892857142857142,44.18214285714286,2.773214285714286
2023-12-15,HWS,화성공장,A,267,12,95.51,22.717977528089886,44.65093632958801,2.810074906367041
2023-12-15,HWS,화성공장,B,286,11,96.15,23.015734265734267,44.86328671328671,2.7963636363636364
2023-12-15,HWS,화성공장,C,33,3,90.91,23.436363636363637,46.44242424242424,2.7103030303030304
2023-12-15,ULN,울산공장,A,881,32,96.37,23.012485811577754,45.361520998864926,2.7948354143019296
2023-12-15,ULN,울산공장,B,810,33,95.93,22.994567901234568,44.30271604938271,2.8193827160493825
2023-12-15,ULN,울산공장,C,101,11,89.11,22.785148514851485,45.08118811881188,2.717623762376238
2023-12-16,ASN,아산공장,A,444,22,95.05,22.852252252252253,45.0222972972973,2.839234234234234
2023-12-16,ASN,아산공장,B,457,16,96.5,22.798030634573305,45.04704595185996,2.819321663019694
2023-12-16,ASN,아산공장,C,65,3,95.38,23.046153846153846,45.49230769230769,2.8175384615384615
2023-12-16,GWJ,광주공장,A,266,8,96.99,22.854135338345863,45.652255639097746,2.826917293233083
2023-12-16,GWJ,광주공장,B,259,8,96.91,23.21814671814672,45.522393822393816,2.8202316602316606
2023-12-16,GWJ,광주공장,C,38,3,92.11,23.839473684210525,45.87894736842105,2.775526315789474
2023-12-16,HWS,화성공장,A,280,11,96.07,23.066785714285714,44.558928571428574,2.790464285714286
2023-12-16,HWS,화성공장,B,279,16,94.27,23.168817204301078,45.36774193548387,2.8127598566308243
2023-12-16,HWS,화성공장,C,33,2,93.94,22.28787878787879,45.97575757575758,2.783030303030303
2023-12-16,ULN,울산공장,A,844,36,95.73,23.070971563981043,44.68838862559242,2.8064810426540285
2023-12-16,ULN,울산공장,B,793,27,96.6,22.895081967213113,44.73203026481715,2.819861286254729
2023-12-16,ULN,울산공장,C,105,8,92.38,22.7,44.10857142857142,2.829333333333333
2023-12-17,ASN,아산공장,A,439,20,95.44,23.039407744874712,44.260820045558084,2.806104783599089
2023-12-17,ASN,아산공장,B,459,15,96.73,23.03921568627451,44.822004357298475,2.8169281045751635
2023-12-17,ASN,아산공장,C,65,3,95.38,22.56923076923077,42.872307692307686,2.7672307692307694
2023-12-17,GWJ,광주공장,A,274,12,95.62,23.172262773722625,44.06204379562044,2.803175182481752
2023-12-17,GWJ,광주공장,B,269,16,94.05,23.056505576208178,45.13903345724907,2.8093308550185876
2023-12-17,GWJ,광주공장,C,38,0,100.0,23.436842105263157,44.98421052631579,2.8757894736842107
2023-12-17,HWS,화성공장,A,288,13,95.49,22.796180555555555,44.21597222222223,2.815173611111111
2023-12-17,HWS,화성공장,B,277,12,95.67,23.11227436823105,44.83862815884476,2.8220938628158847
2023-12-17,HWS,화성공장,C,50,2,96.0,23.272,44.04,2.7769999999999997
2023-12-17,ULN,울산공장,A,868,46,94.7,23.120046082949308,44.84608294930876,2.7982142857142858
2023-12-17,ULN,울산공장,B,849,28,96.7,23.031448763250886,45.143345111896345,2.793957597173145
2023-12-17,ULN,울산공장,C,96,5,94.79,23.051041666666666,44.557291666666664,2.8049999999999997
2023-12-18,ASN,아산공장,A,488,19,96.11,23.061680327868853,44.993442622950816,2.830635245901639
2023-12-18,ASN,아산공장,B,453,19,95.81,22.932008830022077,45.28101545253863,2.784922737306843
2023-12-18,ASN,아산공장,C,58,3,94.83,22.981034482758623,44.810344827586206,2.816551724137931
2023-12-18,GWJ,광주공장,A,273,11,95.97,22.895604395604394,45.393406593406596,2.7739194139194137
2023-12-18,GWJ,광주공장,B,296,8,97.3,23.042905405405406,44.75337837837838,2.78972972972973
2023-12-18,GWJ,광주공장,C,41,1,97.56,22.714634146341464,42.72195121951219,2.7690243902439025
2023-12-18,HWS,화성공장,A,251,15,94.02,23.18366533864542,44.69521912350598,2.7735458167330678
2023-12-18,HWS,화성공장,B,262,8,96.95,22.816030534351146,44.82137404580153,2.772290076335878
2023-12-18,HWS,화성공장,C,33,1,96.97,21.793939393939397,46.13333333333333,2.7024242424242426
2023-12-18,ULN,울산공장,A,859,47,94.53,23.052852153667057,45.31955762514552,2.7921420256111755
2023-12-18,ULN,울산공장,B,889,47,94.71,23.066479190101237,45.122159730033744,2.7980652418447693
2023-12-18,ULN,울산공장,C,106,7,93.4,23.499056603773585,44.820754716981135,2.8264150943396227
2023-12-19,ASN,아산공장,A,465,20,95.7,22.989247311827956,45.263225806451615,2.8072473118279566
2023-12-19,ASN,아산공장,B,464,26,94.4,23.00495689655172,44.71788793103448,2.815689655172414
2023-12-19,ASN,아산공장,C,78,10,87.18,23.02820512820513,44.89102564102564,2.7814102564102563
2023-12-19,GWJ,광주공장,A,282,12,95.74,22.920567375886527,45.266666666666666,2.7848936170212766
2023-12-19,GWJ,광주공장,B,279,16,94.27,23.169175627240143,46.1,2.775878136200717
2023-12-19,GWJ,광주공장,C,39,3,92.31,23.3,46.246153846153845,2.778974358974359
2023-12-19,HWS,화성공장,A,302,7,97.68,23.221854304635762,45.09834437086093,2.829271523178808
2023-12-19,HWS,화성공장,B,267,12,95.51,23.264794007490636,45.08277153558053,2.818089887640449
2023-12-19,HWS,화성공장,C,28,0,100.0,23.060714285714287,44.885714285714286,2.8335714285714286
2023-12-19,ULN,울산공장,A,814,37,95.45,23.049262899262896,44.875429975429974,2.7936855036855035
2023-12-19,ULN,울산공장,B,806,21,97.39,23.05124069478908,45.07506203473945,2.7800248138957815
2023-12-19,ULN,울산공장,C,88,2,97.73,22.922727272727272,45.41590909090909,2.825340909090909
2023-12-20,ASN,아산공장,A,452,21,95.35,23.261946902654866,45.0466814159292,2.8065486725663717
2023-12-20,ASN,아산공장,B,471,18,96.18,23.005307855626327,44.73715498938429,2.7820594479830145
2023-12-20,ASN,아산공장,C,61,2,96.72,22.714754098360654,45.618032786885244,2.8062295081967212
2023-12-20,GWJ,광주공장,A,310,7,97.74,23.16032258064516,44.66483870967742,2.8412580645161287
2023-12-20,GWJ,광주공장,B,274,15,94.53,23.11824817518248,45.45985401459854,2.770693430656934
2023-12-20,GWJ,광주공장,C,43,4,90.7,22.667441860465118,43.45116279069768,2.777674418604651
2023-12-20,HWS,화성공장,A,271,12,95.57,22.993357933579336,44.15313653136531,2.81169741697417
2023-12-20,HWS,화성공장,B,300,16,94.67,23.19333333333333,44.65,2.7808333333333333
2023-12-20,HWS,화성공장,C,40,1,97.5,23.22,43.597500000000004,2.70025
2023-12-20,ULN,울산공장,A,864,32,96.3,23.00347222222222,45.03425925925926,2.793761574074074
2023-12-20,ULN,울산공장,B,841,30,96.43,23.03900118906064,45.32164090368609,2.8065992865636145
2023-12-20,ULN,울산공장,C,110,8,92.73,23.221818181818183,44.44,2.865636363636364
2023-12-21,ASN,아산공장,A,504,19,96.23,23.278373015873015,45.03769841269841,2.7798809523809522
2023-12-21,ASN,아산공장,B,456,21,95.39,22.89714912280702,45.13070175438596,2.810811403508772
2023-12-21,ASN,아산공장,C,60,4,93.33,23.148333333333333,46.248333333333335,2.808333333333333
2023-12-21,GWJ,광주공장,A,288,4,98.61,23.117361111111112,45.017361111111114,2.8175694444444446
2023-12-21,GWJ,광주공장,B,292,10,96.58,22.76335616438356,44.92431506849315,2.8062328767123286
2023-12-21,GWJ,광주공장,C,26,1,96.15,23.246153846153845,45.05769230769231,2.7988461538461538
2023-12-21,HWS,화성공장,A,266,8,96.99,22.714285714285715,45.57443609022556,2.80281954887218
2023-12-21,HWS,화성공장,B,291,12,95.88,23.132646048109965,45.093127147766324,2.807422680412371
2023-12-21,HWS,화성공장,C,32,3,90.62,22.521875,44.184375,2.8178125
2023-12-21,ULN,울산공장,A,853,28,96.72,23.141735052754985,44.860257913247366,2.79514654161782
2023-12-21,ULN,울산공장,B,846,36,95.74,23.071394799054374,45.229669030732865,2.785401891252955
2023-12-21,ULN,울산공장,C,100,8,92.0,23.401999999999997,44.489,2.8269
2023-12-22,ASN,아산공장,A,469,10,97.87,23.065245202558636,45.112579957356076,2.7980597014925372
2023-12-22,ASN,아산공장,B,507,16,96.84,23.102564102564102,45.163905325443785,2.7998422090729784
2023-12-22,ASN,아산공장,C,58,3,94.83,23.71551724137931,44.9896551724138,2.7824137931034483
2023-12-22,GWJ,광주공장,A,284,11,96.13,23.31830985915493,45.04401408450704,2.8004577464788736
2023-12-22,GWJ,광주공장,B,275,14,94.91,22.887999999999998,45.75054545454545,2.784509090909091
2023-12-22,GWJ,광주공장,C,20,1,95.0,23.27,47.565,2.833
2023-12-22,HWS,화성공장,A,267,10,96.25,23.198501872659175,44.70037453183521,2.8126966292134834
2023-12-22,HWS,화성공장,B,273,11,95.97,22.95201465201465,45.51904761904762,2.7952380952380955
2023-12-22,HWS,화성공장,C,40,4,90.0,23.330000000000002,45.445,2.82575
2023-12-22,ULN,울산공장,A,876,33,96.23,23.012899543378996,45.40114155251142,2.7980479452054796
2023-12-22,ULN,울산공장,B,876,27,96.92,22.967922374429225,45.01609589041096,2.789908675799087
2023-12-22,ULN,울산공장,C,96,4,95.83,22.648958333333336,45.4375,2.81125
2023-12-23,ASN,아산공장,A,494,21,95.75,22.838663967611335,44.79412955465587,2.7963967611336034
2023-12-23,ASN,아산공장,B,445,16,96.4,22.962696629213482,45.542247191011235,2.8074157303370786
2023-12-23,ASN,아산공장,C,69,4,94.2,22.756521739130434,45.676811594202896,2.8527536231884056
2023-12-23,GWJ,광주공장,A,286,13,95.45,23.04020979020979,44.709090909090904,2.804090909090909
2023-12-23,GWJ,광주공장,B,270,9,96.67,22.85962962962963,45.13814814814815,2.7784074074074074
2023-12-23,GWJ,광주공장,C,35,1,97.14,23.177142857142858,42.06285714285715,2.821142857142857
2023-12-23,HWS,화성공장,A,248,8,96.77,23.037096774193547,45.855645161290326,2.8250403225806453
2023-12-23,HWS,화성공장,B,303,12,96.04,22.698679867986797,45.322112211221125,2.7975577557755775
2023-12-23,HWS,화성공장,C,27,2,92.59,23.57037037037037,46.07037037037038,2.775925925925926
2023-12-23,ULN,울산공장,A,860,32,96.28,22.842209302325582,44.85662790697674,2.8027441860465117
2023-12-23,ULN,울산공장,B,782,34,95.65,23.119565217391305,44.83350383631714,2.819910485933504
2023-12-23,ULN,울산공장,C,76,4,94.74,23.271052631578947,44.51842105263158,2.853684210526316
2023-12-24,ASN,아산공장,A,480,22,95.42,23.00270833333333,45.1725,2.798020833333333
2023-12-24,ASN,아산공장,B,456,23,94.96,23.28421052631579,45.29934210526316,2.792828947368421
2023-12-24,ASN,아산공장,C,71,5,92.96,23.02112676056338,45.61971830985915,2.809718309859155
2023-12-24,GWJ,광주공장,A,305,16,94.75,22.619016393442624,45.927868852459014,2.8065245901639346
2023-12-24,GWJ,광주공장,B,248,5,97.98,22.925806451612903,45.184677419354834,2.8308870967741933
2023-12-24,GWJ,광주공장,C,36,1,97.22,23.044444444444444,44.077777777777776,2.779722222222222
2023-12-24,HWS,화성공장,A,303,9,97.03,23.20924092409241,45.23102310231023,2.8073597359735976
2023-12-24,HWS,화성공장,B,275,9,96.73,23.03890909090909,44.62581818181818,2.8208727272727274
2023-12-24,HWS,화성공장,C,37,1,97.3,22.527027027027028,44.0918918918919,2.8024324324324326
2023-12-24,ULN,울산공장,A,789,36,95.44,23.11812420785805,45.10684410646388,2.7976172370088723
2023-12-24,ULN,울산공장,B,792,35,95.58,22.981313131313133,45.14090909090909,2.7880555555555553
2023-12-24,ULN,울산공장,C,103,5,95.15,22.861165048543686,44.48252427184466,2.750388349514563
2023-12-25,ASN,아산공장,A,484,16,96.69,23.06198347107438,44.9198347107438,2.8052272727272727
2023-12-25,ASN,아산공장,B,496,20,95.97,22.939717741935485,44.755645161290325,2.812016129032258
2023-12-25,ASN,아산공장,C,63,3,95.24,23.25873015873016,44.67777777777778,2.8261904761904764
2023-12-25,GWJ,광주공장,A,272,8,97.06,23.147058823529413,44.74191176470588,2.796470588235294
2023-12-25,GWJ,광주공장,B,278,10,96.4,22.965827338129497,45.74424460431655,2.8176258992805754
2023-12-25,GWJ,광주공장,C,33,3,90.91,23.793939393939397,46.166666666666664,2.7654545454545456
2023-12-25,HWS,화성공장,A,291,16,94.5,23.084536082474227,44.33505154639175,2.8046735395189004
2023-12-25,HWS,화성공장,B,312,10,96.79,22.97403846153846,45.17371794871795,2.8000641025641024
2023-12-25,HWS,화성공장,C,35,1,97.14,23.645714285714288,41.768571428571434,2.899142857142857
2023-12-25,ULN,울산공장,A,793,26,96.72,22.97906683480454,45.37856242118537,2.810605296343001
2023-12-25,ULN,울산공장,B,842,44,94.77,22.853681710213777,45.0083135391924,2.8037648456057007
2023-12-25,ULN,울산공장,C,103,7,93.2,23.02912621359223,45.480582524271846,2.8029126213592233
2023-12-26,ASN,아산공장,A,484,26,94.63,22.7900826446281,44.6206611570248,2.8238636363636362
2023-12-26,ASN,아산공장,B,487,20,95.89,22.782135523613963,45.12710472279261,2.8175154004106777
2023-12-26,ASN,아산공장,C,52,1,98.08,22.963461538461537,45.715384615384615,2.8009615384615385
2023-12-26,GWJ,광주공장,A,284,12,95.77,22.85598591549296,45.06584507042254,2.821232394366197
2023-12-26,GWJ,광주공장,B,281,6,97.86,22.917793594306048,45.01316725978648,2.7876868327402136
2023-12-26,GWJ,광주공장,C,39,4,89.74,22.58974358974359,44.42564102564102,2.8787179487179486
2023-12-26,HWS,화성공장,A,304,12,96.05,22.954934210526318,44.64802631578947,2.8172039473684207
2023-12-26,HWS,화성공장,B,258,8,96.9,23.144186046511628,45.46627906976744,2.8005426356589145
2023-12-26,HWS,화성공장,C,36,3,91.67,23.53611111111111,43.71666666666667,2.796388888888889
2023-12-26,ULN,울산공장,A,867,34,96.08,23.004498269896196,45.24209919261823,2.7961937716262977
2023-12-26,ULN,울산공장,B,800,40,95.0,23.143375000000002,45.22,2.8047625
2023-12-26,ULN,울산공장,C,105,8,92.38,23.10095238095238,44.65142857142857,2.796761904761905
2023-12-27,ASN,아산공장,A,503,16,96.82,23.206560636182903,44.82803180914513,2.7936779324055667
2023-12-27,ASN,아산공장,B,423,12,97.16,23.033806146572104,45.150118203309695,2.791323877068558
2023-12-27,ASN,아산공장,C,69,3,95.65,23.194202898550724,44.35217391304348,2.847826086956522
2023-12-27,GWJ,광주공장,A,272,20,92.65,22.834558823529413,43.74338235294118,2.8160294117647062
2023-12-27,GWJ,광주공장,B,259,11,95.75,23.16061776061776,45.04517374517375,2.85988416988417
2023-12-27,GWJ,광주공장,C,43,0,100.0,23.551162790697674,45.87906976744186,2.798372093023256
2023-12-27,HWS,화성공장,A,268,17,93.66,23.192537313432837,45.34701492537314,2.816044776119403
2023-12-27,HWS,화성공장,B,287,16,94.43,22.8397212543554,45.34146341463415,2.768292682926829
2023-12-27,HWS,화성공장,C,22,1,95.45,23.12272727272727,45.21363636363637,2.8972727272727274
2023-12-27,ULN,울산공장,A,777,19,97.55,23.042342342342344,45.07387387387388,2.8021879021879026
2023-12-27,ULN,울산공장,B,865,48,94.45,22.966242774566474,45.29699421965318,2.7971098265895953
2023-12-27,ULN,울산공장,C,95,7,92.63,22.721052631578946,45.12,2.784105263157895
2023-12-28,ASN,아산공장,A,471,17,96.39,23.154140127388537,45.277707006369425,2.7943524416135883
2023-12-28,ASN,아산공장,B,444,14,96.85,23.122522522522523,44.855630630630635,2.7998198198198194
2023-12-28,ASN,아산공장,C,63,4,93.65,22.715873015873015,45.48253968253968,2.8953968253968254
2023-12-28,GWJ,광주공장,A,287,5,98.26,22.81289198606272,43.89547038327526,2.7789547038327522
2023-12-28,GWJ,광주공장,B,287,4,98.61,22.985365853658536,45.57979094076655,2.8045993031358885
2023-12-28,GWJ,광주공장,C,30,1,96.67,21.959999999999997,43.263333333333335,2.8303333333333334
2023-12-28,HWS,화성공장,A,293,12,95.9,23.325597269624573,44.4518771331058,2.8106484641638225
2023-12-28,HWS,화성공장,B,276,9,96.74,22.708695652173915,45.006159420289855,2.787065217391304
2023-12-28,HWS,화성공장,C,30,1,96.67,23.363333333333333,44.61666666666667,2.8093333333333335
2023-12-28,ULN,울산공장,A,922,50,94.58,23.07386117136659,44.9702819956616,2.807830802603037
2023-12-28,ULN,울산공장,B,859,39,95.46,22.90058207217695,44.91664726426077,2.786367869615832
2023-12-28,ULN,울산공장,C,100,5,95.0,23.15,45.235,2.7511
2023-12-29,ASN,아산공장,A,457,23,94.97,22.888402625820568,45.03763676148797,2.7819474835886213
2023-12-29,ASN,아산공장,B,464,19,95.91,22.965948275862072,44.353017241379305,2.8175
2023-12-29,ASN,아산공장,C,61,3,95.08,23.249180327868853,44.691803278688525,2.786065573770492
2023-12-29,GWJ,광주공장,A,286,14,95.1,22.882867132867133,45.97342657342657,2.806643356643357
2023-12-29,GWJ,광주공장,B,278,14,94.96,22.889208633093524,44.57589928057554,2.805107913669065
2023-12-29,GWJ,광주공장,C,36,3,91.67,23.302777777777777,45.99166666666667,2.7047222222222222
2023-12-29,HWS,화성공장,A,267,11,95.88,22.8812734082397,45.299250936329585,2.810449438202247
2023-12-29,HWS,화성공장,B,283,11,96.11,22.746289752650178,44.236749116607776,2.783674911660777
2023-12-29,HWS,화성공장,C,36,0,100.0,23.23888888888889,46.50555555555556,2.8625
2023-12-29,ULN,울산공장,A,806,30,96.28,23.214267990074443,44.52183622828784,2.7852977667493795
2023-12-29,ULN,울산공장,B,847,30,96.46,23.0185360094451,45.10826446280991,2.808689492325856
2023-12-29,ULN,울산공장,C,96,6,93.75,23.040625000000002,43.71979166666667,2.791770833333333
2023-12-30,ASN,아산공장,A,439,15,96.58,23.139635535307516,45.05671981776766,2.7854214123006833
2023-12-30,ASN,아산공장,B,455,18,96.04,23.095604395604397,44.99142857142857,2.794
2023-12-30,ASN,아산공장,C,56,4,92.86,23.123214285714287,44.225,2.812857142857143
2023-12-30,GWJ,광주공장,A,284,14,95.07,23.358802816901406,44.74788732394366,2.7945422535211266
2023-12-30,GWJ,광주공장,B,283,11,96.11,23.080212014134275,45.55512367491166,2.7749823321554774
2023-12-30,GWJ,광주공장,C,32,0,100.0,22.303125,42.734375,2.771875
2023-12-30,HWS,화성공장,A,316,16,94.94,22.954746835443036,45.39810126582278,2.7706645569620254
2023-12-30,HWS,화성공장,B,290,17,94.14,22.82448275862069,44.57931034482758,2.805344827586207
2023-12-30,HWS,화성공장,C,43,1,97.67,22.037209302325582,44.36279069767442,2.834418604651163
2023-12-30,ULN,울산공장,A,826,30,96.37,23.148547215496368,44.53777239709443,2.82001210653753
2023-12-30,ULN,울산공장,B,883,35,96.04,23.031257078142694,45.12582106455266,2.785469988674972
2023-12-30,ULN,울산공장,C,113,10,91.15,22.944247787610617,45.84778761061947,2.7975221238938053
2023-12-31,ASN,아산공장,A,505,18,96.44,23.025148514851487,45.145742574257426,2.7967722772277224
2023-12-31,ASN,아산공장,B,470,19,95.96,22.683617021276593,44.730638297872346,2.7943617021276594
2023-12-31,ASN,아산공장,C,64,2,96.88,23.2828125,45.0515625,2.79109375
2023-12-31,GWJ,광주공장,A,278,9,96.76,23.282374100719423,44.74676258992806,2.83068345323741
2023-12-31,GWJ,광주공장,B,309,7,97.73,23.211003236245954,44.845631067961165,2.790388349514563
2023-12-31,GWJ,광주공장,C,36,3,91.67,23.461111111111112,43.40833333333333,2.761111111111111
2023-12-31,HWS,화성공장,A,320,14,95.62,23.039375,44.64875,2.8075625
2023-12-31,HWS,화성공장,B,297,10,96.63,23.06936026936027,43.501010101010095,2.804612794612795
2023-12-31,HWS,화성공장,C,36,2,94.44,22.733333333333334,45.40833333333333,2.76
2023-12-31,ULN,울산공장,A,801,37,95.38,23.188014981273405,45.50923845193508,2.814868913857678
2023-12-31,ULN,울산공장,B,813,42,94.83,22.9380073800738,44.858548585485856,2.801193111931119
2023-12-31,ULN,울산공장,C,106,5,95.28,22.830188679245282,45.053773584905656,2.7779245283018867
2024-01-01,ASN,아산공장,A,502,17,96.61,23.039243027888446,44.38266932270916,2.8036055776892432
2024-01-01,ASN,아산공장,B,432,10,97.69,23.151851851851852,45.44305555555556,2.825810185185185
2024-01-01,ASN,아산공장,C,58,3,94.83,23.00862068965517,45.994827586206895,2.744655172413793
2024-01-01,GWJ,광주공장,A,286,17,94.06,22.91923076923077,45.34055944055944,2.7913636363636365
2024-01-01,GWJ,광주공장,B,268,10,96.27,23.123507462686568,44.22126865671642,2.821455223880597
2024-01-01,GWJ,광주공장,C,42,0,100.0,23.6,44.945238095238096,2.8164285714285713
2024-01-01,HWS,화성공장,A,287,15,94.77,22.8602787456446,45.08362369337979,2.806968641114983
2024-01-01,HWS,화성공장,B,300,7,97.67,23.052,44.895,2.775333333333333
2024-01-01,HWS,화성공장,C,30,1,96.67,23.07,47.34,2.816333333333333
2024-01-01,ULN,울산공장,A,854,29,96.6,23.075409836065575,45.48220140515223,2.805889929742389
2024-01-01,ULN,울산공장,B,858,28,96.74,22.934498834498832,44.51188811188811,2.8062470862470863
2024-01-01,ULN,울산공장,C,113,5,95.58,22.81946902654867,44.18495575221239,2.816283185840708
2024-01-02,ASN,아산공장,A,514,23,95.53,22.884824902723732,45.17023346303502,2.78715953307393
2024-01-02,ASN,아산공장,B,457,14,96.94,23.02078774617068,44.69168490153172,2.78328227571116
2024-01-02,ASN,아산공장,C,55,1,98.18,22.670909090909092,44.28545454545454,2.8256363636363635
2024-01-02,GWJ,광주공장,A,272,21,92.28,22.805514705882356,44.713602941176475,2.7806985294117648
2024-01-02,GWJ,광주공장,B,275,13,95.27,23.006545454545456,44.46036363636364,2.7827272727272727
2024-01-02,GWJ,광주공장,C,36,3,91.67,22.086111111111112,45.11388888888889,2.8016666666666667
2024-01-02,HWS,화성공장,A,259,11,95.75,22.998069498069498,45.144401544401546,2.81027027027027
2024-01-02,HWS,화성공장,B,273,14,94.87,23.047619047619047,46.3992673992674,2.779413919413919
2024-01-02,HWS,화성공장,C,27,7,74.07,22.822222222222223,47.044444444444444,2.8377777777777777
2024-01-02,ULN,울산공장,A,863,39,95.48,22.99420625724218,45.0188876013905,2.8099073001158748
2024-01-02,ULN,울산공장,B,816,25,96.94,22.966911764705884,45.260171568627456,2.813198529411765
2024-01-02,ULN,울산공장,C,90,6,93.33,23.038888888888888,45.38777777777778,2.7857777777777777
2024-01-03,ASN,아산공장,A,466,22,95.28,22.864377682403433,44.71824034334764,2.8168669527896997
2024-01-03,ASN,아산공장,B,519,22,95.76,22.861078998073218,44.83179190751445,2.792369942196532
2024-01-03,ASN,아산공장,C,70,6,91.43,23.085714285714285,43.46,2.831857142857143
2024-01-03,GWJ,광주공장,A,268,12,95.52,22.840671641791044,45.18731343283582,2.7605597014925376
2024-01-03,GWJ,광주공장,B,283,11,96.11,22.896113074204948,45.61413427561837,2.780565371024735
2024-01-03,GWJ,광주공장,C,36,3,91.67,22.858333333333334,46.474999999999994,2.725833333333333
2024-01-03,HWS,화성공장,A,285,18,93.68,22.751929824561405,44.908070175438596,2.808842105263158
2024-01-03,HWS,화성공장,B,275,8,97.09,22.882545454545454,44.967636363636366,2.802290909090909
2024-01-03,HWS,화성공장,C,35,1,97.14,23.468571428571426,44.59714285714286,2.8137142857142856
2024-01-03,ULN,울산공장,A,843,30,96.44,22.84661921708185,44.862633451957294,2.798612099644128
2024-01-03,ULN,울산공장,B,794,39,95.09,23.030730478589422,45.15176322418136,2.7895717884130984
2024-01-03,ULN,울산공장,C,102,10,90.2,23.26078431372549,43.82941176470589,2.820098039215686
2024-01-04,ASN,아산공장,A,471,18,96.18,22.918683651804674,44.97494692144374,2.806900212314225
2024-01-04,ASN,아산공장,B,481,14,97.09,23.183367983367987,45.733887733887734,2.8003534303534305
2024-01-04,ASN,아산공장,C,58,6,89.66,23.31896551724138,45.36034482758621,2.779655172413793
2024-01-04,GWJ,광주공장,A,257,13,94.94,22.85408560311284,44.67548638132296,2.7901167315175095
2024-01-04,GWJ,광주공장,B,283,19,93.29,22.954416961130743,44.451943462897525,2.8020494699646643
2024-01-04,GWJ,광주공장,C,35,1,97.14,22.57714285714286,43.462857142857146,2.8205714285714287
2024-01-04,HWS,화성공장,A,285,13,95.44,22.720350877192985,44.47298245614035,2.8053333333333335
2024-01-04,HWS,화성공장,B,282,5,98.23,22.562765957446807,45.05673758865248,2.8339716312056735
2024-01-04,HWS,화성공장,C,34,0,100.0,23.97941176470588,48.95294117647059,2.7923529411764707
2024-01-04,ULN,울산공장,A,848,30,96.46,22.899764150943398,45.15542452830189,2.8097877358490564
2024-01-04,ULN,울산공장,B,839,31,96.31,22.91513706793802,45.05137067938021,2.8034207389749706
2024-01-04,ULN,울산공장,C,112,5,95.54,22.85982142857143,45.15089285714286,2.7791964285714283
2024-01-05,ASN,아산공장,A,484,20,95.87,22.93409090909091,45.001446280991736,2.7780578512396694
2024-01-05,ASN,아산공장,B,459,12,97.39,23.023529411764706,45.22875816993464,2.823747276688453
2024-01-05,ASN,아산공장,C,61,4,93.44,23.14262295081967,44.48360655737705,2.8181967213114754
2024-01-05,GWJ,광주공장,A,269,16,94.05,22.99553903345725,45.17843866171004,2.8242750929368032
2024-01-05,GWJ,광주공장,B,284,11,96.13,22.850352112676056,45.32394366197183,2.802852112676056
2024-01-05,GWJ,광주공장,C,35,2,94.29,22.98,45.45142857142857,2.7534285714285716
2024-01-05,HWS,화성공장,A,256,10,96.09,22.926953125,44.371875,2.8001953125
2024-01-05,HWS,화성공장,B,281,14,95.02,22.894306049822063,44.50640569395018,2.793202846975089
2024-01-05,HWS,화성공장,C,26,1,96.15,22.673076923076923,43.47692307692308,2.8153846153846156
2024-01-05,ULN,울산공장,A,833,32,96.16,23.095198079231693,44.93793517406963,2.785798319327731
2024-01-05,ULN,울산공장,B,828,39,95.29,22.965338164251207,45.2506038647343,2.7999879227053137
2024-01-05,ULN,울산공장,C,116,10,91.38,23.613793103448273,44.459482758620695,2.756551724137931
2024-01-06,ASN,아산공장,A,464,14,96.98,23.054741379310343,45.72521551724138,2.833706896551724
2024-01-06,ASN,아산공장,B,471,14,97.03,23.151804670912952,44.88811040339703,2.769575371549894
2024-01-06,ASN,아산공장,C,40,1,97.5,22.7625,44.405,2.7030000000000003
2024-01-06,GWJ,광주공장,A,276,19,93.12,23.125,44.299637681159425,2.8057246376811595
2024-01-06,GWJ,광주공장,B,283,9,96.82,22.835689045936395,44.94098939929329,2.761060070671378
2024-01-06,GWJ,광주공장,C,29,2,93.1,22.989655172413794,47.52758620689655,2.7882758620689656
2024-01-06,HWS,화성공장,A,267,12,95.51,22.81385767790262,44.19737827715356,2.834456928838951
2024-01-06,HWS,화성공장,B,301,12,96.01,23.26578073089701,44.92956810631229,2.8072093023255813
2024-01-06,HWS,화성공장,C,30,0,100.0,22.256666666666668,46.419999999999995,2.7416666666666667
2024-01-06,ULN,울산공장,A,864,27,96.88,23.16875,44.82106481481482,2.8119791666666667
2024-01-06,ULN,울산공장,B,856,29,96.61,23.01857476635514,44.9036214953271,2.8089485981308413
2024-01-06,ULN,울산공장,C,112,3,97.32,22.726785714285715,46.010714285714286,2.7747321428571428
2024-01-07,ASN,아산공장,A,534,19,96.44,22.995318352059925,45.1749063670412,2.7931647940074904
2024-01-07,ASN,아산공장,B,451,18,96.01,23.050332594235034,44.942128603104216,2.813747228381375
2024-01-07,ASN,아산공장,C,51,2,96.08,23.125490196078434,46.219607843137254,2.8198039215686275
2024-01-07,GWJ,광주공장,A,265,9,96.6,22.770188679245283,44.921509433962264,2.8036603773584905
2024-01-07,GWJ,광주공장,B,278,6,97.84,22.835611510791367,45.58561151079137,2.831294964028777
2024-01-07,GWJ,광주공장,C,26,2,92.31,23.28846153846154,45.473076923076924,2.7615384615384615
2024-01-07,HWS,화성공장,A,310,13,95.81,22.85225806451613,44.49193548387097,2.793451612903226
2024-01-07,HWS,화성공장,B,292,14,95.21,22.953424657534246,45.167808219178085,2.7843835616438355
2024-01-07,HWS,화성공장,C,41,3,92.68,22.714634146341464,44.74878048780488,2.741219512195122
2024-01-07,ULN,울산공장,A,852,32,96.24,23.137910798122064,44.61971830985915,2.790950704225352
2024-01-07,ULN,울산공장,B,840,24,97.14,22.890595238095237,45.34833333333333,2.8143452380952385
2024-01-07,ULN,울산공장,C,104,5,95.19,22.47596153846154,43.704807692307696,2.8112500000000002
2024-01-08,ASN,아산공장,A,443,16,96.39,22.977200902934538,44.06839729119638,2.7953047404063205
2024-01-08,ASN,아산공장,B,470,12,97.45,22.915531914893617,45.3072340425532,2.7974680851063827
2024-01-08,ASN,아산공장,C,66,2,96.97,23.421212121212122,46.0969696969697,2.7775757575757574
2024-01-08,GWJ,광주공장,A,274,7,97.45,23.16751824817518,45.596350364963506,2.7817883211678835
2024-01-08,GWJ,광주공장,B,281,12,95.73,22.6644128113879,45.46156583629894,2.815302491103203
2024-01-08,GWJ,광주공장,C,43,3,93.02,22.986046511627908,44.87906976744186,2.8588372093023255
2024-01-08,HWS,화성공장,A,285,15,94.74,22.864912280701756,44.81263157894737,2.8284561403508772
2024-01-08,HWS,화성공장,B,278,13,95.32,22.88956834532374,44.78453237410072,2.831978417266187
2024-01-08,HWS,화성공장,C,43,5,88.37,23.134883720930233,45.03720930232558,2.757906976744186
2024-01-08,ULN,울산공장,A,899,40,95.55,22.913681868743048,45.06674082313682,2.810233592880979
2024-01-08,ULN,울산공장,B,868,29,96.66,22.755069124423965,46.05138248847926,2.794827188940092
2024-01-08,ULN,울산공장,C,114,5,95.61,22.850877192982455,44.47456140350877,2.7738596491228074
2024-01-09,ASN,아산공장,A,436,14,96.79,22.781422018348625,45.142201834862384,2.8053669724770645
2024-01-09,ASN,아산공장,B,463,12,97.41,23.14643628509719,44.422462203023755,2.789913606911447
2024-01-09,ASN,아산공장,C,53,3,94.34,23.13396226415094,47.33584905660378,2.8918867924528304
2024-01-09,GWJ,광주공장,A,298,12,95.97,22.78523489932886,45.062751677852354,2.801006711409396
2024-01-09,GWJ,광주공장,B,249,9,96.39,23.15100401606426,45.60441767068273,2.803534136546185
2024-01-09,GWJ,광주공장,C,32,5,84.38,23.7125,47.48125,2.7128125
2024-01-09,HWS,화성공장,A,262,13,95.04,23.093893129770994,44.90725190839695,2.790267175572519
2024-01-09,HWS,화성공장,B,283,9,96.82,22.975618374558305,45.70212014134276,2.7975971731448763
2024-01-09,HWS,화성공장,C,37,2,94.59,23.44054054054054,45.87837837837838,2.7818918918918922
2024-01-09,ULN,울산공장,A,836,32,96.17,22.96662679425837,44.40011961722488,2.8057775119617228
2024-01-09,ULN,울산공장,B,850,40,95.29,23.191411764705883,45.25,2.8064588235294115
2024-01-09,ULN,울산공장,C,107,8,92.52,22.840186915887852,45.544859813084116,2.776355140186916
2024-01-10,ASN,아산공장,A,468,11,97.65,23.188888888888886,45.20534188034188,2.7862820512820514
2024-01-10,ASN,아산공장,B,435,19,95.63,23.084827586206895,44.71287356321839,2.799103448275862
2024-01-10,ASN,아산공장,C,38,4,89.47,22.939473684210526,44.77894736842105,2.8878947368421053
2024-01-10,GWJ,광주공장,A,244,6,97.54,22.710655737704915,44.60368852459016,2.8122950819672132
2024-01-10,GWJ,광주공장,B,265,10,96.23,23.167924528301885,45.20792452830189,2.82188679245283
2024-01-10,GWJ,광주공장,C,21,0,100.0,24.15714285714286,44.15714285714286,2.8061904761904763
2024-01-10,HWS,화성공장,A,254,12,95.28,23.218897637795276,44.6992125984252,2.786417322834646
2024-01-10,HWS,화성공장,B,294,10,96.6,22.993197278911566,45.66326530612245,2.7800340136054422
2024-01-10,HWS,화성공장,C,36,2,94.44,23.191666666666666,45.38333333333333,2.792222222222222
2024-01-10,ULN,울산공장,A,804,29,96.39,22.890422885572143,45.14402985074627,2.7887935323383086
2024-01-10,ULN,울산공장,B,881,31,96.48,23.03643586833144,45.135187287173665,2.809318955732123
2024-01-10,ULN,울산공장,C,130,5,96.15,22.911538461538463,44.46923076923077,2.8199230769230765
2024-01-11,ASN,아산공장,A,481,17,96.47,23.21081081081081,44.96756756756757,2.793056133056133
2024-01-11,ASN,아산공장,B,489,27,94.48,22.881799591002046,45.26625766871166,2.793742331288344
2024-01-11,ASN,아산공장,C,64,4,93.75,23.025,45.365625,2.780625
2024-01-11,GWJ,광주공장,A,297,17,94.28,22.914478114478115,45.777441077441075,2.7750168350168347
2024-01-11,GWJ,광주공장,B,294,10,96.6,22.974489795918366,44.50612244897959,2.7853401360544217
2024-01-11,GWJ,광주공장,C,39,2,94.87,22.497435897435896,44.54102564102564,2.825897435897436
2024-01-11,HWS,화성공장,A,261,12,95.4,23.195402298850574,44.08659003831418,2.8109961685823754
2024-01-11,HWS,화성공장,B,319,12,96.24,22.915987460815046,44.57554858934169,2.8064263322884013
2024-01-11,HWS,화성공장,C,27,3,88.89,22.366666666666667,45.06296296296296,2.7933333333333334
2024-01-11,ULN,울산공장,A,774,33,95.74,22.951162790697676,45.357105943152455,2.8073126614987083
2024-01-11,ULN,울산공장,B,863,35,95.94,23.017612977983777,45.302665121668596,2.7837775202781
2024-01-11,ULN,울산공장,C,119,6,94.96,23.008403361344538,44.63613445378151,2.8460504201680674
2024-01-12,ASN,아산공장,A,498,24,95.18,23.010441767068276,45.03012048192771,2.771586345381526
2024-01-12,ASN,아산공장,B,470,19,95.96,22.947234042553195,44.72893617021276,2.8094468085106383
2024-01-12,ASN,아산공장,C,59,5,91.53,23.261016949152545,45.86271186440678,2.812203389830508
2024-01-12,GWJ,광주공장,A,289,10,96.54,23.0560553633218,44.92006920415225,2.779031141868512
2024-01-12,GWJ,광주공장,B,287,9,96.86,23.095121951219515,45.18780487804878,2.8319860627177698
2024-01-12,GWJ,광주공장,C,19,0,100.0,22.094736842105263,45.06315789473684,2.7668421052631578
2024-01-12,HWS,화성공장,A,284,9,96.83,23.164084507042254,45.22112676056338,2.802711267605634
2024-01-12,HWS,화성공장,B,259,6,97.68,22.99305019305019,45.11930501930502,2.784555984555985
2024-01-12,HWS,화성공장,C,31,3,90.32,23.135483870967743,45.23870967741936,2.8470967741935485
2024-01-12,ULN,울산공장,A,843,40,95.26,22.962633451957295,44.80818505338079,2.803096085409253
2024-01-12,ULN,울산공장,B,884,38,95.7,22.908597285067874,44.43314479638009,2.7755995475113124
2024-01-12,ULN,울산공장,C,93,6,93.55,23.580645161290324,43.91182795698925,2.8023655913978494
2024-01-13,ASN,아산공장,A,443,22,95.03,23.046501128668172,44.97539503386004,2.7999097065462752
2024-01-13,ASN,아산공장,B,475,19,96.0,22.96273684210526,44.73073684210526,2.7889052631578948
2024-01-13,ASN,아산공장,C,61,2,96.72,23.25409836065574,42.98360655737705,2.790983606557377
2024-01-13,GWJ,광주공장,A,296,12,95.95,22.96554054054054,43.997972972972974,2.811114864864865
2024-01-13,GWJ,광주공장,B,283,15,94.7,23.069611307420494,44.6791519434629,2.766183745583039
2024-01-13,GWJ,광주공장,C,38,2,94.74,23.099999999999998,42.078947368421055,2.873421052631579
2024-01-13,HWS,화성공장,A,293,15,94.88,22.870307167235495,44.67337883959044,2.7793515358361773
2024-01-13,HWS,화성공장,B,297,8,97.31,22.965319865319866,45.07272727272727,2.8078114478114475
2024-01-13,HWS,화성공장,C,33,0,100.0,22.515151515151516,45.03939393939394,2.797878787878788
2024-01-13,ULN,울산공장,A,880,50,94.32,22.788181818181815,45.020227272727276,2.790920454545455
2024-01-13,ULN,울산공장,B,816,25,96.94,22.93811274509804,44.818504901960786,2.806078431372549
2024-01-13,ULN,울산공장,C,122,7,94.26,23.301639344262295,45.213934426229514,2.785983606557377
2024-01-14,ASN,아산공장,A,466,20,95.71,22.856008583690986,45.155150214592275,2.819270386266094
2024-01-14,ASN,아산공장,B,449,13,97.1,23.212472160356345,44.41937639198218,2.7774832962138083
2024-01-14,ASN,아산공장,C,58,2,96.55,23.048275862068966,44.62413793103448,2.7567241379310348
2024-01-14,GWJ,광주공장,A,320,25,92.19,22.7171875,44.7809375,2.7951875
2024-01-14,GWJ,광주공장,B,299,5,98.33,22.658528428093643,45.25752508361204,2.7869899665551836
2024-01-14,GWJ,광주공장,C,43,5,88.37,23.125581395348835,47.383720930232556,2.849069767441861
2024-01-14,HWS,화성공장,A,274,15,94.53,22.884671532846713,44.63321167883212,2.785
2024-01-14,HWS,화성공장,B,268,4,98.51,23.225,45.25149253731343,2.799365671641791
2024-01-14,HWS,화성공장,C,32,5,84.38,22.91875,43.265625,2.8403125
2024-01-14,ULN,울산공장,A,883,36,95.92,22.880860702151754,44.66194790486976,2.7963306908267267
2024-01-14,ULN,울산공장,B,879,29,96.7,22.989419795221846,44.601592718998866,2.7986234357224116
2024-01-14,ULN,울산공장,C,102,12,88.24,22.5,44.410784313725486,2.768823529411765
2024-01-15,ASN,아산공장,A,431,17,96.06,22.86890951276102,45.30185614849188,2.817935034802784
2024-01-15,ASN,아산공장,B,491,21,95.72,23.164154786150714,44.269450101832994,2.811649694501018
2024-01-15,ASN,아산공장,C,69,3,95.65,22.663768115942027,45.0,2.8015942028985505
2024-01-15,GWJ,광주공장,A,280,7,97.5,23.376785714285713,44.29035714285714,2.798642857142857
2024-01-15,GWJ,광주공장,B,291,15,94.85,23.00549828178694,44.79553264604811,2.7847079037800686
2024-01-15,GWJ,광주공장,C,30,0,100.0,23.42,40.95333333333333,2.8689999999999998
2024-01-15,HWS,화성공장,A,300,9,97.0,22.979333333333333,44.381,2.7896
2024-01-15,HWS,화성공장,B,261,6,97.7,23.2264367816092,45.15862068965517,2.7824904214559387
2024-01-15,HWS,화성공장,C,43,3,93.02,23.36046511627907,43.406976744186046,2.8037209302325583
2024-01-15,ULN,울산공장,A,812,38,95.32,22.9506157635468,45.54162561576355,2.7950123152709363
2024-01-15,ULN,울산공장,B,877,39,95.55,23.038198403648803,45.23124287343216,2.79612314709236
2024-01-15,ULN,울산공장,C,106,7,93.4,22.868867924528303,45.403773584905665,2.7963207547169815
2024-01-16,ASN,아산공장,A,439,12,97.27,22.842824601366743,45.49088838268793,2.7987699316628705
2024-01-16,ASN,아산공장,B,471,24,94.9,23.16178343949045,45.06666666666667,2.7922505307855627
2024-01-16,ASN,아산공장,C,65,5,92.31,22.976923076923075,45.220000000000006,2.788
2024-01-16,GWJ,광주공장,A,296,15,94.93,22.93175675675676,45.14560810810811,2.788141891891892
2024-01-16,GWJ,광주공장,B,284,5,98.24,22.87288732394366,44.68732394366197,2.7996830985915495
2024-01-16,GWJ,광주공장,C,34,2,94.12,22.629411764705882,45.5264705882353,2.775588235294118
2024-01-16,HWS,화성공장,A,261,14,94.64,23.286590038314177,44.506130268199236,2.8210344827586207
2024-01-16,HWS,화성공장,B,277,13,95.31,23.106859205776175,45.46173285198556,2.776209386281588
2024-01-16,HWS,화성공장,C,33,1,96.97,22.496969696969696,42.448484848484846,2.8427272727272728
2024-01-16,ULN,울산공장,A,859,39,95.46,22.925494761350407,44.31059371362049,2.798125727590221
2024-01-16,ULN,울산공장,B,884,29,96.72,22.99140271493213,45.35950226244344,2.798721719457014
2024-01-16,ULN,울산공장,C,102,6,94.12,22.764705882352942,43.46470588235294,2.8156862745098037
2024-01-17,ASN,아산공장,A,452,13,97.12,22.98141592920354,44.76017699115044,2.802809734513274
2024-01-17,ASN,아산공장,B,437,19,95.65,22.98901601830664,45.68878718535469,2.812288329519451
2024-01-17,ASN,아산공장,C,50,4,92.0,22.486,45.16,2.813
2024-01-17,GWJ,광주공장,A,258,6,97.67,22.613178294573643,44.56976744186046,2.768565891472868
2024-01-17,GWJ,광주공장,B,285,8,97.19,22.64280701754386,44.78736842105263,2.7981052631578947
2024-01-17,GWJ,광주공장,C,39,3,92.31,22.012820512820515,45.88974358974359,2.7943589743589743
2024-01-17,HWS,화성공장,A,274,15,94.53,22.738321167883214,45.31970802919708,2.783905109489051
2024-01-17,HWS,화성공장,B,271,9,96.68,23.112546125461254,45.37527675276753,2.8053136531365315
2024-01-17,HWS,화성공장,C,37,4,89.19,22.383783783783784,45.26756756756757,2.6994594594594594
2024-01-17,ULN,울산공장,A,840,47,94.4,23.078333333333333,45.25714285714286,2.782035714285714
2024-01-17,ULN,울산공장,B,856,35,95.91,23.151518691588787,45.081074766355144,2.8200000000000003
2024-01-17,ULN,울산공장,C,104,5,95.19,22.85673076923077,44.89519230769231,2.821153846153846
2024-01-18,ASN,아산공장,A,456,22,95.18,23.107894736842105,44.25416666666667,2.8196052631578947
2024-01-18,ASN,아산공장,B,452,19,95.8,23.184513274336283,45.02522123893806,2.8108185840707964
2024-01-18,ASN,아산공장,C,61,3,95.08,23.668852459016392,46.03934426229508,2.815245901639344
2024-01-18,GWJ,광주공장,A,248,14,94.35,23.126209677419357,44.66895161290322,2.770040322580645
2024-01-18,GWJ,광주공장,B,291,12,95.88,23.06872852233677,45.42852233676976,2.805257731958763
2024-01-18,GWJ,광주공장,C,30,2,93.33,22.883333333333333,43.00666666666667,2.857666666666667
2024-01-18,HWS,화성공장,A,303,12,96.04,23.072277227722772,45.43069306930693,2.7812211221122114
2024-01-18,HWS,화성공장,B,275,8,97.09,22.948363636363638,45.465818181818186,2.7923999999999998
2024-01-18,HWS,화성공장,C,26,1,96.15,22.86923076923077,45.103846153846156,2.795769230769231
2024-01-18,ULN,울산공장,A,852,30,96.48,23.0806338028169,45.017253521126754,2.8024413145539904
2024-01-18,ULN,울산공장,B,894,33,96.31,22.93579418344519,45.07170022371365,2.7937695749440716
2024-01-18,ULN,울산공장,C,110,6,94.55,22.805454545454545,45.32272727272727,2.844818181818182
2024-01-19,ASN,아산공장,A,464,16,96.55,23.264008620689655,44.90301724137931,2.780280172413793
2024-01-19,ASN,아산공장,B,499,21,95.79,23.05851703406814,45.54769539078156,2.817414829659319
2024-01-19,ASN,아산공장,C,58,5,91.38,22.594827586206897,43.470689655172414,2.77
2024-01-19,GWJ,광주공장,A,299,9,96.99,23.06789297658863,44.03010033444816,2.7980267558528427
2024-01-19,GWJ,광주공장,B,249,9,96.39,23.190361445783132,44.53574297188755,2.8676706827309233
2024-01-19,GWJ,광주공장,C,36,5,86.11,22.561111111111114,45.25,2.756111111111111
2024-01-19,HWS,화성공장,A,268,6,97.76,23.21492537313433,44.424253731343285,2.7997388059701493
2024-01-19,HWS,화성공장,B,276,8,97.1,22.97173913043478,45.20471014492754,2.8153985507246375
2024-01-19,HWS,화성공장,C,31,2,93.55,22.86774193548387,43.5258064516129,2.818064516129032
2024-01-19,ULN,울산공장,A,791,35,95.58,23.06030341340076,45.154235145385584,2.793438685208597
2024-01-19,ULN,울산공장,B,778,27,96.53,22.947172236503857,45.168508997429306,2.817262210796915
2024-01-19,ULN,울산공장,C,121,5,95.87,23.412396694214877,44.94214876033058,2.8570247933884296
2024-01-20,ASN,아산공장,A,479,20,95.82,23.065762004175365,44.54342379958246,2.8145093945720254
2024-01-20,ASN,아산공장,B,443,21,95.26,23.04943566591422,44.809255079006775,2.784695259593679
2024-01-20,ASN,아산공장,C,49,3,93.88,22.375510204081635,44.31224489795919,2.8528571428571428
2024-01-20,GWJ,광주공장,A,259,8,96.91,22.846718146718146,44.35637065637065,2.7754054054054054
2024-01-20,GWJ,광주공장,B,304,11,96.38,22.832894736842103,44.79078947368421,2.812434210526316
2024-01-20,GWJ,광주공장,C,28,2,92.86,22.82857142857143,48.410714285714285,2.7803571428571425
2024-01-20,HWS,화성공장,A,282,9,96.81,22.83900709219858,45.66702127659575,2.8182624113475176
2024-01-20,HWS,화성공장,B,261,11,95.79,23.05134099616858,44.672413793103445,2.809272030651341
2024-01-20,HWS,화성공장,C,39,2,94.87,22.95897435897436,45.63846153846154,2.72051282051282
2024-01-20,ULN,울산공장,A,833,30,96.4,22.957743097238893,44.95402160864345,2.804909963985594
2024-01-20,ULN,울산공장,B,819,25,96.95,23.01013431013431,44.799511599511604,2.791868131868132
2024-01-20,ULN,울산공장,C,120,7,94.17,22.983333333333334,44.4875,2.825416666666667
2024-01-21,ASN,아산공장,A,482,19,96.06,23.03941908713693,44.60103734439834,2.8201659751037345
2024-01-21,ASN,아산공장,B,487,20,95.89,23.098562628336754,44.92012320328542,2.80170431211499
2024-01-21,ASN,아산공장,C,60,6,90.0,23.058333333333334,44.76833333333333,2.845833333333333
2024-01-21,GWJ,광주공장,A,270,15,94.44,23.137777777777778,44.69111111111111,2.843148148148148
2024-01-21,GWJ,광주공장,B,282,13,95.39,23.079432624113473,44.743971631205675,2.777872340425532
2024-01-21,GWJ,광주공장,C,32,3,90.62,23.046875,47.8625,2.790625
2024-01-21,HWS,화성공장,A,256,16,93.75,22.7984375,45.75390625,2.814765625
2024-01-21,HWS,화성공장,B,285,9,96.84,23.122105263157895,45.67508771929825,2.801438596491228
2024-01-21,HWS,화성공장,C,30,1,96.67,23.086666666666666,43.25333333333333,2.7796666666666665
2024-01-21,ULN,울산공장,A,823,37,95.5,22.901944106925882,45.16111786148238,2.8004131227217495
2024-01-21,ULN,울산공장,B,841,38,95.48,23.120808561236622,45.219381688466115,2.7851843043995244
2024-01-21,ULN,울산공장,C,98,5,94.9,23.21326530612245,45.83775510204082,2.8039795918367347
2024-01-22,ASN,아산공장,A,479,20,95.82,22.74676409185804,45.07891440501044,2.8026304801670148
2024-01-22,ASN,아산공장,B,473,19,95.98,23.007399577167018,44.70021141649049,2.7983086680761096
2024-01-22,ASN,아산공장,C,61,5,91.8,23.014754098360658,45.916393442622955,2.7340983606557376
2024-01-22,GWJ,광주공장,A,312,9,97.12,23.107371794871796,44.768269230769235,2.8148397435897436
2024-01-22,GWJ,광주공장,B,291,8,97.25,22.885910652920963,44.69621993127148,2.7907560137457046
2024-01-22,GWJ,광주공장,C,32,2,93.75,22.7875,44.721875,2.8271875
2024-01-22,HWS,화성공장,A,307,13,95.77,23.057328990228015,44.97361563517915,2.81814332247557
2024-01-22,HWS,화성공장,B,273,14,94.87,22.884981684981685,44.47545787545787,2.7772893772893776
2024-01-22,HWS,화성공장,C,34,3,91.18,22.620588235294118,43.08529411764706,2.853529411764706
2024-01-22,ULN,울산공장,A,835,40,95.21,23.025269461077844,45.297604790419165,2.792610778443114
2024-01-22,ULN,울산공장,B,850,32,96.24,22.698941176470587,45.18847058823529,2.797047058823529
2024-01-22,ULN,울산공장,C,125,12,90.4,23.262400000000003,46.096,2.79544
2024-01-23,ASN,아산공장,A,473,24,94.93,23.203594080338267,45.48879492600423,2.8196405919661736
2024-01-23,ASN,아산공장,B,486,15,96.91,23.174897119341562,44.84341563786008,2.792366255144033
2024-01-23,ASN,아산공장,C,50,4,92.0,22.826,43.952,2.8954000000000004
2024-01-23,GWJ,광주공장,A,290,22,92.41,22.833793103448276,45.313448275862065,2.8121724137931032
2024-01-23,GWJ,광주공장,B,275,13,95.27,23.14109090909091,45.70363636363636,2.7690545454545457
2024-01-23,GWJ,광주공장,C,35,0,100.0,22.26,45.065714285714286,2.6414285714285715
2024-01-23,HWS,화성공장,A,302,12,96.03,22.668211920529803,45.26225165562914,2.7913907284768213
2024-01-23,HWS,화성공장,B,269,10,96.28,23.039776951672863,44.54014869888476,2.7962453531598515
2024-01-23,HWS,화성공장,C,30,1,96.67,22.323333333333334,44.55333333333333,2.8303333333333334
2024-01-23,ULN,울산공장,A,814,37,95.45,23.244103194103197,44.95515970515971,2.7984152334152332
2024-01-23,ULN,울산공장,B,859,22,97.44,22.957625145518044,45.36635622817229,2.812013969732247
2024-01-23,ULN,울산공장,C,119,7,94.12,23.0,44.8235294117647,2.790504201680672
2024-01-24,ASN,아산공장,A,452,20,95.58,23.12853982300885,44.696460176991145,2.8013053097345133
2024-01-24,ASN,아산공장,B,466,18,96.14,23.178111587982833,45.04549356223176,2.7849999999999997
2024-01-24,ASN,아산공장,C,63,5,92.06,23.16984126984127,44.60793650793651,2.833650793650794
2024-01-24,GWJ,광주공장,A,296,10,96.62,23.147635135135136,44.16283783783784,2.8018243243243246
2024-01-24,GWJ,광주공장,B,261,9,96.55,22.889655172413793,45.34099616858238,2.829425287356322
2024-01-24,GWJ,광주공장,C,35,5,85.71,23.05142857142857,46.95428571428572,2.9099999999999997
2024-01-24,HWS,화성공장,A,297,11,96.3,22.914141414141415,45.08888888888889,2.7882828282828283
2024-01-24,HWS,화성공장,B,302,6,98.01,23.17152317880795,44.7317880794702,2.7603973509933772
2024-01-24,HWS,화성공장,C,39,2,94.87,23.358974358974358,44.825641025641026,2.811025641025641
2024-01-24,ULN,울산공장,A,832,31,96.27,23.139543269230767,44.98317307692308,2.805432692307692
2024-01-24,ULN,울산공장,B,822,34,95.86,22.944768856447688,45.61143552311435,2.8020316301703163
2024-01-24,ULN,울산공장,C,129,12,90.7,22.54108527131783,44.798449612403104,2.7565116279069763
2024-01-25,ASN,아산공장,A,492,14,97.15,23.00447154471545,45.0910569105691,2.8017073170731708
2024-01-25,ASN,아산공장,B,458,20,95.63,23.12117903930131,44.943231441048034,2.7975764192139736
2024-01-25,ASN,아산공장,C,62,8,87.1,22.901612903225807,45.274193548387096,2.774677419354839
2024-01-25,GWJ,광주공장,A,289,13,95.5,23.106574394463667,45.950865051903115,2.8004844290657442
2024-01-25,GWJ,광주공장,B,299,16,94.65,22.918060200668897,44.130434782608695,2.7902341137123745
2024-01-25,GWJ,광주공장,C,38,0,100.0,23.17105263157895,43.73421052631579,2.8084210526315787
2024-01-25,HWS,화성공장,A,289,12,95.85,23.04636678200692,44.63910034602076,2.8157093425605537
2024-01-25,HWS,화성공장,B,285,5,98.25,23.107368421052634,44.2259649122807,2.8231929824561406
2024-01-25,HWS,화성공장,C,29,2,93.1,23.06206896551724,44.15172413793104,2.8137931034482757
2024-01-25,ULN,울산공장,A,847,36,95.75,23.08358913813459,45.20590318772137,2.8079929161747343
2024-01-25,ULN,울산공장,B,879,18,97.95,22.913083048919226,44.9674630261661,2.8042889647326503
2024-01-25,ULN,울산공장,C,96,5,94.79,22.98125,43.90729166666667,2.786354166666667
2024-01-26,ASN,아산공장,A,470,17,96.38,23.042127659574465,44.895106382978724,2.817872340425532
2024-01-26,ASN,아산공장,B,408,17,95.83,22.896813725490194,44.77720588235294,2.7963480392156863
2024-01-26,ASN,아산공장,C,59,1,98.31,22.805084745762713,46.30169491525424,2.723728813559322
2024-01-26,GWJ,광주공장,A,275,11,96.0,22.825818181818182,45.16690909090909,2.779818181818182
2024-01-26,GWJ,광주공장,B,286,11,96.15,22.848251748251748,44.67972027972028,2.7616083916083918
2024-01-26,GWJ,광주공장,C,34,4,88.24,23.147058823529413,45.48823529411764,2.791764705882353
2024-01-26,HWS,화성공장,A,234,11,95.3,23.208547008547008,45.15726495726496,2.8274786324786323
2024-01-26,HWS,화성공장,B,265,8,96.98,23.053962264150943,45.34679245283019,2.780528301886793
2024-01-26,HWS,화성공장,C,44,3,93.18,23.49318181818182,44.288636363636364,2.8575
2024-01-26,ULN,울산공장,A,871,33,96.21,23.018599311136626,44.75947187141217,2.792273249138921
2024-01-26,ULN,울산공장,B,777,26,96.65,23.014285714285712,45.28326898326898,2.798249678249678
2024-01-26,ULN,울산공장,C,123,4,96.75,22.694308943089432,45.198373983739835,2.8129268292682927
2024-01-27,ASN,아산공장,A,464,26,94.4,22.95883620689655,45.27672413793104,2.7821551724137934
2024-01-27,ASN,아산공장,B,431,11,97.45,23.08051044083527,45.75545243619489,2.823781902552204
2024-01-27,ASN,아산공장,C,65,5,92.31,23.73076923076923,45.096923076923076,2.8153846153846156
2024-01-27,GWJ,광주공장,A,239,6,97.49,23.197071129707115,45.27991631799163,2.7921338912133895
2024-01-27,GWJ,광주공장,B,271,13,95.2,23.123247232472323,44.30147601476015,2.790221402214022
2024-01-27,GWJ,광주공장,C,40,4,90.0,22.645,44.94,2.7672499999999998
2024-01-27,HWS,화성공장,A,282,14,95.04,23.02836879432624,45.37624113475177,2.773581560283688
2024-01-27,HWS,화성공장,B,293,8,97.27,22.520819112627986,44.15119453924915,2.8023208191126283
2024-01-27,HWS,화성공장,C,41,1,97.56,23.653658536585365,45.19512195121951,2.7575609756097563
2024-01-27,ULN,울산공장,A,859,30,96.51,23.037369033760186,44.99499417927823,2.796263096623981
2024-01-27,ULN,울산공장,B,855,31,96.37,22.99345029239766,45.35157894736842,2.791614035087719
2024-01-27,ULN,울산공장,C,107,5,95.33,22.791588785046727,45.9607476635514,2.81607476635514
2024-01-28,ASN,아산공장,A,469,23,95.1,22.774200426439233,45.30852878464819,2.8247121535181234
2024-01-28,ASN,아산공장,B,453,17,96.25,23.011699779249447,44.721192052980136,2.831810154525386
2024-01-28,ASN,아산공장,C,58,2,96.55,22.882758620689657,41.19655172413793,2.7520689655172417
2024-01-28,GWJ,광주공장,A,267,13,95.13,23.219850187265916,44.59737827715356,2.783370786516854
2024-01-28,GWJ,광주공장,B,286,13,95.45,22.5493006993007,44.7506993006993,2.8017832167832166
2024-01-28,GWJ,광주공장,C,37,1,97.3,23.07027027027027,46.28648648648648,2.7978378378378377
2024-01-28,HWS,화성공장,A,330,9,97.27,22.953636363636363,45.72666666666667,2.7879393939393937
2024-01-28,HWS,화성공장,B,268,10,96.27,22.606716417910448,44.86044776119403,2.8019776119402984
2024-01-28,HWS,화성공장,C,31,2,93.55,23.048387096774192,45.435483870967744,2.740322580645161
2024-01-28,ULN,울산공장,A,842,27,96.79,22.950950118764847,45.1103325415677,2.806437054631829
2024-01-28,ULN,울산공장,B,810,41,94.94,23.105925925925924,44.79901234567901,2.7997283950617287
2024-01-28,ULN,울산공장,C,118,7,94.07,22.946610169491525,45.648305084745765,2.797033898305085
2024-01-29,ASN,아산공장,A,425,14,96.71,22.977882352941176,45.68517647058824,2.7899058823529415
2024-01-29,ASN,아산공장,B,450,13,97.11,23.198,45.226,2.8138666666666667
2024-01-29,ASN,아산공장,C,60,3,95.0,23.236666666666668,46.45,2.8316666666666666
2024-01-29,GWJ,광주공장,A,286,12,95.8,22.827972027972027,45.45104895104895,2.815034965034965
2024-01-29,GWJ,광주공장,B,279,10,96.42,22.729749103942655,45.61075268817204,2.8015770609318995
2024-01-29,GWJ,광주공장,C,34,2,94.12,22.829411764705885,44.96176470588235,2.7926470588235297
2024-01-29,HWS,화성공장,A,321,11,96.57,22.942679127725857,44.3607476635514,2.8186915887850468
2024-01-29,HWS,화성공장,B,277,16,94.22,23.144043321299637,44.412996389891696,2.7856317689530687
2024-01-29,HWS,화성공장,C,31,5,83.87,23.229032258064517,40.851612903225806,2.737741935483871
2024-01-29,ULN,울산공장,A,841,30,96.43,23.15909631391201,45.217954815695606,2.806087990487515
2024-01-29,ULN,울산공장,B,862,36,95.82,23.073317865429235,45.19338747099768,2.807691415313225
2024-01-29,ULN,울산공장,C,103,5,95.15,23.07281553398058,46.2009708737864,2.8489320388349513
2024-01-30,ASN,아산공장,A,474,25,94.73,22.826793248945147,44.927004219409284,2.7874683544303798
2024-01-30,ASN,아산공장,B,470,14,97.02,23.36255319148936,45.26489361702128,2.798
2024-01-30,ASN,아산공장,C,71,8,88.73,22.864788732394366,46.750704225352116,2.829718309859155
2024-01-30,GWJ,광주공장,A,248,6,97.58,22.638306451612905,44.61451612903225,2.8056854838709677
2024-01-30,GWJ,광주공장,B,285,10,96.49,23.10421052631579,45.401754385964914,2.8151228070175436
2024-01-30,GWJ,광주공장,C,28,0,100.0,22.74642857142857,42.771428571428565,2.697857142857143
2024-01-30,HWS,화성공장,A,285,12,95.79,22.82,44.59052631578947,2.7772280701754384
2024-01-30,HWS,화성공장,B,253,8,96.84,22.867984189723323,44.24229249011857,2.8281422924901185
2024-01-30,HWS,화성공장,C,39,2,94.87,22.125641025641023,44.41538461538462,2.708974358974359
2024-01-30,ULN,울산공장,A,815,30,96.32,23.136319018404905,45.010306748466256,2.7886625766871167
2024-01-30,ULN,울산공장,B,801,30,96.25,23.133333333333333,45.153558052434455,2.813071161048689
2024-01-30,ULN,울산공장,C,105,9,91.43,22.88095238095238,45.319047619047616,2.833809523809524
2024-01-31,ASN,아산공장,A,470,17,96.38,23.075531914893617,44.86872340425532,2.779553191489362
2024-01-31,ASN,아산공장,B,411,17,95.86,23.225790754257904,44.61678832116788,2.798661800486618
2024-01-31,ASN,아산공장,C,62,8,87.1,23.279032258064515,43.58064516129032,2.813064516129032
2024-01-31,GWJ,광주공장,A,269,17,93.68,22.919702602230483,45.11895910780669,2.8103345724907065
2024-01-31,GWJ,광주공장,B,284,12,95.77,23.44049295774648,44.84366197183099,2.778767605633803
2024-01-31,GWJ,광주공장,C,38,1,97.37,23.226315789473684,43.13421052631579,2.8323684210526316
2024-01-31,HWS,화성공장,A,269,13,95.17,22.92267657992565,45.06877323420074,2.799739776951673
2024-01-31,HWS,화성공장,B,317,15,95.27,23.062460567823344,44.441324921135646,2.780757097791798
2024-01-31,HWS,화성공장,C,33,2,93.94,23.21212121212121,46.61515151515152,2.811212121212121
2024-01-31,ULN,울산공장,A,852,39,95.42,23.009976525821596,45.27946009389671,2.813838028169014
2024-01-31,ULN,울산공장,B,917,20,97.82,23.040130861504906,44.85736095965103,2.78856052344602
2024-01-31,ULN,울산공장,C,98,4,95.92,22.189795918367345,45.83775510204082,2.7862244897959183
2024-02-01,ASN,아산공장,A,491,16,96.74,23.070061099796334,44.717922606924645,2.7874134419551932
2024-02-01,ASN,아산공장,B,453,8,98.23,23.20441501103753,44.879690949227374,2.8011037527593823
2024-02-01,ASN,아산공장,C,50,4,92.0,22.998,45.79,2.8262
2024-02-01,GWJ,광주공장,A,276,9,96.74,23.076811594202898,44.27463768115942,2.823768115942029
2024-02-01,GWJ,광주공장,B,246,8,96.75,22.880081300813007,44.63658536585366,2.7946747967479677
2024-02-01,GWJ,광주공장,C,45,4,91.11,23.288888888888888,46.30888888888889,2.7760000000000002
2024-02-01,HWS,화성공장,A,256,17,93.36,23.352734375,45.884375,2.814609375
2024-02-01,HWS,화성공장,B,295,11,96.27,23.1264406779661,45.237966101694916,2.787050847457627
2024-02-01,HWS,화성공장,C,30,0,100.0,22.84,43.983333333333334,2.731666666666667
2024-02-01,ULN,울산공장,A,811,34,95.81,22.899753390875464,45.02663378545006,2.8043156596794083
2024-02-01,ULN,울산공장,B,823,27,96.72,22.932563791008505,44.58724179829891,2.8110935601458085
2024-02-01,ULN,울산공장,C,122,6,95.08,22.64016393442623,45.468032786885246,2.7950819672131146
2024-02-02,ASN,아산공장,A,490,16,96.73,22.96,45.27183673469388,2.7907755102040817
2024-02-02,ASN,아산공장,B,485,21,95.67,22.968247422680413,45.75752577319588,2.76360824742268
2024-02-02,ASN,아산공장,C,69,2,97.1,23.12608695652174,45.36086956521739,2.824492753623188
2024-02-02,GWJ,광주공장,A,275,11,96.0,22.858545454545457,45.568000000000005,2.8103636363636366
2024-02-02,GWJ,광주공장,B,283,10,96.47,23.208833922261487,44.83462897526502,2.7978091872791517
2024-02-02,GWJ,광주공장,C,36,2,94.44,22.694444444444443,47.394444444444446,2.8216666666666668
2024-02-02,HWS,화성공장,A,268,9,96.64,23.255970149253734,44.44589552238806,2.800410447761194
2024-02-02,HWS,화성공장,B,266,8,96.99,23.362406015037593,45.11052631578947,2.7607142857142857
2024-02-02,HWS,화성공장,C,31,1,96.77,22.64516129032258,45.58064516129032,2.8164516129032258
2024-02-02,ULN,울산공장,A,854,44,94.85,22.920491803278686,44.68348946135831,2.8171896955503515
2024-02-02,ULN,울산공장,B,827,26,96.86,22.82503022974607,45.19661426844014,2.7860459492140266
2024-02-02,ULN,울산공장,C,95,6,93.68,23.33157894736842,45.142105263157895,2.7911578947368425
2024-02-03,ASN,아산공장,A,466,22,95.28,23.155150214592272,45.082618025751074,2.7664163090128757
2024-02-03,ASN,아산공장,B,439,19,95.67,23.023006833712984,45.24578587699317,2.80255125284738
2024-02-03,ASN,아산공장,C,64,2,96.88,23.3578125,46.609375,2.824375
2024-02-03,GWJ,광주공장,A,279,15,94.62,22.95663082437276,45.672759856630826,2.7937275985663086
2024-02-03,GWJ,광주공장,B,290,7,97.59,23.108275862068965,45.21241379310345,2.7860689655172415
2024-02-03,GWJ,광주공장,C,32,2,93.75,23.040625,44.99375,2.75125
2024-02-03,HWS,화성공장,A,256,10,96.09,23.338671875,44.223828125,2.745625
2024-02-03,HWS,화성공장,B,295,13,95.59,22.996271186440676,44.91932203389831,2.7770169491525425
2024-02-03,HWS,화성공장,C,34,5,85.29,22.208823529411767,46.98823529411764,2.792058823529412
2024-02-03,ULN,울산공장,A,846,33,96.1,23.031087470449172,44.93037825059101,2.8026950354609927
2024-02-03,ULN,울산공장,B,844,30,96.45,22.887203791469194,45.47760663507109,2.793542654028436
2024-02-03,ULN,울산공장,C,107,5,95.33,22.966355140186916,43.89439252336449,2.774018691588785
2024-02-04,ASN,아산공장,A,503,25,95.03,23.130218687872762,44.544532803180914,2.809224652087475
2024-02-04,ASN,아산공장,B,473,19,95.98,22.853911205073995,44.953911205074,2.786321353065539
2024-02-04,ASN,아산공장,C,55,1,98.18,23.565454545454543,45.776363636363634,2.786363636363636
2024-02-04,GWJ,광주공장,A,282,15,94.68,23.068085106382977,45.076241134751776,2.7913475177304963
2024-02-04,GWJ,광주공장,B,289,7,97.58,23.206228373702423,45.53287197231834,2.7844290657439448
2024-02-04,GWJ,광주공장,C,36,4,88.89,22.538888888888888,47.75277777777777,2.8691666666666666
2024-02-04,HWS,화성공장,A,298,11,96.31,23.19026845637584,45.61208053691275,2.836744966442953
2024-02-04,HWS,화성공장,B,269,14,94.8,23.197026022304833,44.85278810408922,2.822193308550186
2024-02-04,HWS,화성공장,C,24,1,95.83,23.537499999999998,43.07083333333333,2.6770833333333335
2024-02-04,ULN,울산공장,A,877,43,95.1,22.99612314709236,44.67594070695554,2.796613454960091
2024-02-04,ULN,울산공장,B,898,35,96.1,22.9902004454343,45.122828507795106,2.8022160356347436
2024-02-04,ULN,울산공장,C,107,7,93.46,22.628037383177567,45.70841121495327,2.8071028037383177
2024-02-05,ASN,아산공장,A,510,22,95.69,23.033333333333335,44.583333333333336,2.8156274509803922
2024-02-05,ASN,아산공장,B,465,16,96.56,23.023010752688172,44.600860215053764,2.79105376344086
2024-02-05,ASN,아산공장,C,54,4,92.59,22.946296296296296,44.64259259259259,2.8274074074074074
2024-02-05,GWJ,광주공장,A,279,18,93.55,22.8910394265233,43.62222222222222,2.836559139784946
2024-02-05,GWJ,광주공장,B,287,10,96.52,23.404878048780485,44.52961672473867,2.801289198606272
2024-02-05,GWJ,광주공장,C,33,2,93.94,24.23939393939394,44.766666666666666,2.8066666666666666
2024-02-05,HWS,화성공장,A,307,10,96.74,23.254071661237784,45.38827361563518,2.7972638436482082
2024-02-05,HWS,화성공장,B,265,11,95.85,22.907169811320752,44.78716981132076,2.7895849056603774
2024-02-05,HWS,화성공장,C,39,3,92.31,23.653846153846153,43.41282051282051,2.8687179487179484
2024-02-05,ULN,울산공장,A,828,28,96.62,22.957367149758454,45.27270531400966,2.8152294685990342
2024-02-05,ULN,울산공장,B,843,36,95.73,23.043534994068803,45.03973902728351,2.7873190984578886
2024-02-05,ULN,울산공장,C,80,7,91.25,23.23375,44.4425,2.7966249999999997
2024-02-06,ASN,아산공장,A,485,21,95.67,23.022474226804125,45.13917525773196,2.7903505154639174
2024-02-06,ASN,아산공장,B,452,21,95.35,22.818805309734515,44.776769911504424,2.7883849557522122
2024-02-06,ASN,아산공장,C,63,4,93.65,23.011111111111113,45.60793650793651,2.8723809523809525
2024-02-06,GWJ,광주공장,A,297,11,96.3,23.081144781144783,45.466329966329965,2.7772053872053872
2024-02-06,GWJ,광주공장,B,288,7,97.57,22.78402777777778,45.69965277777778,2.7920486111111114
2024-02-06,GWJ,광주공장,C,44,2,95.45,22.974999999999998,46.12045454545454,2.725
2024-02-06,HWS,화성공장,A,265,6,97.74,23.023773584905662,45.097735849056605,2.799245283018868
2024-02-06,HWS,화성공장,B,268,10,96.27,22.949253731343283,44.9839552238806,2.8104104477611944
2024-02-06,HWS,화성공장,C,36,0,100.0,23.61388888888889,44.702777777777776,2.7930555555555556
2024-02-06,ULN,울산공장,A,788,37,95.3,23.156598984771577,44.799746192893394,2.787220812182741
2024-02-06,ULN,울산공장,B,829,31,96.26,22.94270205066345,45.23051869722557,2.813679131483715
2024-02-06,ULN,울산공장,C,115,9,92.17,23.21391304347826,45.13652173913043,2.747478260869565
2024-02-07,ASN,아산공장,A,477,18,96.23,23.10167714884696,45.034381551362685,2.7948218029350107
2024-02-07,ASN,아산공장,B,457,20,95.62,22.798030634573305,44.331291028446394,2.7868490153172867
2024-02-07,ASN,아산공장,C,68,1,98.53,22.572058823529414,44.15735294117647,2.8188235294117647
2024-02-07,GWJ,광주공장,A,274,9,96.72,23.066423357664235,44.768248175182485,2.7884306569343065
2024-02-07,GWJ,광주공장,B,265,7,97.36,22.996981132075472,45.55396226415094,2.8178490566037735
2024-02-07,GWJ,광주공장,C,31,1,96.77,22.690322580645162,44.487096774193546,2.8077419354838713
2024-02-07,HWS,화성공장,A,274,12,95.62,22.625912408759124,46.23540145985402,2.79478102189781
2024-02-07,HWS,화성공장,B,295,11,96.27,22.871186440677967,44.16508474576271,2.8014576271186438
2024-02-07,HWS,화성공장,C,45,2,95.56,22.5,43.24888888888889,2.8064444444444443
2024-02-07,ULN,울산공장,A,849,36,95.76,23.012367491166078,44.91790341578328,2.8047703180212014
2024-02-07,ULN,울산공장,B,826,28,96.61,22.866101694915255,45.12058111380145,2.811089588377724
2024-02-07,ULN,울산공장,C,97,6,93.81,22.559793814432993,45.296907216494844,2.852577319587629
2024-02-08,ASN,아산공장,A,474,19,95.99,23.01772151898734,44.13291139240506,2.794535864978903
2024-02-08,ASN,아산공장,B,462,13,97.19,22.917532467532467,45.26991341991342,2.79504329004329
2024-02-08,ASN,아산공장,C,48,2,95.83,22.347916666666666,44.05833333333334,2.7883333333333336
2024-02-08,GWJ,광주공장,A,278,13,95.32,22.903956834532377,45.95611510791367,2.803453237410072
2024-02-08,GWJ,광주공장,B,296,10,96.62,22.986486486486488,44.80878378378378,2.781385135135135
2024-02-08,GWJ,광주공장,C,29,3,89.66,23.193103448275863,47.20344827586207,2.8189655172413794
2024-02-08,HWS,화성공장,A,281,14,95.02,23.269750889679717,45.10391459074734,2.7805338078291815
2024-02-08,HWS,화성공장,B,302,8,97.35,22.999668874172183,44.824503311258276,2.823112582781457
2024-02-08,HWS,화성공장,C,56,2,96.43,23.273214285714285,43.9625,2.754642857142857
2024-02-08,ULN,울산공장,A,860,39,95.47,22.963720930232558,45.12046511627907,2.813127906976744
2024-02-08,ULN,울산공장,B,842,32,96.2,22.9853919239905,45.32636579572447,2.7916508313539192
2024-02-08,ULN,울산공장,C,94,5,94.68,22.945744680851064,45.64468085106383,2.7941489361702123
2024-02-09,ASN,아산공장,A,475,15,96.84,22.956,45.24442105263157,2.7908421052631582
2024-02-09,ASN,아산공장,B,482,25,94.81,23.319087136929458,44.82427385892116,2.7692116182572613
2024-02-09,ASN,아산공장,C,59,3,94.92,23.747457627118642,44.52033898305084,2.7930508474576268
2024-02-09,GWJ,광주공장,A,283,8,97.17,22.810600706713778,45.66572438162544,2.798233215547703
2024-02-09,GWJ,광주공장,B,295,10,96.61,22.79491525423729,45.12101694915255,2.8246101694915255
2024-02-09,GWJ,광주공장,C,47,6,87.23,23.023404255319146,43.65744680851064,2.77531914893617
2024-02-09,HWS,화성공장,A,284,16,94.37,23.083098591549298,45.00176056338028,2.805035211267606
2024-02-09,HWS,화성공장,B,267,8,97.0,23.331835205992512,44.79138576779026,2.8035580524344565
2024-02-09,HWS,화성공장,C,31,2,93.55,24.067741935483873,45.39354838709678,2.8638709677419354
2024-02-09,ULN,울산공장,A,795,34,95.72,22.959371069182392,44.43522012578617,2.814
2024-02-09,ULN,울산공장,B,849,30,96.47,22.882449941107186,45.07420494699647,2.8001766784452298
2024-02-09,ULN,울산공장,C,95,4,95.79,23.255789473684214,43.86631578947369,2.7442105263157894
2024-02-10,ASN,아산공장,A,477,19,96.02,22.82054507337526,45.58511530398322,2.800901467505241
2024-02-10,ASN,아산공장,B,480,14,97.08,23.158333333333335,44.65979166666667,2.8177499999999998
2024-02-10,ASN,아산공장,C,76,2,97.37,23.346052631578946,45.61052631578948,2.8101315789473684
2024-02-10,GWJ,광주공장,A,285,9,96.84,23.052280701754384,44.100701754385966,2.804561403508772
2024-02-10,GWJ,광주공장,B,287,9,96.86,23.073867595818815,43.702787456445996,2.80801393728223
2024-02-10,GWJ,광주공장,C,38,1,97.37,22.28684210526316,44.205263157894734,2.8428947368421054
2024-02-10,HWS,화성공장,A,273,15,94.51,22.954578754578755,45.087545787545785,2.805018315018315
2024-02-10,HWS,화성공장,B,304,13,95.72,23.218421052631577,44.58059210526316,2.7917763157894737
2024-02-10,HWS,화성공장,C,38,2,94.74,23.326315789473682,44.37105263157895,2.744736842105263
2024-02-10,ULN,울산공장,A,831,39,95.31,23.110709987966306,45.07942238267148,2.7736462093862815
2024-02-10,ULN,울산공장,B,867,37,95.73,22.84613610149942,44.938638985005774,2.8049134948096888
2024-02-10,ULN,울산공장,C,104,4,96.15,22.904807692307692,44.60865384615385,2.773942307692308
2024-02-11,ASN,아산공장,A,529,24,95.46,22.8351606805293,44.420415879017014,2.7993572778827978
2024-02-11,ASN,아산공장,B,476,16,96.64,23.086764705882352,44.74810924369748,2.8175840336134454
2024-02-11,ASN,아산공장,C,42,3,92.86,22.72142857142857,43.885714285714286,2.8395238095238096
2024-02-11,GWJ,광주공장,A,280,12,95.71,23.08892857142857,45.113571428571426,2.7719285714285715
2024-02-11,GWJ,광주공장,B,282,12,95.74,22.977659574468085,44.95035460992908,2.8014893617021275
2024-02-11,GWJ,광주공장,C,37,6,83.78,23.4027027027027,43.894594594594594,2.654054054054054
2024-02-11,HWS,화성공장,A,294,15,94.9,22.858503401360544,44.47551020408163,2.815
2024-02-11,HWS,화성공장,B,252,9,96.43,22.91190476190476,45.17896825396826,2.8005555555555555
2024-02-11,HWS,화성공장,C,27,0,100.0,22.8,45.6,2.785185185185185
2024-02-11,ULN,울산공장,A,798,35,95.61,23.03734335839599,44.777944862155394,2.7857142857142856
2024-02-11,ULN,울산공장,B,852,27,96.83,23.05504694835681,44.79413145539906,2.7988145539906104
2024-02-11,ULN,울산공장,C,105,7,93.33,23.113333333333333,44.72857142857143,2.802666666666666
2024-02-12,ASN,아산공장,A,461,15,96.75,23.03947939262473,44.23709327548807,2.770867678958785
2024-02-12,ASN,아산공장,B,458,19,95.85,22.902401746724887,44.22248908296944,2.8045414847161574
2024-02-12,ASN,아산공장,C,58,3,94.83,22.908620689655173,43.65172413793104,2.797758620689655
2024-02-12,GWJ,광주공장,A,284,10,96.48,22.85669014084507,44.846830985915496,2.8071478873239437
2024-02-12,GWJ,광주공장,B,290,11,96.21,23.189310344827586,45.19689655172414,2.821586206896552
2024-02-12,GWJ,광주공장,C,37,3,91.89,22.42972972972973,42.88108108108108,2.85
2024-02-12,HWS,화성공장,A,276,10,96.38,22.772101449275365,44.05942028985507,2.801123188405797
2024-02-12,HWS,화성공장,B,293,13,95.56,22.986348122866893,44.91501706484642,2.787986348122867
2024-02-12,HWS,화성공장,C,37,2,94.59,22.65945945945946,45.82702702702702,2.829189189189189
2024-02-12,ULN,울산공장,A,821,32,96.1,23.023751522533495,45.173690621193664,2.7755298416565166
2024-02-12,ULN,울산공장,B,838,29,96.54,23.052028639618136,45.57505966587112,2.8154773269689737
2024-02-12,ULN,울산공장,C,103,6,94.17,22.897087378640776,45.54854368932039,2.7680582524271844
2024-02-13,ASN,아산공장,A,470,8,98.3,22.984468085106386,45.27042553191489,2.812276595744681
2024-02-13,ASN,아산공장,B,444,15,96.62,22.955855855855855,45.24954954954955,2.8034684684684685
2024-02-13,ASN,아산공장,C,69,6,91.3,22.40434782608696,45.85217391304348,2.8518840579710143
2024-02-13,GWJ,광주공장,A,269,10,96.28,22.87509293680297,45.66951672862454,2.7856877323420077
2024-02-13,GWJ,광주공장,B,297,19,93.6,23.136363636363637,44.925925925925924,2.8013804713804715
2024-02-13,GWJ,광주공장,C,35,3,91.43,22.568571428571428,44.00285714285714,2.737142857142857
2024-02-13,HWS,화성공장,A,284,15,94.72,23.091549295774648,45.315140845070424,2.8153169014084507
2024-02-13,HWS,화성공장,B,262,8,96.95,23.119465648854963,45.162213740458014,2.803969465648855
2024-02-13,HWS,화성공장,C,42,2,95.24,23.08095238095238,44.91190476190476,2.875714285714286
2024-02-13,ULN,울산공장,A,900,33,96.33,23.119777777777777,45.05777777777778,2.783833333333333
2024-02-13,ULN,울산공장,B,852,26,96.95,23.049413145539905,45.01103286384976,2.788333333333333
2024-02-13,ULN,울산공장,C,121,9,92.56,23.389256198347105,45.50578512396694,2.7952892561983473
2024-02-14,ASN,아산공장,A,438,22,94.98,23.032876712328765,44.12762557077626,2.8035844748858447
2024-02-14,ASN,아산공장,B,463,19,95.9,22.940820734341255,44.44643628509719,2.7800000000000002
2024-02-14,ASN,아산공장,C,45,1,97.78,23.666666666666668,45.620000000000005,2.800222222222222
2024-02-14,GWJ,광주공장,A,281,11,96.09,23.126690391459075,45.00071174377224,2.7444128113879
2024-02-14,GWJ,광주공장,B,275,6,97.82,23.025090909090906,45.49563636363636,2.781490909090909
2024-02-14,GWJ,광주공장,C,29,1,96.55,22.21379310344828,45.70344827586207,2.7344827586206897
2024-02-14,HWS,화성공장,A,311,11,96.46,22.85434083601286,44.69260450160772,2.812829581993569
2024-02-14,HWS,화성공장,B,282,16,94.33,23.06595744680851,44.92198581560284,2.7701773049645393
2024-02-14,HWS,화성공장,C,37,2,94.59,22.82702702702703,44.535135135135135,2.7424324324324325
2024-02-14,ULN,울산공장,A,821,34,95.86,23.092326431181487,45.39025578562728,2.790609013398295
2024-02-14,ULN,울산공장,B,800,36,95.5,22.860875,44.822375,2.8002499999999997
2024-02-14,ULN,울산공장,C,115,3,97.39,23.190434782608698,46.12608695652174,2.7753913043478264
2024-02-15,ASN,아산공장,A,444,20,95.5,22.886936936936934,44.55563063063063,2.8154054054054054
2024-02-15,ASN,아산공장,B,451,24,94.68,22.926829268292682,45.45654101995566,2.809068736141907
2024-02-15,ASN,아산공장,C,56,4,92.86,22.825,43.33571428571429,2.746785714285714
2024-02-15,GWJ,광주공장,A,267,11,95.88,23.069662921348314,44.58988764044944,2.7868539325842696
2024-02-15,GWJ,광주공장,B,286,11,96.15,23.068181818181817,44.576573426573425,2.790524475524476
2024-02-15,GWJ,광주공장,C,36,2,94.44,23.116666666666667,45.15833333333333,2.8213888888888885
2024-02-15,HWS,화성공장,A,276,16,94.2,22.68623188405797,45.2768115942029,2.825072463768116
2024-02-15,HWS,화성공장,B,265,15,94.34,23.074716981132077,44.37547169811321,2.780339622641509
2024-02-15,HWS,화성공장,C,44,1,97.73,22.438636363636363,44.268181818181816,2.791590909090909
2024-02-15,ULN,울산공장,A,842,33,96.08,22.805938242280284,45.15344418052256,2.8186817102137764
2024-02-15,ULN,울산공장,B,831,27,96.75,22.999518652226232,45.136823104693136,2.7998555956678697
2024-02-15,ULN,울산공장,C,83,6,92.77,22.985542168674698,44.13132530120482,2.8289156626506027
2024-02-16,ASN,아산공장,A,461,16,96.53,22.995661605206074,45.17960954446855,2.834859002169197
2024-02-16,ASN,아산공장,B,429,18,95.8,22.856643356643357,45.1979020979021,2.823006993006993
2024-02-16,ASN,아산공장,C,66,4,93.94,23.115151515151513,45.60757575757576,2.826212121212121
2024-02-16,GWJ,광주공장,A,279,14,94.98,23.025448028673836,44.93333333333333,2.802293906810036
2024-02-16,GWJ,광주공장,B,247,9,96.36,23.28259109311741,44.49676113360324,2.8197975708502026
2024-02-16,GWJ,광주공장,C,28,2,92.86,23.15357142857143,42.93214285714286,2.7460714285714287
2024-02-16,HWS,화성공장,A,292,12,95.89,22.677397260273974,45.028424657534245,2.79263698630137
2024-02-16,HWS,화성공장,B,276,14,94.93,22.87427536231884,44.029347826086955,2.7780797101449277
2024-02-16,HWS,화성공장,C,37,2,94.59,22.537837837837838,46.25945945945946,2.7716216216216214
2024-02-16,ULN,울산공장,A,835,43,94.85,22.864550898203596,45.390778443113774,2.7845988023952093
2024-02-16,ULN,울산공장,B,848,21,97.52,22.79952830188679,44.40790094339623,2.7914740566037737
2024-02-16,ULN,울산공장,C,108,6,94.44,23.33425925925926,44.354629629629635,2.8299074074074073
2024-02-17,ASN,아산공장,A,465,19,95.91,23.078279569892473,44.55956989247312,2.801806451612903
2024-02-17,ASN,아산공장,B,455,21,95.38,23.021098901098902,44.58439560439561,2.8006373626373624
2024-02-17,ASN,아산공장,C,51,3,94.12,22.533333333333335,46.52549019607844,2.7631372549019604
2024-02-17,GWJ,광주공장,A,276,10,96.38,22.830434782608695,45.198188405797104,2.760398550724638
2024-02-17,GWJ,광주공장,B,280,14,95.0,23.031071428571426,44.88928571428571,2.8042857142857143
2024-02-17,GWJ,광주공장,C,37,4,89.19,23.11891891891892,46.894594594594594,2.8162162162162163
2024-02-17,HWS,화성공장,A,300,12,96.0,23.210333333333335,45.443333333333335,2.782
2024-02-17,HWS,화성공장,B,279,9,96.77,23.036559139784945,45.354838709677416,2.829247311827957
2024-02-17,HWS,화성공장,C,26,1,96.15,22.673076923076923,45.861538461538466,2.813846153846154
2024-02-17,ULN,울산공장,A,835,45,94.61,23.000958083832334,45.05568862275449,2.813377245508982
2024-02-17,ULN,울산공장,B,874,31,96.45,23.09004576659039,45.13329519450801,2.787345537757437
2024-02-17,ULN,울산공장,C,109,7,93.58,22.68990825688073,45.22752293577982,2.778440366972477
2024-02-18,ASN,아산공장,A,463,17,96.33,23.01922246220302,44.532181425485966,2.7908639308855294
2024-02-18,ASN,아산공장,B,499,17,96.59,22.941683366733468,44.43867735470942,2.792845691382766
2024-02-18,ASN,아산공장,C,61,4,93.44,23.20983606557377,45.68688524590164,2.8237704918032787
2024-02-18,GWJ,광주공장,A,272,7,97.43,22.87205882352941,45.59632352941177,2.7911397058823533
2024-02-18,GWJ,광주공장,B,285,6,97.89,22.89578947368421,44.88982456140351,2.80059649122807
2024-02-18,GWJ,광주공장,C,33,3,90.91,23.303030303030305,43.27878787878788,2.883030303030303
2024-02-18,HWS,화성공장,A,283,11,96.11,22.879505300353355,45.35123674911661,2.7710247349823325
2024-02-18,HWS,화성공장,B,289,12,95.85,23.217301038062285,44.91522491349481,2.790726643598616
2024-02-18,HWS,화성공장,C,38,0,100.0,22.413157894736845,44.79736842105263,2.7423684210526313
2024-02-18,ULN,울산공장,A,829,32,96.14,23.0313630880579,45.24644149577805,2.793003618817853
2024-02-18,ULN,울산공장,B,862,31,96.4,22.983758700696054,45.455568445475635,2.794141531322506
2024-02-18,ULN,울산공장,C,118,4,96.61,22.95508474576271,43.89915254237288,2.775593220338983
2024-02-19,ASN,아산공장,A,457,14,96.94,22.893654266958425,44.4835886214442,2.813457330415755
2024-02-19,ASN,아산공장,B,484,13,97.31,22.77809917355372,45.02747933884297,2.80448347107438
2024-02-19,ASN,아산공장,C,46,3,93.48,23.210869565217394,46.891304347826086,2.805434782608696
2024-02-19,GWJ,광주공장,A,273,9,96.7,23.143956043956045,45.81721611721612,2.795384615384615
2024-02-19,GWJ,광주공장,B,285,12,95.79,22.634736842105262,44.37263157894737,2.8097894736842104
2024-02-19,GWJ,광주공장,C,26,0,100.0,22.976923076923075,47.861538461538466,2.7626923076923076
2024-02-19,HWS,화성공장,A,275,10,96.36,23.168,44.926545454545455,2.794109090909091
2024-02-19,HWS,화성공장,B,258,12,95.35,22.951937984496126,44.658139534883716,2.796627906976744
2024-02-19,HWS,화성공장,C,33,3,90.91,23.381818181818183,43.22121212121212,2.8415151515151513
2024-02-19,ULN,울산공장,A,807,36,95.54,22.9912019826518,44.883890954151184,2.794200743494424
2024-02-19,ULN,울산공장,B,857,29,96.62,23.005367561260208,45.253792298716455,2.7952742123687284
2024-02-19,ULN,울산공장,C,109,3,97.25,23.635779816513764,45.465137614678895,2.7570642201834863
2024-02-20,ASN,아산공장,A,438,19,95.66,23.014155251141553,44.935388127853884,2.820388127853881
2024-02-20,ASN,아산공장,B,459,21,95.42,23.079302832244007,44.849673202614376,2.8245751633986926
2024-02-20,ASN,아산공장,C,68,2,97.06,23.448529411764707,44.18088235294118,2.756176470588235
2024-02-20,GWJ,광주공장,A,287,11,96.17,23.021951219512196,45.69372822299652,2.8275958188153307
2024-02-20,GWJ,광주공장,B,298,13,95.64,23.15973154362416,44.80570469798658,2.78748322147651
2024-02-20,GWJ,광주공장,C,45,4,91.11,22.395555555555553,44.11555555555556,2.8508888888888886
2024-02-20,HWS,화성공장,A,263,11,95.82,22.57490494296578,44.93460076045627,2.8375665399239542
2024-02-20,HWS,화성공장,B,285,10,96.49,23.322105263157894,44.415789473684214,2.8003157894736845
2024-02-20,HWS,화성공장,C,32,3,90.62,23.224999999999998,44.103125,2.8396875
2024-02-20,ULN,울산공장,A,809,24,97.03,22.99975278121137,44.51804697156984,2.8153646477132264
2024-02-20,ULN,울산공장,B,864,28,96.76,22.966782407407408,44.96168981481482,2.8076273148148148
2024-02-20,ULN,울산공장,C,94,4,95.74,22.76489361702128,44.61702127659574,2.758404255319149
2024-02-21,ASN,아산공장,A,436,15,96.56,22.93256880733945,45.226605504587155,2.818165137614679
2024-02-21,ASN,아산공장,B,452,20,95.58,22.929646017699117,44.99800884955752,2.823075221238938
2024-02-21,ASN,아산공장,C,41,4,90.24,22.63170731707317,45.00243902439024,2.799512195121951
2024-02-21,GWJ,광주공장,A,250,8,96.8,22.9892,45.4672,2.80752
2024-02-21,GWJ,광주공장,B,303,11,96.37,23.155115511551156,45.06666666666667,2.8123762376237624
2024-02-21,GWJ,광주공장,C,31,1,96.77,22.516129032258064,47.354838709677416,2.906774193548387
2024-02-21,HWS,화성공장,A,280,9,96.79,23.092142857142857,43.958571428571425,2.820535714285714
2024-02-21,HWS,화성공장,B,288,12,95.83,23.29861111111111,45.224999999999994,2.779548611111111
2024-02-21,HWS,화성공장,C,37,3,91.89,23.294594594594592,45.47837837837838,2.8337837837837836
2024-02-21,ULN,울산공장,A,818,44,94.62,22.90916870415648,44.6937652811736,2.7987286063569683
2024-02-21,ULN,울산공장,B,825,40,95.15,23.100363636363635,44.655151515151516,2.7956
2024-02-21,ULN,울산공장,C,97,3,96.91,22.47319587628866,46.42061855670103,2.842474226804124
2024-02-22,ASN,아산공장,A,455,21,95.38,22.954505494505494,43.567032967032965,2.8065494505494506
2024-02-22,ASN,아산공장,B,505,19,96.24,23.09267326732673,45.03287128712871,2.8094059405940595
2024-02-22,ASN,아산공장,C,52,3,94.23,22.192307692307693,46.62884615384615,2.765961538461539
2024-02-22,GWJ,광주공장,A,268,15,94.4,22.898134328358207,45.13880597014926,2.7974253731343284
2024-02-22,GWJ,광주공장,B,296,6,97.97,22.861148648648648,44.394932432432434,2.7693243243243244
2024-02-22,GWJ,광주공장,C,43,5,88.37,22.316279069767443,44.04418604651163,2.866279069767442
2024-02-22,HWS,화성공장,A,328,14,95.73,22.68140243902439,45.046646341463415,2.7893597560975607
2024-02-22,HWS,화성공장,B,241,9,96.27,23.041908713692948,45.37842323651453,2.8182572614107886
2024-02-22,HWS,화성공장,C,28,0,100.0,23.439285714285713,45.84285714285714,2.8592857142857144
2024-02-22,ULN,울산공장,A,917,24,97.38,23.055398037077424,44.777317339149405,2.7944929116684842
2024-02-22,ULN,울산공장,B,843,31,96.32,23.160260972716486,45.05278766310795,2.803250296559905
2024-02-22,ULN,울산공장,C,111,10,90.99,23.308108108108108,45.35495495495495,2.774054054054054
2024-02-23,ASN,아산공장,A,484,16,96.69,23.084504132231405,45.28347107438017,2.7910743801652895
2024-02-23,ASN,아산공장,B,473,22,95.35,23.052642706131078,44.93784355179704,2.8081183932346723
2024-02-23,ASN,아산공장,C,65,8,87.69,23.16923076923077,44.8523076923077,2.806461538461538
2024-02-23,GWJ,광주공장,A,284,9,96.83,23.386971830985914,45.019366197183096,2.799401408450704
2024-02-23,GWJ,광주공장,B,291,9,96.91,23.152233676975946,44.875601374570444,2.7927835051546395
2024-02-23,GWJ,광주공장,C,49,4,91.84,23.089795918367347,45.72244897959184,2.7636734693877547
2024-02-23,HWS,화성공장,A,260,15,94.23,23.004615384615384,45.35038461538462,2.78
2024-02-23,HWS,화성공장,B,273,9,96.7,23.117216117216117,45.016117216117216,2.781941391941392
2024-02-23,HWS,화성공장,C,25,1,96.0,22.064,44.46,2.8352
2024-02-23,ULN,울산공장,A,862,33,96.17,22.971925754060322,44.83631090487239,2.7884918793503477
2024-02-23,ULN,울산공장,B,862,35,95.94,23.009048723897912,44.82668213457077,2.8067285382830627
2024-02-23,ULN,울산공장,C,96,7,92.71,23.572916666666668,45.403124999999996,2.7663541666666664
2024-02-24,ASN,아산공장,A,451,21,95.34,22.87849223946785,44.49778270509978,2.7936141906873617
2024-02-24,ASN,아산공장,B,411,13,96.84,23.31557177615572,44.976399026763985,2.8069586374695867
2024-02-24,ASN,아산공장,C,59,9,84.75,22.57457627118644,43.6271186440678,2.798135593220339
2024-02-24,GWJ,광주공장,A,290,9,96.9,22.82551724137931,45.07344827586206,2.765206896551724
2024-02-24,GWJ,광주공장,B,284,13,95.42,23.101408450704227,45.41267605633803,2.7884859154929575
2024-02-24,GWJ,광주공장,C,30,0,100.0,23.073333333333334,46.86,2.7190000000000003
2024-02-24,HWS,화성공장,A,289,13,95.5,23.06539792387543,45.29584775086505,2.7959515570934257
2024-02-24,HWS,화성공장,B,284,16,94.37,22.695774647887326,44.66197183098591,2.767887323943662
2024-02-24,HWS,화성공장,C,37,5,86.49,23.513513513513512,44.07027027027027,2.6564864864864863
2024-02-24,ULN,울산공장,A,834,31,96.28,23.01798561151079,45.1378896882494,2.7950719424460435
2024-02-24,ULN,울산공장,B,793,37,95.33,22.89861286254729,45.474905422446405,2.8077427490542246
2024-02-24,ULN,울산공장,C,113,5,95.58,22.923893805309735,44.196460176991145,2.783362831858407
2024-02-25,ASN,아산공장,A,472,20,95.76,23.07902542372881,44.851694915254235,2.823559322033898
2024-02-25,ASN,아산공장,B,500,14,97.2,23.0168,45.4386,2.79418
2024-02-25,ASN,아산공장,C,51,1,98.04,23.39607843137255,44.317647058823525,2.806666666666667
2024-02-25,GWJ,광주공장,A,286,16,94.41,22.887062937062936,45.74020979020979,2.8076223776223777
2024-02-25,GWJ,광주공장,B,289,11,96.19,22.7439446366782,44.65916955017301,2.7843252595155707
2024-02-25,GWJ,광주공장,C,40,4,90.0,22.9,43.42,2.804
2024-02-25,HWS,화성공장,A,270,9,96.67,22.965185185185188,45.01555555555556,2.7832592592592595
2024-02-25,HWS,화성공장,B,287,13,95.47,22.73135888501742,45.10209059233449,2.784808362369338
2024-02-25,HWS,화성공장,C,35,2,94.29,23.645714285714288,44.39714285714286,2.8311428571428574
2024-02-25,ULN,울산공장,A,856,37,95.68,23.0446261682243,45.23808411214954,2.8051168224299063
2024-02-25,ULN,울산공장,B,802,27,96.63,22.76047381546135,45.02917705735661,2.774513715710723
2024-02-25,ULN,울산공장,C,95,4,95.79,22.478947368421053,45.874736842105264,2.807473684210526
2024-02-26,ASN,아산공장,A,428,19,95.56,23.17733644859813,44.67126168224299,2.8369859813084113
2024-02-26,ASN,아산공장,B,460,17,96.3,22.98695652173913,45.004999999999995,2.8083260869565216
2024-02-26,ASN,아산공장,C,66,5,92.42,22.837878787878786,44.5,2.7874242424242426
2024-02-26,GWJ,광주공장,A,323,12,96.28,22.711764705882352,45.368111455108355,2.776006191950464
2024-02-26,GWJ,광주공장,B,290,12,95.86,22.92206896551724,45.47620689655172,2.7831034482758623
2024-02-26,GWJ,광주공장,C,37,1,97.3,23.58648648648649,46.42702702702702,2.8316216216216215
2024-02-26,HWS,화성공장,A,294,7,97.62,22.954761904761906,44.349659863945575,2.800408163265306
2024-02-26,HWS,화성공장,B,300,8,97.33,22.837333333333333,45.51766666666666,2.7750333333333335
2024-02-26,HWS,화성공장,C,30,2,93.33,22.683333333333334,45.72,2.7993333333333337
2024-02-26,ULN,울산공장,A,846,36,95.74,23.056855791962175,45.15413711583925,2.815011820330969
2024-02-26,ULN,울산공장,B,755,27,96.42,22.871920529801322,44.98092715231788,2.802953642384106
2024-02-26,ULN,울산공장,C,126,13,89.68,22.928571428571427,44.461111111111116,2.8096825396825396
2024-02-27,ASN,아산공장,A,453,27,94.04,22.975275938189842,45.009492273730686,2.803399558498896
2024-02-27,ASN,아산공장,B,471,15,96.82,22.80615711252654,44.72271762208068,2.782569002123142
2024-02-27,ASN,아산공장,C,67,8,88.06,22.51492537313433,45.39253731343284,2.778358208955224
2024-02-27,GWJ,광주공장,A,296,8,97.3,22.74493243243243,45.049662162162164,2.782060810810811
2024-02-27,GWJ,광주공장,B,303,10,96.7,22.964026402640265,44.755445544554455,2.813003300330033
2024-02-27,GWJ,광주공장,C,25,0,100.0,23.52,46.18,2.9548
2024-02-27,HWS,화성공장,A,276,12,95.65,22.856884057971016,45.05144927536232,2.789601449275362
2024-02-27,HWS,화성공장,B,257,10,96.11,23.09727626459144,45.20466926070039,2.8289494163424123
2024-02-27,HWS,화성공장,C,31,1,96.77,22.177419354838708,45.89354838709678,2.831290322580645
2024-02-27,ULN,울산공장,A,857,33,96.15,22.99276546091015,45.026137689614934,2.811750291715286
2024-02-27,ULN,울산공장,B,841,35,95.84,23.02996432818074,45.24827586206897,2.8074435196195004
2024-02-27,ULN,울산공장,C,100,2,98.0,23.553,45.618,2.8075
2024-02-28,ASN,아산공장,A,475,23,95.16,22.887999999999998,44.33642105263158,2.826168421052632
2024-02-28,ASN,아산공장,B,490,33,93.27,22.840204081632656,44.95918367346939,2.810408163265306
2024-02-28,ASN,아산공장,C,50,3,94.0,23.1,45.102,2.7972
2024-02-28,GWJ,광주공장,A,270,10,96.3,22.775925925925925,45.03962962962963,2.822962962962963
2024-02-28,GWJ,광주공장,B,280,13,95.36,23.213214285714287,44.745000000000005,2.7679642857142857
2024-02-28,GWJ,광주공장,C,36,3,91.67,23.005555555555556,42.74444444444444,2.850833333333333
2024-02-28,HWS,화성공장,A,288,6,97.92,22.975694444444443,44.91388888888889,2.806597222222222
2024-02-28,HWS,화성공장,B,302,12,96.03,22.741721854304636,45.133774834437084,2.798311258278146
2024-02-28,HWS,화성공장,C,31,1,96.77,22.88064516129032,47.641935483870974,2.698709677419355
2024-02-28,ULN,울산공장,A,807,28,96.53,23.011276332094173,44.52478314745973,2.8071499380421314
2024-02-28,ULN,울산공장,B,896,34,96.21,22.97533482142857,45.52622767857143,2.7905357142857143
2024-02-28,ULN,울산공장,C,95,8,91.58,23.52421052631579,44.43578947368421,2.7769473684210526
2024-02-29,ASN,아산공장,A,458,13,97.16,23.055021834061137,44.476200873362444,2.7783624454148472
2024-02-29,ASN,아산공장,B,436,13,97.02,23.066284403669723,45.398165137614676,2.7762844036697247
2024-02-29,ASN,아산공장,C,55,6,89.09,23.394545454545455,46.50545454545455,2.7723636363636364
2024-02-29,GWJ,광주공장,A,291,6,97.94,23.38006872852234,44.97594501718213,2.798316151202749
2024-02-29,GWJ,광주공장,B,299,10,96.66,23.146153846153844,44.596989966555185,2.7885284280936453
2024-02-29,GWJ,광주공장,C,19,0,100.0,23.531578947368423,44.52105263157895,2.7657894736842104
2024-02-29,HWS,화성공장,A,287,14,95.12,23.00348432055749,44.17630662020906,2.738048780487805
2024-02-29,HWS,화성공장,B,265,13,95.09,22.63811320754717,45.54150943396226,2.7887924528301884
2024-02-29,HWS,화성공장,C,26,1,96.15,21.78846153846154,44.34615384615385,2.733461538461538
2024-02-29,ULN,울산공장,A,850,30,96.47,22.81670588235294,45.56941176470588,2.8016941176470587
2024-02-29,ULN,울산공장,B,903,37,95.9,22.97906976744186,44.91207087486157,2.7942192691029897
2024-02-29,ULN,울산공장,C,113,10,91.15,23.29646017699115,46.04867256637168,2.814955752212389
2024-03-01,ASN,아산공장,A,463,32,93.09,22.825917926565875,45.40129589632829,2.7849460043196546
2024-03-01,ASN,아산공장,B,443,12,97.29,23.19977426636569,45.10158013544018,2.814627539503386
2024-03-01,ASN,아산공장,C,51,7,86.27,22.5921568627451,44.54117647058823,2.8635294117647057
2024-03-01,GWJ,광주공장,A,254,14,94.49,23.066929133858267,44.55275590551181,2.7674015748031495
2024-03-01,GWJ,광주공장,B,299,8,97.32,23.13010033444816,45.44113712374582,2.782742474916388
2024-03-01,GWJ,광주공장,C,42,2,95.24,23.995238095238093,44.11666666666667,2.841904761904762
2024-03-01,HWS,화성공장,A,267,10,96.25,23.0374531835206,44.99550561797753,2.8442322097378274
2024-03-01,HWS,화성공장,B,288,14,95.14,22.79861111111111,45.60868055555555,2.772638888888889
2024-03-01,HWS,화성공장,C,37,0,100.0,23.02972972972973,45.86756756756756,2.8494594594594598
2024-03-01,ULN,울산공장,A,791,46,94.18,23.01580278128951,45.164728192161824,2.7918963337547407
2024-03-01,ULN,울산공장,B,866,29,96.65,23.01374133949192,45.23995381062356,2.796501154734411
2024-03-01,ULN,울산공장,C,97,7,92.78,22.587628865979383,44.11134020618557,2.7802061855670104
2024-03-02,ASN,아산공장,A,462,24,94.81,23.066450216450217,45.05108225108225,2.8273160173160172
2024-03-02,ASN,아산공장,B,468,18,96.15,22.991666666666667,44.5076923076923,2.806196581196581
2024-03-02,ASN,아산공장,C,66,1,98.48,23.39848484848485,43.800000000000004,2.7569696969696973
2024-03-02,GWJ,광주공장,A,302,16,94.7,22.72913907284768,44.8612582781457,2.834238410596026
2024-03-02,GWJ,광주공장,B,279,10,96.42,23.02043010752688,45.57670250896057,2.7935842293906807
2024-03-02,GWJ,광주공장,C,34,1,97.06,22.438235294117646,45.73529411764706,2.841176470588235
2024-03-02,HWS,화성공장,A,293,11,96.25,22.8901023890785,45.313651877133104,2.8236177474402733
2024-03-02,HWS,화성공장,B,276,13,95.29,23.2481884057971,45.32065217391305,2.8080072463768118
2024-03-02,HWS,화성공장,C,22,1,95.45,23.50909090909091,45.97727272727273,2.919545454545455
2024-03-02,ULN,울산공장,A,860,39,95.47,22.90918604651163,44.821046511627905,2.7883023255813955
2024-03-02,ULN,울산공장,B,898,23,97.44,22.970935412026726,45.06180400890869,2.7865701559020044
2024-03-02,ULN,울산공장,C,105,8,92.38,23.166666666666668,43.00380952380952,2.8019999999999996
2024-03-03,ASN,아산공장,A,458,14,96.94,22.92423580786026,45.02030567685589,2.8196506550218343
2024-03-03,ASN,아산공장,B,444,22,95.05,23.10247747747748,45.58761261261262,2.803581081081081
2024-03-03,ASN,아산공장,C,53,2,96.23,23.892452830188677,46.84339622641509,2.736792452830189
2024-03-03,GWJ,광주공장,A,285,13,95.44,22.815087719298248,44.955789473684206,2.7733333333333334
2024-03-03,GWJ,광주공장,B,303,11,96.37,22.85148514851485,44.62376237623762,2.7780528052805282
2024-03-03,GWJ,광주공장,C,26,6,76.92,23.873076923076926,44.1576923076923,2.786153846153846
2024-03-03,HWS,화성공장,A,277,15,94.58,22.83104693140794,43.81949458483754,2.8125992779783395
2024-03-03,HWS,화성공장,B,297,22,92.59,23.272727272727273,45.240067340067334,2.815218855218855
2024-03-03,HWS,화성공장,C,38,5,86.84,22.147368421052633,45.44210526315789,2.857894736842105
2024-03-03,ULN,울산공장,A,832,46,94.47,22.976322115384615,44.5561298076923,2.80421875
2024-03-03,ULN,울산공장,B,826,27,96.73,23.103510895883776,44.589709443099274,2.7869733656174334
2024-03-03,ULN,울산공장,C,88,5,94.32,22.679545454545455,45.65,2.799886363636364
2024-03-04,ASN,아산공장,A,469,23,95.1,22.8228144989339,44.68017057569296,2.81409381663113
2024-03-04,ASN,아산공장,B,451,13,97.12,23.317738359201773,44.921507760532144,2.8090022172949
2024-03-04,ASN,아산공장,C,63,2,96.83,24.239682539682537,46.02857142857143,2.8233333333333333
2024-03-04,GWJ,광주공장,A,272,6,97.79,22.986029411764704,43.95955882352941,2.796654411764706
2024-03-04,GWJ,광주공장,B,296,5,98.31,22.842567567567567,45.63918918918919,2.8017905405405408
2024-03-04,GWJ,광주공장,C,30,1,96.67,22.823333333333334,45.413333333333334,2.8383333333333334
2024-03-04,HWS,화성공장,A,291,11,96.22,23.05704467353952,44.58247422680412,2.83680412371134
2024-03-04,HWS,화성공장,B,280,7,97.5,23.218928571428574,44.89107142857143,2.806107142857143
2024-03-04,HWS,화성공장,C,34,0,100.0,22.33529411764706,43.63823529411765,2.767352941176471
2024-03-04,ULN,울산공장,A,859,34,96.04,23.044703143189757,44.69126891734575,2.7757857974388824
2024-03-04,ULN,울산공장,B,822,24,97.08,22.919586374695864,44.94622871046229,2.8024817518248173
2024-03-04,ULN,울산공장,C,107,4,96.26,23.22336448598131,44.899065420560746,2.8200000000000003
2024-03-05,ASN,아산공장,A,457,20,95.62,22.837417943107223,44.70962800875273,2.803501094091904
2024-03-05,ASN,아산공장,B,485,21,95.67,22.891546391752577,44.86494845360825,2.7870515463917527
2024-03-05,ASN,아산공장,C,78,4,94.87,22.342307692307692,42.843589743589746,2.833589743589744
2024-03-05,GWJ,광주공장,A,298,14,95.3,22.74261744966443,44.64295302013423,2.801543624161074
2024-03-05,GWJ,광주공장,B,287,21,92.68,22.88850174216028,45.569686411149824,2.782926829268293
2024-03-05,GWJ,광주공장,C,37,3,91.89,23.28108108108108,46.954054054054055,2.8329729729729727
2024-03-05,HWS,화성공장,A,255,8,96.86,22.70705882352941,45.1721568627451,2.794980392156863
2024-03-05,HWS,화성공장,B,282,9,96.81,22.9468085106383,44.898936170212764,2.7979432624113474
2024-03-05,HWS,화성공장,C,36,5,86.11,23.719444444444445,44.958333333333336,2.8074999999999997
2024-03-05,ULN,울산공장,A,835,42,94.97,23.02766467065868,44.8288622754491,2.796562874251497
2024-03-05,ULN,울산공장,B,864,25,97.11,22.880092592592593,45.07604166666666,2.790439814814815
2024-03-05,ULN,울산공장,C,95,8,91.58,23.283157894736842,45.19157894736842,2.7570526315789476
2024-03-06,ASN,아산공장,A,483,15,96.89,23.143892339544514,44.727329192546584,2.79120082815735
2024-03-06,ASN,아산공장,B,485,15,96.91,22.88762886597938,44.93051546391752,2.8009278350515463
2024-03-06,ASN,아산공장,C,49,5,89.8,22.51224489795918,45.54489795918367,2.82734693877551
2024-03-06,GWJ,광주공장,A,298,9,96.98,23.008724832214767,45.29295302013423,2.7934228187919463
2024-03-06,GWJ,광주공장,B,288,15,94.79,22.97951388888889,45.50763888888889,2.789236111111111
2024-03-06,GWJ,광주공장,C,31,1,96.77,22.448387096774194,44.274193548387096,2.7235483870967743
2024-03-06,HWS,화성공장,A,309,8,97.41,22.637864077669903,44.55210355987055,2.783495145631068
2024-03-06,HWS,화성공장,B,259,11,95.75,23.08957528957529,44.631660231660234,2.818030888030888
2024-03-06,HWS,화성공장,C,41,2,95.12,24.01951219512195,46.017073170731706,2.8065853658536586
2024-03-06,ULN,울산공장,A,828,34,95.89,23.082246376811593,44.558091787439615,2.7924637681159417
2024-03-06,ULN,울산공장,B,865,29,96.65,22.87722543352601,44.770173410404624,2.8226011560693642
2024-03-06,ULN,울산공장,C,96,6,93.75,22.65833333333333,45.987500000000004,2.797708333333333
2024-03-07,ASN,아산공장,A,448,16,96.43,22.927455357142858,44.801785714285714,2.786607142857143
2024-03-07,ASN,아산공장,B,500,19,96.2,23.1818,45.200199999999995,2.79908
2024-03-07,ASN,아산공장,C,52,5,90.38,22.86346153846154,44.72692307692308,2.8132692307692304
2024-03-07,GWJ,광주공장,A,277,10,96.39,23.187364620938627,45.68411552346571,2.80870036101083
2024-03-07,GWJ,광주공장,B,260,7,97.31,23.001153846153848,44.75730769230769,2.8001153846153843
2024-03-07,GWJ,광주공장,C,35,4,88.57,23.197142857142858,44.794285714285714,2.798
2024-03-07,HWS,화성공장,A,302,10,96.69,23.289403973509934,44.86523178807947,2.81387417218543
2024-03-07,HWS,화성공장,B,284,11,96.13,23.12711267605634,44.75598591549296,2.7715492957746477
2024-03-07,HWS,화성공장,C,21,1,95.24,22.685714285714283,43.57142857142857,2.7895238095238093
2024-03-07,ULN,울산공장,A,885,41,95.37,22.97638418079096,44.69525423728814,2.8185536723163844
2024-03-07,ULN,울산공장,B,914,28,96.94,22.969584245076586,44.689824945295406,2.8090371991247265
2024-03-07,ULN,울산공장,C,112,6,94.64,23.092857142857145,43.24821428571429,2.7676785714285717
2024-03-08,ASN,아산공장,A,457,18,96.06,23.066083150984685,44.557111597374174,2.8105032822757114
2024-03-08,ASN,아산공장,B,449,21,95.32,23.065033407572386,44.5380846325167,2.8025835189309576
2024-03-08,ASN,아산공장,C,54,2,96.3,22.605555555555558,46.898148148148145,2.829814814814815
2024-03-08,GWJ,광주공장,A,298,8,97.32,22.92315436241611,43.96879194630873,2.7951677852348995
2024-03-08,GWJ,광주공장,B,281,10,96.44,22.644839857651245,45.704626334519574,2.772491103202847
2024-03-08,GWJ,광주공장,C,38,2,94.74,24.152631578947368,43.578947368421055,2.8063157894736843
2024-03-08,HWS,화성공장,A,309,10,96.76,23.3168284789644,44.91326860841424,2.7929126213592235
2024-03-08,HWS,화성공장,B,300,10,96.67,23.036666666666665,44.904333333333334,2.817466666666667
2024-03-08,HWS,화성공장,C,38,7,81.58,22.971052631578946,45.705263157894734,2.8492105263157894
2024-03-08,ULN,울산공장,A,853,34,96.01,23.154396248534585,44.870808909730364,2.7931652989449005
2024-03-08,ULN,울산공장,B,793,29,96.34,23.24791929382093,45.43619167717529,2.7781588902900376
2024-03-08,ULN,울산공장,C,113,7,93.81,22.84070796460177,45.38495575221239,2.779203539823009
2024-03-09,ASN,아산공장,A,512,20,96.09,23.0892578125,45.1,2.83634765625
2024-03-09,ASN,아산공장,B,408,12,97.06,23.008823529411767,44.9781862745098,2.7893872549019605
2024-03-09,ASN,아산공장,C,50,2,96.0,23.39,45.354,2.8346
2024-03-09,GWJ,광주공장,A,293,13,95.56,23.270648464163823,44.71160409556314,2.8076109215017064
2024-03-09,GWJ,광주공장,B,294,11,96.26,23.30544217687075,44.35306122448979,2.8004761904761906
2024-03-09,GWJ,광주공장,C,37,3,91.89,22.8972972972973,45.5945945945946,2.805405405405405
2024-03-09,HWS,화성공장,A,257,11,95.72,22.899610894941635,43.91322957198444,2.792996108949416
2024-03-09,HWS,화성공장,B,287,11,96.17,23.125435540069688,45.85087108013938,2.7957839721254354
2024-03-09,HWS,화성공장,C,35,3,91.43,22.779999999999998,47.34285714285714,2.855142857142857
2024-03-09,ULN,울산공장,A,858,24,97.2,23.13951048951049,44.81608391608391,2.7976923076923077
2024-03-09,ULN,울산공장,B,859,33,96.16,23.12514551804424,45.29755529685681,2.772828870779977
2024-03-09,ULN,울산공장,C,125,1,99.2,22.7344,44.856,2.84264
2024-03-10,ASN,아산공장,A,462,20,95.67,22.746753246753247,45.19632034632035,2.7943290043290046
2024-03-10,ASN,아산공장,B,464,19,95.91,22.879525862068967,45.39956896551725,2.786594827586207
2024-03-10,ASN,아산공장,C,60,3,95.0,22.761666666666667,44.535,2.8265000000000002
2024-03-10,GWJ,광주공장,A,301,9,97.01,23.151495016611296,45.47740863787376,2.784186046511628
2024-03-10,GWJ,광주공장,B,256,9,96.48,22.822265625,44.85234375,2.802265625
2024-03-10,GWJ,광주공장,C,39,2,94.87,23.26923076923077,46.312820512820515,2.7348717948717947
2024-03-10,HWS,화성공장,A,270,12,95.56,22.758518518518517,44.91148148148148,2.8048518518518515
2024-03-10,HWS,화성공장,B,276,8,97.1,23.0731884057971,45.3554347826087,2.771268115942029
2024-03-10,HWS,화성공장,C,45,1,97.78,23.233333333333334,45.51111111111111,2.845333333333333
2024-03-10,ULN,울산공장,A,833,41,95.08,22.988715486194476,45.083673469387755,2.784573829531813
2024-03-10,ULN,울산공장,B,844,44,94.79,22.98210900473934,46.05011848341233,2.795071090047393
2024-03-10,ULN,울산공장,C,109,4,96.33,22.842201834862387,45.65779816513761,2.7924770642201833
2024-03-11,ASN,아산공장,A,452,13,97.12,23.07787610619469,45.04911504424779,2.8100221238938055
2024-03-11,ASN,아산공장,B,445,13,97.08,23.084719101123596,45.66022471910112,2.795280898876405
2024-03-11,ASN,아산공장,C,73,4,94.52,23.123287671232877,43.40958904109589,2.796164383561644
2024-03-11,GWJ,광주공장,A,289,16,94.46,23.188581314878892,43.95363321799308,2.7656401384083042
2024-03-11,GWJ,광주공장,B,301,10,96.68,22.97940199335548,45.891362126245845,2.8106976744186047
2024-03-11,GWJ,광주공장,C,31,2,93.55,22.758064516129032,46.222580645161294,2.8535483870967746
2024-03-11,HWS,화성공장,A,261,17,93.49,22.850191570881226,44.440613026819925,2.8219923371647506
2024-03-11,HWS,화성공장,B,293,9,96.93,23.0580204778157,45.04607508532423,2.82481228668942
2024-03-11,HWS,화성공장,C,37,1,97.3,21.994594594594595,45.78648648648648,2.8083783783783782
2024-03-11,ULN,울산공장,A,787,45,94.28,22.94879288437103,45.23672172808133,2.833761118170267
2024-03-11,ULN,울산공장,B,852,35,95.89,22.95551643192488,44.757629107981224,2.8031690140845074
2024-03-11,ULN,울산공장,C,97,3,96.91,22.645360824742266,45.43092783505155,2.8169072164948457
2024-03-12,ASN,아산공장,A,424,23,94.58,22.87547169811321,44.86533018867925,2.820188679245283
2024-03-12,ASN,아산공장,B,461,20,95.66,22.992624728850327,45.910195227765726,2.7953145336225598
2024-03-12,ASN,아산공장,C,46,3,93.48,23.143478260869564,44.32608695652174,2.827391304347826
2024-03-12,GWJ,광주공장,A,278,10,96.4,22.94388489208633,44.82482014388489,2.774388489208633
2024-03-12,GWJ,광주공장,B,264,13,95.08,23.17689393939394,45.621212121212125,2.807121212121212
2024-03-12,GWJ,광주공장,C,36,2,94.44,23.075000000000003,44.13611111111111,2.8505555555555557
2024-03-12,HWS,화성공장,A,264,9,96.59,22.962500000000002,45.26325757575758,2.785681818181818
2024-03-12,HWS,화성공장,B,291,10,96.56,22.815807560137454,43.942268041237114,2.8145017182130583
2024-03-12,HWS,화성공장,C,35,2,94.29,22.065714285714286,44.43142857142857,2.9442857142857144
2024-03-12,ULN,울산공장,A,866,35,95.96,23.10230946882217,44.78464203233256,2.782332563510393
2024-03-12,ULN,울산공장,B,887,26,97.07,23.17485907553551,44.848703494926724,2.8095941375422773
2024-03-12,ULN,울산공장,C,111,12,89.19,23.116216216216216,44.78738738738738,2.7972972972972974
2024-03-13,ASN,아산공장,A,444,22,95.05,22.899774774774773,44.659684684684684,2.807882882882883
2024-03-13,ASN,아산공장,B,430,15,96.51,23.296976744186047,44.63511627906976,2.7897441860465113
2024-03-13,ASN,아산공장,C,49,2,95.92,22.624489795918365,43.614285714285714,2.7183673469387752
2024-03-13,GWJ,광주공장,A,261,8,96.93,23.157471264367818,44.98352490421456,2.8177011494252873
2024-03-13,GWJ,광주공장,B,276,5,98.19,23.180434782608696,44.7536231884058,2.78231884057971
2024-03-13,GWJ,광주공장,C,43,4,90.7,22.448837209302326,45.28139534883721,2.7751162790697674
2024-03-13,HWS,화성공장,A,299,19,93.65,23.288628762541805,45.49130434782609,2.811270903010034
2024-03-13,HWS,화성공장,B,262,12,95.42,23.430152671755724,45.66030534351145,2.794885496183206
2024-03-13,HWS,화성공장,C,39,3,92.31,22.210256410256413,43.63333333333333,2.7851282051282054
2024-03-13,ULN,울산공장,A,883,44,95.02,23.049830124575312,44.53227633069083,2.8085617214043035
2024-03-13,ULN,울산공장,B,841,35,95.84,23.017479191438763,44.60963139120095,2.8120214030915576
2024-03-13,ULN,울산공장,C,99,8,91.92,23.02828282828283,45.249494949494945,2.777171717171717
2024-03-14,ASN,아산공장,A,472,16,96.61,23.08156779661017,44.84512711864407,2.8298516949152543
2024-03-14,ASN,아산공장,B,427,16,96.25,22.966744730679157,45.31053864168618,2.792131147540984
2024-03-14,ASN,아산공장,C,62,4,93.55,23.049999999999997,47.20967741935484,2.8961290322580644
2024-03-14,GWJ,광주공장,A,295,15,94.92,22.847796610169492,45.35389830508475,2.8033898305084746
2024-03-14,GWJ,광주공장,B,291,14,95.19,22.81786941580756,44.87422680412371,2.815463917525773
2024-03-14,GWJ,광주공장,C,28,1,96.43,22.67142857142857,44.92142857142857,2.8921428571428573
2024-03-14,HWS,화성공장,A,286,11,96.15,22.554195804195803,45.32937062937063,2.8134615384615382
2024-03-14,HWS,화성공장,B,274,9,96.72,22.990510948905108,45.027737226277374,2.7906204379562043
2024-03-14,HWS,화성공장,C,33,1,96.97,23.484848484848484,44.29090909090909,2.778181818181818
2024-03-14,ULN,울산공장,A,810,31,96.17,23.043580246913578,45.046790123456795,2.792617283950617
2024-03-14,ULN,울산공장,B,794,36,95.47,22.980604534005035,45.216120906801,2.8033627204030225
2024-03-14,ULN,울산공장,C,88,7,92.05,22.964772727272727,43.46590909090909,2.8425
2024-03-15,ASN,아산공장,A,445,19,95.73,22.919999999999998,45.353707865168545,2.8145842696629213
2024-03-15,ASN,아산공장,B,471,13,97.24,23.112101910828024,44.49469214437367,2.784946921443737
2024-03-15,ASN,아산공장,C,54,7,87.04,23.562962962962963,44.00925925925926,2.81037037037037
2024-03-15,GWJ,광주공장,A,277,9,96.75,22.998916967509025,44.87906137184115,2.849927797833935
2024-03-15,GWJ,광주공장,B,320,14,95.62,23.141875,44.987812500000004,2.8170625
2024-03-15,GWJ,광주공장,C,39,1,97.44,22.897435897435898,43.48717948717949,2.8351282051282047
2024-03-15,HWS,화성공장,A,258,8,96.9,23.19341085271318,44.991860465116275,2.7944186046511628
2024-03-15,HWS,화성공장,B,256,15,94.14,22.88984375,44.664453125,2.788984375
2024-03-15,HWS,화성공장,C,29,1,96.55,23.082758620689653,46.20344827586207,2.7779310344827586
2024-03-15,ULN,울산공장,A,864,36,95.83,22.71875,44.966319444444444,2.7988657407407405
2024-03-15,ULN,울산공장,B,834,29,96.52,23.137290167865707,45.21702637889688,2.7975299760191845
2024-03-15,ULN,울산공장,C,87,2,97.7,23.28735632183908,44.189655172413794,2.7722988505747126
2024-03-16,ASN,아산공장,A,449,13,97.1,23.044097995545656,45.010467706013365,2.7961469933184855
2024-03-16,ASN,아산공장,B,502,15,97.01,23.007171314741036,45.13864541832669,2.797609561752988
2024-03-16,ASN,아산공장,C,54,2,96.3,22.57962962962963,46.86296296296296,2.7833333333333337
2024-03-16,GWJ,광주공장,A,269,15,94.42,23.12973977695167,44.74386617100372,2.8105947955390334
2024-03-16,GWJ,광주공장,B,279,12,95.7,22.9663082437276,44.33082437275986,2.7917562724014338
2024-03-16,GWJ,광주공장,C,38,1,97.37,23.147368421052633,43.81315789473685,2.7842105263157895
2024-03-16,HWS,화성공장,A,294,11,96.26,23.011904761904763,46.14081632653061,2.787925170068027
2024-03-16,HWS,화성공장,B,263,7,97.34,22.942585551330797,45.888212927756655,2.80212927756654
2024-03-16,HWS,화성공장,C,44,5,88.64,23.79318181818182,43.0,2.805
2024-03-16,ULN,울산공장,A,821,31,96.22,23.02923264311815,45.06455542021924,2.7943605359317907
2024-03-16,ULN,울산공장,B,811,36,95.56,22.99186189889026,44.9810110974106,2.801011097410604
2024-03-16,ULN,울산공장,C,103,4,96.12,23.366990291262137,45.387378640776696,2.798252427184466
2024-03-17,ASN,아산공장,A,459,26,94.34,23.261002178649235,45.501525054466235,2.790174291938998
2024-03-17,ASN,아산공장,B,443,16,96.39,23.101805869074493,45.021444695259596,2.7889841986455983
2024-03-17,ASN,아산공장,C,63,4,93.65,23.149206349206352,44.098412698412695,2.76015873015873
2024-03-17,GWJ,광주공장,A,271,7,97.42,22.79889298892989,45.09409594095941,2.7907380073800736
2024-03-17,GWJ,광주공장,B,289,10,96.54,23.019723183391005,44.93287197231834,2.804325259515571
2024-03-17,GWJ,광주공장,C,42,4,90.48,22.521428571428572,47.39047619047619,2.7942857142857145
2024-03-17,HWS,화성공장,A,287,13,95.47,22.950174216027875,45.196167247386754,2.7931358885017423
2024-03-17,HWS,화성공장,B,268,11,95.9,23.01492537313433,45.04962686567164,2.801268656716418
2024-03-17,HWS,화성공장,C,34,1,97.06,23.476470588235294,47.07647058823529,2.731176470588235
2024-03-17,ULN,울산공장,A,826,32,96.13,22.97445520581114,45.58595641646489,2.7939225181598064
2024-03-17,ULN,울산공장,B,904,27,97.01,22.955973451327434,44.5445796460177,2.7913053097345135
2024-03-17,ULN,울산공장,C,105,4,96.19,23.271428571428572,44.063809523809525,2.7727619047619045
2024-03-18,ASN,아산공장,A,455,18,96.04,22.865274725274727,45.29736263736264,2.7932967032967033
2024-03-18,ASN,아산공장,B,437,24,94.51,22.864073226544622,44.83066361556064,2.8133409610983984
2024-03-18,ASN,아산공장,C,59,3,94.92,22.7864406779661,43.02203389830509,2.811864406779661
2024-03-18,GWJ,광주공장,A,313,12,96.17,22.74153354632588,44.459424920127795,2.7982428115015976
2024-03-18,GWJ,광주공장,B,280,16,94.29,23.18285714285714,45.18464285714286,2.796214285714286
2024-03-18,GWJ,광주공장,C,37,4,89.19,23.105405405405406,44.35675675675676,2.8021621621621624
2024-03-18,HWS,화성공장,A,300,17,94.33,22.897666666666666,44.80533333333334,2.785
2024-03-18,HWS,화성공장,B,286,6,97.9,23.008041958041957,45.56608391608391,2.793636363636364
2024-03-18,HWS,화성공장,C,35,1,97.14,23.145714285714288,45.645714285714284,2.75
2024-03-18,ULN,울산공장,A,824,37,95.51,22.986771844660193,45.42657766990291,2.8073179611650487
2024-03-18,ULN,울산공장,B,882,38,95.69,22.909750566893425,44.957142857142856,2.800294784580499
2024-03-18,ULN,울산공장,C,117,9,92.31,23.482905982905983,45.01538461538462,2.802905982905983
2024-03-19,ASN,아산공장,A,455,14,96.92,22.803736263736265,44.441098901098904,2.81010989010989
2024-03-19,ASN,아산공장,B,450,20,95.56,22.760666666666665,45.17711111111111,2.821177777777778
2024-03-19,ASN,아산공장,C,58,1,98.28,22.896551724137932,44.9896551724138,2.77051724137931
2024-03-19,GWJ,광주공장,A,290,10,96.55,23.37,45.2696551724138,2.8114827586206896
2024-03-19,GWJ,광주공장,B,274,5,98.18,23.006569343065696,45.583576642335764,2.7952189781021897
2024-03-19,GWJ,광주공장,C,43,3,93.02,23.072093023255814,43.972093023255816,2.85093023255814
2024-03-19,HWS,화성공장,A,302,12,96.03,22.94437086092715,45.1387417218543,2.774867549668874
2024-03-19,HWS,화성공장,B,282,14,95.04,23.198936170212768,45.567021276595746,2.8085106382978724
2024-03-19,HWS,화성공장,C,34,3,91.18,22.814705882352943,44.35588235294117,2.7699999999999996
2024-03-19,ULN,울산공장,A,865,29,96.65,22.78254335260116,45.26346820809249,2.785456647398844
2024-03-19,ULN,울산공장,B,871,32,96.33,23.072215843857638,44.38404133180253,2.8106888633754306
2024-03-19,ULN,울산공장,C,99,5,94.95,22.666666666666668,44.739393939393935,2.784040404040404
2024-03-20,ASN,아산공장,A,470,19,95.96,22.850212765957448,45.58085106382979,2.811723404255319
2024-03-20,ASN,아산공장,B,470,18,96.17,23.32,45.088297872340426,2.800276595744681
2024-03-20,ASN,아산공장,C,66,6,90.91,22.843939393939394,43.372727272727275,2.785151515151515
2024-03-20,GWJ,광주공장,A,273,11,95.97,23.033699633699634,45.302564102564105,2.794908424908425
2024-03-20,GWJ,광주공장,B,306,20,93.46,22.924183006535948,44.25261437908497,2.792124183006536
2024-03-20,GWJ,광주공장,C,37,3,91.89,22.90810810810811,46.76216216216216,2.7505405405405403
2024-03-20,HWS,화성공장,A,268,10,96.27,23.190671641791045,45.34701492537314,2.7951865671641793
2024-03-20,HWS,화성공장,B,261,16,93.87,22.87318007662835,44.82528735632184,2.8280459770114943
2024-03-20,HWS,화성공장,C,29,1,96.55,21.79655172413793,45.54137931034483,2.84
2024-03-20,ULN,울산공장,A,846,35,95.86,23.076950354609927,45.013002364066196,2.795390070921986
2024-03-20,ULN,울산공장,B,882,31,96.49,23.151020408163266,45.06950113378685,2.8176757369614513
2024-03-20,ULN,울산공장,C,112,6,94.64,23.332142857142856,44.263392857142854,2.835892857142857
2024-03-21,ASN,아산공장,A,472,13,97.25,22.73050847457627,45.19491525423729,2.8259110169491524
2024-03-21,ASN,아산공장,B,455,16,96.48,23.132967032967034,45.32637362637362,2.7745274725274727
2024-03-21,ASN,아산공장,C,40,0,100.0,22.634999999999998,42.527499999999996,2.75475
2024-03-21,GWJ,광주공장,A,255,4,98.43,22.987450980392158,45.49333333333333,2.7961176470588236
2024-03-21,GWJ,광주공장,B,261,6,97.7,22.98620689655172,44.39616858237548,2.8296934865900383
2024-03-21,GWJ,광주공장,C,43,3,93.02,22.58139534883721,45.13953488372093,2.8237209302325583
2024-03-21,HWS,화성공장,A,290,11,96.21,23.18137931034483,44.69620689655172,2.8268275862068966
2024-03-21,HWS,화성공장,B,308,13,95.78,23.18896103896104,44.41558441558441,2.818116883116883
2024-03-21,HWS,화성공장,C,41,2,95.12,22.692682926829267,45.43170731707317,2.77
2024-03-21,ULN,울산공장,A,816,33,95.96,23.154779411764704,45.23468137254902,2.8251348039215687
2024-03-21,ULN,울산공장,B,807,42,94.8,23.02651796778191,44.85030978934324,2.8008054522924413
2024-03-21,ULN,울산공장,C,99,4,95.96,23.076767676767677,45.09292929292929,2.8317171717171714
2024-03-22,ASN,아산공장,A,457,22,95.19,22.97571115973742,44.803938730853396,2.7983588621444198
2024-03-22,ASN,아산공장,B,460,15,96.74,23.164347826086956,44.56869565217391,2.8166739130434784
2024-03-22,ASN,아산공장,C,67,6,91.04,23.23134328358209,46.364179104477614,2.7825373134328357
2024-03-22,GWJ,광주공장,A,286,11,96.15,22.945104895104897,44.90314685314685,2.804090909090909
2024-03-22,GWJ,광주공장,B,301,10,96.68,23.048837209302324,44.61295681063123,2.8043521594684386
2024-03-22,GWJ,광주공장,C,27,1,96.3,23.3,45.144444444444446,2.7
2024-03-22,HWS,화성공장,A,302,12,96.03,23.12814569536424,44.53278145695364,2.799437086092715
2024-03-22,HWS,화성공장,B,279,9,96.77,23.009677419354837,45.77168458781362,2.800752688172043
2024-03-22,HWS,화성공장,C,31,2,93.55,21.648387096774194,42.26451612903226,2.8380645161290325
2024-03-22,ULN,울산공장,A,839,26,96.9,22.864123957091778,44.96019070321812,2.8048986889153755
2024-03-22,ULN,울산공장,B,832,28,96.63,23.085096153846152,44.732812499999994,2.8129326923076925
2024-03-22,ULN,울산공장,C,126,14,88.89,23.116666666666664,44.211111111111116,2.82484126984127
2024-03-23,ASN,아산공장,A,474,13,97.26,22.84240506329114,45.550632911392405,2.8037552742616034
2024-03-23,ASN,아산공장,B,479,17,96.45,23.05929018789144,45.04154488517746,2.807286012526096
2024-03-23,ASN,아산공장,C,53,4,92.45,23.062264150943395,44.679245283018865,2.8150943396226413
2024-03-23,GWJ,광주공장,A,284,10,96.48,23.02957746478873,45.180281690140845,2.7999647887323946
2024-03-23,GWJ,광주공장,B,285,11,96.14,23.293684210526315,45.150877192982456,2.791719298245614
2024-03-23,GWJ,광주공장,C,33,1,96.97,22.645454545454545,46.68181818181818,2.8045454545454547
2024-03-23,HWS,화성공장,A,263,7,97.34,22.9467680608365,45.76768060836502,2.7949429657794678
2024-03-23,HWS,화성공장,B,302,13,95.7,23.01158940397351,45.390397350993375,2.7814238410596026
2024-03-23,HWS,화성공장,C,35,0,100.0,23.968571428571426,46.48285714285714,2.8302857142857145
2024-03-23,ULN,울산공장,A,872,37,95.76,22.927866972477062,44.71353211009174,2.7893692660550458
2024-03-23,ULN,울산공장,B,818,30,96.33,23.083007334963327,45.45953545232274,2.8021515892420537
2024-03-23,ULN,울산공장,C,111,7,93.69,22.527927927927927,45.53603603603604,2.7339639639639643
2024-03-24,ASN,아산공장,A,483,17,96.48,22.88198757763975,45.290683229813666,2.7887577639751555
2024-03-24,ASN,아산공장,B,472,18,96.19,23.10699152542373,45.05974576271186,2.798622881355932
2024-03-24,ASN,아산공장,C,78,5,93.59,23.09102564102564,44.6474358974359,2.8043589743589745
2024-03-24,GWJ,광주공장,A,278,7,97.48,23.252158273381298,44.50935251798561,2.774748201438849
2024-03-24,GWJ,광주공장,B,289,10,96.54,22.9401384083045,44.63044982698962,2.8080968858131485
2024-03-24,GWJ,광주공장,C,26,3,88.46,23.430769230769233,44.784615384615385,2.7688461538461535
2024-03-24,HWS,화성공장,A,256,7,97.27,22.818359375,44.4296875,2.783125
2024-03-24,HWS,화성공장,B,287,11,96.17,22.901742160278747,44.52473867595819,2.796724738675958
2024-03-24,HWS,화성공장,C,19,1,94.74,22.836842105263155,46.78947368421053,2.8473684210526318
2024-03-24,ULN,울산공장,A,781,29,96.29,23.111395646606915,45.44135723431498,2.8102560819462226
2024-03-24,ULN,울산공장,B,846,31,96.34,22.96158392434988,45.21536643026004,2.8045390070921985
2024-03-24,ULN,울산공장,C,108,4,96.3,22.70925925925926,43.980555555555554,2.8014814814814817
2024-03-25,ASN,아산공장,A,400,14,96.5,23.18375,45.12925,2.820175
2024-03-25,ASN,아산공장,B,480,14,97.08,22.773958333333333,44.394999999999996,2.7855624999999997
2024-03-25,ASN,아산공장,C,52,4,92.31,23.02692307692308,45.051923076923075,2.8236538461538463
2024-03-25,GWJ,광주공장,A,283,11,96.11,22.806713780918727,44.669611307420496,2.8114134275618374
2024-03-25,GWJ,광주공장,B,267,14,94.76,22.669662921348316,44.74194756554307,2.7994756554307116
2024-03-25,GWJ,광주공장,C,31,1,96.77,22.493548387096773,46.16129032258065,2.770322580645161
2024-03-25,HWS,화성공장,A,294,17,94.22,23.12278911564626,45.176530612244896,2.7762585034013605
2024-03-25,HWS,화성공장,B,276,17,93.84,22.880797101449275,45.71195652173913,2.799021739130435
2024-03-25,HWS,화성공장,C,29,1,96.55,22.906896551724138,43.210344827586205,2.8455172413793104
2024-03-25,ULN,울산공장,A,872,36,95.87,22.953325688073395,44.68761467889908,2.782373853211009
2024-03-25,ULN,울산공장,B,861,27,96.86,22.820325203252033,44.835888501742154,2.7915795586527294
2024-03-25,ULN,울산공장,C,120,4,96.67,22.953333333333333,44.54833333333333,2.8136666666666668
2024-03-26,ASN,아산공장,A,441,17,96.15,23.282312925170068,44.179591836734694,2.7995918367346935
2024-03-26,ASN,아산공장,B,479,20,95.82,23.04384133611691,45.225678496868476,2.831419624217119
2024-03-26,ASN,아산공장,C,60,4,93.33,23.248333333333335,45.223333333333336,2.754
2024-03-26,GWJ,광주공장,A,291,12,95.88,23.189003436426116,44.771821305841925,2.8126116838487976
2024-03-26,GWJ,광주공장,B,258,9,96.51,22.62519379844961,44.99147286821705,2.798139534883721
2024-03-26,GWJ,광주공장,C,41,2,95.12,22.378048780487806,43.543902439024386,2.7346341463414636
2024-03-26,HWS,화성공장,A,250,6,97.6,23.044,44.7904,2.81324
2024-03-26,HWS,화성공장,B,282,14,95.04,22.572695035460992,45.61099290780142,2.8089361702127658
2024-03-26,HWS,화성공장,C,38,3,92.11,22.599999999999998,46.58157894736842,2.7944736842105264
2024-03-26,ULN,울산공장,A,766,32,95.82,23.0411227154047,45.40626631853785,2.8046344647519583
2024-03-26,ULN,울산공장,B,879,38,95.68,22.795335608646187,45.15437997724687,2.778555176336746
2024-03-26,ULN,울산공장,C,114,12,89.47,23.142105263157895,44.5719298245614,2.8171929824561404
2024-03-27,ASN,아산공장,A,469,17,96.38,23.20234541577825,44.980383795309166,2.8065245202558637
2024-03-27,ASN,아산공장,B,451,20,95.57,22.82039911308204,44.80687361419069,2.7814634146341466
2024-03-27,ASN,아산공장,C,56,4,92.86,22.4375,42.987500000000004,2.7651785714285713
2024-03-27,GWJ,광주공장,A,277,7,97.47,22.95234657039711,45.70216606498195,2.8227075812274367
2024-03-27,GWJ,광주공장,B,305,14,95.41,22.811147540983605,44.51540983606558,2.838
2024-03-27,GWJ,광주공장,C,46,3,93.48,23.55217391304348,44.92173913043479,2.7941304347826086
2024-03-27,HWS,화성공장,A,271,8,97.05,22.941328413284133,45.53210332103321,2.824870848708487
2024-03-27,HWS,화성공장,B,287,10,96.52,23.215331010452964,44.45714285714286,2.8105923344947734
2024-03-27,HWS,화성공장,C,37,0,100.0,23.33783783783784,46.089189189189185,2.928918918918919
2024-03-27,ULN,울산공장,A,813,35,95.69,22.93849938499385,45.11980319803198,2.783087330873309
2024-03-27,ULN,울산공장,B,887,48,94.59,22.838556933483652,44.90822998872604,2.786290868094701
2024-03-27,ULN,울산공장,C,95,8,91.58,23.189473684210526,43.69052631578948,2.7289473684210526
2024-03-28,ASN,아산공장,A,454,30,93.39,22.975770925110133,45.32334801762114,2.7851541850220265
2024-03-28,ASN,아산공장,B,456,18,96.05,23.095833333333335,45.08092105263158,2.8240350877192983
2024-03-28,ASN,아산공장,C,35,2,94.29,23.594285714285714,45.03142857142857,2.734857142857143
2024-03-28,GWJ,광주공장,A,267,10,96.25,23.050936329588016,44.568164794007494,2.7944569288389514
2024-03-28,GWJ,광주공장,B,296,7,97.64,23.12804054054054,44.84155405405406,2.813581081081081
2024-03-28,GWJ,광주공장,C,42,3,92.86,22.247619047619047,44.12619047619047,2.840952380952381
2024-03-28,HWS,화성공장,A,281,20,92.88,22.835231316725977,44.86725978647687,2.8001779359430605
2024-03-28,HWS,화성공장,B,309,16,94.82,22.999352750809063,44.456957928802595,2.795177993527508
2024-03-28,HWS,화성공장,C,36,1,97.22,22.23888888888889,46.68333333333333,2.9158333333333335
2024-03-28,ULN,울산공장,A,828,38,95.41,22.954227053140094,44.79311594202898,2.793599033816425
2024-03-28,ULN,울산공장,B,837,21,97.49,23.051015531660696,45.47240143369176,2.7977299880525686
2024-03-28,ULN,울산공장,C,100,6,94.0,22.848000000000003,44.297,2.783
2024-03-29,ASN,아산공장,A,453,19,95.81,23.093377483443707,44.381898454746135,2.7907726269315676
2024-03-29,ASN,아산공장,B,483,22,95.45,23.10248447204969,45.34120082815735,2.8055072463768114
2024-03-29,ASN,아산공장,C,46,4,91.3,23.039130434782606,44.667391304347824,2.8286956521739133
2024-03-29,GWJ,광주공장,A,291,16,94.5,23.167697594501718,45.16769759450172,2.785807560137457
2024-03-29,GWJ,광주공장,B,292,10,96.58,23.045890410958904,45.79623287671233,2.827123287671233
2024-03-29,GWJ,광주공장,C,34,1,97.06,23.75,43.78235294117647,2.8311764705882356
2024-03-29,HWS,화성공장,A,293,18,93.86,23.068941979522183,44.449488054607514,2.792730375426621
2024-03-29,HWS,화성공장,B,261,12,95.4,22.74137931034483,45.43831417624521,2.781340996168582
2024-03-29,HWS,화성공장,C,31,2,93.55,23.580645161290324,47.303225806451614,2.8470967741935485
2024-03-29,ULN,울산공장,A,797,25,96.86,23.059723964868255,44.67289836888332,2.7918067754077796
2024-03-29,ULN,울산공장,B,852,28,96.71,22.949295774647887,45.00985915492958,2.807382629107981
2024-03-29,ULN,울산공장,C,108,7,93.52,23.19074074074074,45.675925925925924,2.8074999999999997
2024-03-30,ASN,아산공장,A,445,13,97.08,23.042471910112358,44.92943820224719,2.8304943820224717
2024-03-30,ASN,아산공장,B,460,14,96.96,23.081521739130434,44.84326086956522,2.813695652173913
2024-03-30,ASN,아산공장,C,72,4,94.44,23.669444444444444,43.355555555555554,2.816388888888889
2024-03-30,GWJ,광주공장,A,278,12,95.68,22.823021582733812,45.42661870503597,2.812014388489209
2024-03-30,GWJ,광주공장,B,267,7,97.38,22.880149812734082,45.122846441947566,2.777303370786517
2024-03-30,GWJ,광주공장,C,33,0,100.0,22.887878787878787,45.92424242424242,2.834848484848485
2024-03-30,HWS,화성공장,A,282,10,96.45,23.138297872340427,44.95851063829787,2.8073404255319145
2024-03-30,HWS,화성공장,B,287,14,95.12,22.9390243902439,44.98710801393728,2.831149825783972
2024-03-30,HWS,화성공장,C,45,2,95.56,22.733333333333334,44.17111111111111,2.832888888888889
2024-03-30,ULN,울산공장,A,819,27,96.7,23.094627594627596,45.44981684981685,2.794249084249084
2024-03-30,ULN,울산공장,B,872,33,96.22,22.995642201834862,44.95355504587156,2.785447247706422
2024-03-30,ULN,울산공장,C,124,8,93.55,23.220967741935485,43.93064516129032,2.8052419354838714
2024-03-31,ASN,아산공장,A,467,18,96.15,22.940256959314777,45.028907922912204,2.8188865096359743
2024-03-31,ASN,아산공장,B,451,16,96.45,23.05942350332594,45.12749445676275,2.8143237250554325
2024-03-31,ASN,아산공장,C,58,3,94.83,23.71206896551724,44.748275862068965,2.699827586206897
2024-03-31,GWJ,광주공장,A,255,5,98.04,23.14,43.89725490196078,2.7913725490196075
2024-03-31,GWJ,광주공장,B,277,11,96.03,22.873646209386283,45.63646209386281,2.7614440433212994
2024-03-31,GWJ,광주공장,C,44,3,93.18,22.236363636363635,45.02727272727273,2.841818181818182
2024-03-31,HWS,화성공장,A,281,9,96.8,22.959786476868327,45.40782918149466,2.7798220640569395
2024-03-31,HWS,화성공장,B,267,11,95.88,23.19625468164794,45.10449438202247,2.8196254681647943
2024-03-31,HWS,화성공장,C,36,4,88.89,23.275,44.88055555555556,2.7191666666666667
2024-03-31,ULN,울산공장,A,842,34,95.96,23.13266033254157,44.78147268408551,2.8078503562945367
2024-03-31,ULN,울산공장,B,867,27,96.89,23.11695501730104,44.799538638985005,2.7821914648212225
2024-03-31,ULN,울산공장,C,96,9,90.62,22.6375,43.85729166666667,2.7894791666666667
2024-04-01,ASN,아산공장,A,460,11,97.61,23.105652173913043,45.162608695652175,2.7909130434782607
2024-04-01,ASN,아산공장,B,442,15,96.61,23.1237556561086,45.409728506787324,2.800950226244344
2024-04-01,ASN,아산공장,C,47,3,93.62,23.02127659574468,45.90425531914894,2.7927659574468082
2024-04-01,GWJ,광주공장,A,254,16,93.7,22.91299212598425,45.50984251968504,2.8124409448818897
2024-04-01,GWJ,광주공장,B,278,10,96.4,22.86978417266187,44.25863309352518,2.8284892086330937
2024-04-01,GWJ,광주공장,C,39,0,100.0,22.566666666666666,45.02564102564103,2.7664102564102566
2024-04-01,HWS,화성공장,A,267,8,97.0,22.62621722846442,45.90749063670412,2.7731835205992508
2024-04-01,HWS,화성공장,B,271,10,96.31,22.811439114391142,45.37933579335793,2.781180811808118
2024-04-01,HWS,화성공장,C,42,2,95.24,21.938095238095237,43.59285714285714,2.842142857142857
2024-04-01,ULN,울산공장,A,826,32,96.13,22.92409200968523,44.97639225181598,2.7968038740920096
2024-04-01,ULN,울산공장,B,831,22,97.35,23.210589651022865,45.0826714801444,2.7928158844765343
2024-04-01,ULN,울산공장,C,113,7,93.81,22.83362831858407,46.236283185840705,2.796371681415929
2024-04-02,ASN,아산공장,A,471,31,93.42,23.195541401273886,45.5,2.7996815286624206
2024-04-02,ASN,아산공장,B,480,16,96.67,23.008750000000003,45.205625000000005,2.8023124999999998
2024-04-02,ASN,아산공장,C,58,7,87.93,22.96034482758621,44.30862068965517,2.819827586206897
2024-04-02,GWJ,광주공장,A,295,17,94.24,22.557288135593218,44.47457627118644,2.7742711864406777
2024-04-02,GWJ,광주공장,B,288,11,96.18,23.005902777777777,45.35590277777778,2.796875
2024-04-02,GWJ,광주공장,C,22,1,95.45,22.163636363636364,48.13181818181818,2.9372727272727275
2024-04-02,HWS,화성공장,A,266,13,95.11,22.757518796992482,44.81127819548872,2.7732706766917294
2024-04-02,HWS,화성공장,B,296,12,95.95,22.97635135135135,44.88614864864864,2.8014864864864863
2024-04-02,HWS,화성공장,C,31,2,93.55,23.903225806451612,44.92258064516129,2.8629032258064515
2024-04-02,ULN,울산공장,A,847,30,96.46,22.89822904368359,44.614639905549,2.7959740259740262
2024-04-02,ULN,울산공장,B,831,38,95.43,22.947412755716005,45.203489771359806,2.7948495788206977
2024-04-02,ULN,울산공장,C,112,9,91.96,22.905357142857145,45.35892857142857,2.7611607142857144
2024-04-03,ASN,아산공장,A,499,22,95.59,22.881563126252505,44.72845691382766,2.796492985971944
2024-04-03,ASN,아산공장,B,467,19,95.93,22.862098501070665,44.50107066381156,2.8028693790149894
2024-04-03,ASN,아산공장,C,53,4,92.45,23.29433962264151,44.81509433962264,2.8326415094339623
2024-04-03,GWJ,광주공장,A,275,10,96.36,22.94218181818182,43.95090909090909,2.7821818181818183
2024-04-03,GWJ,광주공장,B,268,13,95.15,23.03171641791045,45.027611940298506,2.8059701492537314
2024-04-03,GWJ,광주공장,C,27,3,88.89,24.20740740740741,42.855555555555554,2.715925925925926
2024-04-03,HWS,화성공장,A,241,7,97.1,23.42572614107884,45.13983402489627,2.782033195020747
2024-04-03,HWS,화성공장,B,288,10,96.53,23.077083333333334,44.72881944444444,2.8177083333333335
2024-04-03,HWS,화성공장,C,30,3,90.0,23.2,42.95333333333333,2.8026666666666666
2024-04-03,ULN,울산공장,A,831,30,96.39,23.05078219013237,45.07436823104693,2.791889290012034
2024-04-03,ULN,울산공장,B,834,27,96.76,23.133333333333333,45.19352517985612,2.7908153477218227
2024-04-03,ULN,울산공장,C,94,7,92.55,23.221276595744683,44.740425531914894,2.8046808510638295
2024-04-04,ASN,아산공장,A,443,16,96.39,23.087358916478557,44.38284424379232,2.7975395033860044
2024-04-04,ASN,아산공장,B,439,15,96.58,23.199316628701595,46.387471526195895,2.783576309794989
2024-04-04,ASN,아산공장,C,58,1,98.28,22.9948275862069,46.960344827586205,2.8624137931034483
2024-04-04,GWJ,광주공장,A,266,11,95.86,23.005263157894735,44.96616541353384,2.805263157894737
2024-04-04,GWJ,광주공장,B,289,8,97.23,22.861937716262975,45.50242214532872,2.832491349480969
2024-04-04,GWJ,광주공장,C,31,2,93.55,23.138709677419353,47.18387096774194,2.8364516129032262
2024-04-04,HWS,화성공장,A,258,12,95.35,22.985271317829458,44.63565891472868,2.8249612403100777
2024-04-04,HWS,화성공장,B,292,10,96.58,23.09212328767123,44.50856164383562,2.7755479452054796
2024-04-04,HWS,화성공장,C,39,5,87.18,22.77948717948718,45.44871794871795,2.6946153846153846
2024-04-04,ULN,울산공장,A,770,27,96.49,22.81142857142857,45.04337662337662,2.8052597402597406
2024-04-04,ULN,울산공장,B,868,25,97.12,23.0639400921659,44.9610599078341,2.7941589861751153
2024-04-04,ULN,울산공장,C,120,5,95.83,23.020833333333332,45.94583333333333,2.780666666666667
2024-04-05,ASN,아산공장,A,461,15,96.75,23.156182212581346,44.46420824295011,2.798177874186551
2024-04-05,ASN,아산공장,B,480,17,96.46,22.952916666666667,45.2125,2.8066875000000002
2024-04-05,ASN,아산공장,C,58,6,89.66,22.979310344827585,43.86724137931035,2.8194827586206896
2024-04-05,GWJ,광주공장,A,274,14,94.89,22.833941605839417,44.50583941605839,2.8177737226277375
2024-04-05,GWJ,광주공장,B,279,12,95.7,23.28673835125448,45.621863799283155,2.7559139784946236
2024-04-05,GWJ,광주공장,C,44,2,95.45,23.161363636363635,45.252272727272725,2.840681818181818
2024-04-05,HWS,화성공장,A,293,12,95.9,22.782935153583615,45.534129692832764,2.783720136518771
2024-04-05,HWS,화성공장,B,269,9,96.65,22.974721189591076,44.52230483271376,2.7988847583643124
2024-04-05,HWS,화성공장,C,36,3,91.67,22.108333333333334,44.791666666666664,2.866944444444444
2024-04-05,ULN,울산공장,A,809,41,94.93,22.945117428924597,45.240420271940664,2.8009270704573543
2024-04-05,ULN,울산공장,B,821,27,96.71,23.011936662606576,45.027527405602925,2.80400730816078
2024-04-05,ULN,울산공장,C,96,8,91.67,22.836458333333336,44.371874999999996,2.7748958333333333
2024-04-06,ASN,아산공장,A,480,15,96.88,23.058958333333333,44.96,2.7864999999999998
2024-04-06,ASN,아산공장,B,457,11,97.59,23.086652078774616,45.18862144420132,2.8039168490153177
2024-04-06,ASN,아산공장,C,63,6,90.48,23.004761904761903,43.70952380952381,2.737936507936508
2024-04-06,GWJ,광주공장,A,264,13,95.08,22.873106060606062,45.1625,2.7536742424242426
2024-04-06,GWJ,광주공장,B,310,15,95.16,23.01290322580645,45.30516129032258,2.7993225806451614
2024-04-06,GWJ,광주공장,C,33,2,93.94,23.57272727272727,47.224242424242426,2.8275757575757576
2024-04-06,HWS,화성공장,A,256,8,96.88,23.200390625,45.096875,2.786640625
2024-04-06,HWS,화성공장,B,265,11,95.85,23.37735849056604,46.047547169811324,2.803169811320755
2024-04-06,HWS,화성공장,C,31,1,96.77,23.374193548387098,42.906451612903226,2.8390322580645164
2024-04-06,ULN,울산공장,A,878,27,96.92,22.79510250569476,45.34510250569476,2.7833371298405467
2024-04-06,ULN,울산공장,B,817,21,97.43,23.043084455324358,44.80293757649939,2.797466340269278
2024-04-06,ULN,울산공장,C,90,3,96.67,22.636666666666667,45.17444444444444,2.8046666666666664
2024-04-07,ASN,아산공장,A,490,15,96.94,23.08469387755102,45.02448979591837,2.7830204081632655
2024-04-07,ASN,아산공장,B,499,20,95.99,23.004008016032063,45.39098196392785,2.8105210420841686
2024-04-07,ASN,아산공장,C,72,1,98.61,22.538888888888888,44.32222222222222,2.8193055555555557
2024-04-07,GWJ,광주공장,A,277,9,96.75,23.16462093862816,44.53898916967509,2.792779783393502
2024-04-07,GWJ,광주공장,B,279,16,94.27,23.04121863799283,44.46164874551971,2.8142652329749103
2024-04-07,GWJ,광주공장,C,41,2,95.12,23.67560975609756,45.52439024390244,2.8658536585365852
2024-04-07,HWS,화성공장,A,260,19,92.69,22.979615384615386,44.86615384615385,2.8267307692307693
2024-04-07,HWS,화성공장,B,261,8,96.93,22.860919540229883,45.34597701149425,2.7899616858237546
2024-04-07,HWS,화성공장,C,31,2,93.55,23.574193548387097,44.79032258064516,2.7235483870967743
2024-04-07,ULN,울산공장,A,845,38,95.5,22.789585798816567,45.397869822485205,2.7854792899408283
2024-04-07,ULN,울산공장,B,829,30,96.38,22.801568154402894,45.15174909529554,2.7846682750301563
2024-04-07,ULN,울산공장,C,93,4,95.7,22.780645161290323,44.921505376344086,2.7653763440860217
2024-04-08,ASN,아산공장,A,455,18,96.04,22.935824175824173,45.1789010989011,2.794065934065934
2024-04-08,ASN,아산공장,B,462,12,97.4,23.03874458874459,45.075108225108224,2.804372294372294
2024-04-08,ASN,아산공장,C,65,1,98.46,22.62923076923077,45.15538461538461,2.752153846153846
2024-04-08,GWJ,광주공장,A,283,16,94.35,23.2226148409894,44.38409893992933,2.7518374558303886
2024-04-08,GWJ,광주공장,B,306,14,95.42,23.015359477124182,45.0875816993464,2.7826797385620914
2024-04-08,GWJ,광주공장,C,41,2,95.12,23.265853658536585,45.40731707317073,2.8614634146341467
2024-04-08,HWS,화성공장,A,290,12,95.86,23.058275862068964,44.91172413793103,2.815103448275862
2024-04-08,HWS,화성공장,B,268,9,96.64,22.78171641791045,44.63694029850747,2.7986194029850746
2024-04-08,HWS,화성공장,C,40,0,100.0,22.857499999999998,42.010000000000005,2.8272500000000003
2024-04-08,ULN,울산공장,A,850,29,96.59,22.95705882352941,45.414941176470585,2.796
2024-04-08,ULN,울산공장,B,844,31,96.33,23.109360189573458,44.82796208530806,2.789431279620853
2024-04-08,ULN,울산공장,C,125,4,96.8,22.8672,46.330400000000004,2.7453600000000002
2024-04-09,ASN,아산공장,A,499,20,95.99,23.097595190380762,44.376953907815626,2.8175951903807617
2024-04-09,ASN,아산공장,B,510,19,96.27,22.939411764705884,45.22509803921569,2.7918431372549017
2024-04-09,ASN,아산공장,C,61,4,93.44,22.74590163934426,43.283606557377055,2.774426229508197
2024-04-09,GWJ,광주공장,A,273,7,97.44,23.135164835164833,45.82051282051282,2.800695970695971
2024-04-09,GWJ,광주공장,B,291,10,96.56,22.90274914089347,44.902061855670105,2.807594501718213
2024-04-09,GWJ,광주공장,C,43,4,90.7,22.97906976744186,43.1953488372093,2.7827906976744186
2024-04-09,HWS,화성공장,A,277,11,96.03,22.94981949458484,45.66245487364621,2.7742238267148016
2024-04-09,HWS,화성공장,B,292,13,95.55,23.062671232876713,45.08082191780822,2.813116438356164
2024-04-09,HWS,화성공장,C,23,1,95.65,22.960869565217394,43.02173913043478,2.8491304347826087
2024-04-09,ULN,울산공장,A,821,28,96.59,23.044092570036543,44.73142509135201,2.796187576126675
2024-04-09,ULN,울산공장,B,834,28,96.64,23.1363309352518,45.12158273381295,2.8026738609112707
2024-04-09,ULN,울산공장,C,104,6,94.23,22.56346153846154,43.98173076923077,2.8147115384615384
2024-04-10,ASN,아산공장,A,467,24,94.86,22.941755888650963,44.767665952890795,2.7919057815845822
2024-04-10,ASN,아산공장,B,491,14,97.15,22.972912423625257,44.98492871690427,2.7813441955193485
2024-04-10,ASN,아산공장,C,51,1,98.04,22.49607843137255,46.2078431372549,2.7962745098039212
2024-04-10,GWJ,광주공장,A,264,11,95.83,23.052651515151513,45.13068181818182,2.8428030303030303
2024-04-10,GWJ,광주공장,B,254,8,96.85,23.190157480314962,45.41023622047244,2.786299212598425
2024-04-10,GWJ,광주공장,C,39,3,92.31,23.076923076923077,45.23076923076923,2.7505128205128204
2024-04-10,HWS,화성공장,A,301,11,96.35,22.851162790697675,45.325581395348834,2.7851827242524916
2024-04-10,HWS,화성공장,B,284,13,95.42,22.70739436619718,44.785563380281694,2.8149647887323943
2024-04-10,HWS,화성공장,C,41,3,92.68,23.01951219512195,43.702439024390245,2.8078048780487808
2024-04-10,ULN,울산공장,A,848,40,95.28,23.03290094339623,44.88455188679245,2.8036556603773586
2024-04-10,ULN,울산공장,B,834,23,97.24,23.062470023980815,44.89352517985611,2.829484412470024
2024-04-10,ULN,울산공장,C,105,5,95.24,23.504761904761907,44.239999999999995,2.846952380952381
2024-04-11,ASN,아산공장,A,531,25,95.29,23.06403013182674,44.82241054613936,2.812297551789077
2024-04-11,ASN,아산공장,B,495,18,96.36,23.08969696969697,45.20020202020202,2.7974343434343436
2024-04-11,ASN,아산공장,C,46,4,91.3,23.349999999999998,45.78478260869565,2.7897826086956523
2024-04-11,GWJ,광주공장,A,289,7,97.58,22.832871972318337,44.04117647058823,2.796574394463668
2024-04-11,GWJ,광주공장,B,300,12,96.0,23.215666666666667,44.275666666666666,2.7968666666666664
2024-04-11,GWJ,광주공장,C,36,4,88.89,23.275,45.16388888888889,2.6888888888888887
2024-04-11,HWS,화성공장,A,277,7,97.47,22.966787003610108,44.629602888086644,2.815054151624549
2024-04-11,HWS,화성공장,B,285,13,95.44,23.154736842105265,45.05122807017544,2.8162105263157895
2024-04-11,HWS,화성공장,C,25,3,88.0,22.868000000000002,45.532,2.7924
2024-04-11,ULN,울산공장,A,806,24,97.02,23.06712158808933,44.84466501240695,2.7966873449131513
2024-04-11,ULN,울산공장,B,797,33,95.86,23.014554579673774,44.78469259723965,2.8027352572145547
2024-04-11,ULN,울산공장,C,108,9,91.67,23.552777777777777,45.41574074074074,2.750648148148148
2024-04-12,ASN,아산공장,A,524,19,96.37,22.77881679389313,44.17041984732824,2.8292748091603053
2024-04-12,ASN,아산공장,B,505,20,96.04,23.057029702970297,45.100396039603964,2.8092277227722775
2024-04-12,ASN,아산공장,C,55,3,94.55,22.99818181818182,43.530909090909084,2.7945454545454544
2024-04-12,GWJ,광주공장,A,300,8,97.33,23.069,44.75566666666667,2.7776666666666667
2024-04-12,GWJ,광주공장,B,282,9,96.81,23.412056737588653,44.16382978723404,2.7861702127659576
2024-04-12,GWJ,광주공장,C,48,2,95.83,24.15625,46.456250000000004,2.860208333333333
2024-04-12,HWS,화성공장,A,279,8,97.13,22.67885304659498,45.488172043010756,2.8099641577060934
2024-04-12,HWS,화성공장,B,254,12,95.28,23.190944881889763,45.26299212598425,2.7445275590551184
2024-04-12,HWS,화성공장,C,40,2,95.0,23.4725,42.542500000000004,2.7755
2024-04-12,ULN,울산공장,A,833,23,97.24,22.954621848739496,45.35810324129652,2.8151860744297723
2024-04-12,ULN,울산공장,B,849,35,95.88,23.05889281507656,45.174087161366316,2.796855123674912
2024-04-12,ULN,울산공장,C,99,6,93.94,22.648484848484845,45.270707070707076,2.7474747474747474
2024-04-13,ASN,아산공장,A,486,14,97.12,22.986213991769546,44.56440329218107,2.8067489711934157
2024-04-13,ASN,아산공장,B,456,16,96.49,23.00986842105263,45.00614035087719,2.8111403508771926
2024-04-13,ASN,아산공장,C,60,4,93.33,23.256666666666668,43.63666666666666,2.779166666666667
2024-04-13,GWJ,광주공장,A,283,19,93.29,22.8773851590106,44.58303886925795,2.8092226148409893
2024-04-13,GWJ,광주공장,B,256,10,96.09,22.73359375,44.78515625,2.7927343749999998
2024-04-13,GWJ,광주공장,C,38,2,94.74,22.173684210526318,47.113157894736844,2.8092105263157894
2024-04-13,HWS,화성공장,A,281,17,93.95,23.003914590747332,46.72455516014235,2.796654804270463
2024-04-13,HWS,화성공장,B,288,10,96.53,23.075000000000003,43.95972222222222,2.8002430555555557
2024-04-13,HWS,화성공장,C,39,2,94.87,23.153846153846153,45.75128205128205,2.8315384615384613
2024-04-13,ULN,울산공장,A,810,34,95.8,23.085185185185185,44.532716049382714,2.7899753086419756
2024-04-13,ULN,울산공장,B,861,29,96.63,22.937514518002324,44.95725900116144,2.8016260162601623
2024-04-13,ULN,울산공장,C,116,4,96.55,23.17413793103448,44.40172413793104,2.7768103448275863
2024-04-14,ASN,아산공장,A,482,16,96.68,22.771784232365146,45.07738589211618,2.804045643153527
2024-04-14,ASN,아산공장,B,466,14,97.0,22.99785407725322,45.67832618025751,2.7965665236051502
2024-04-14,ASN,아산공장,C,48,2,95.83,22.49791666666667,44.72083333333333,2.7770833333333336
2024-04-14,GWJ,광주공장,A,281,10,96.44,23.165836298932387,46.365480427046265,2.809715302491103
2024-04-14,GWJ,광주공장,B,283,15,94.7,22.856890459363957,45.0678445229682,2.8101060070671378
2024-04-14,GWJ,광주공장,C,34,2,94.12,22.929411764705883,43.59117647058823,2.925588235294118
2024-04-14,HWS,화성공장,A,269,13,95.17,23.021933085501857,44.98066914498141,2.8048327137546467
2024-04-14,HWS,화성공장,B,288,13,95.49,23.367361111111112,45.55763888888889,2.7868055555555555
2024-04-14,HWS,화성공장,C,38,2,94.74,23.56578947368421,44.46578947368421,2.791315789473684
2024-04-14,ULN,울산공장,A,788,25,96.83,22.943908629441623,44.312055837563456,2.79993654822335
2024-04-14,ULN,울산공장,B,819,32,96.09,23.046520146520145,44.856043956043955,2.8001465201465203
2024-04-14,ULN,울산공장,C,124,6,95.16,22.861290322580647,44.71290322580645,2.81
2024-04-15,ASN,아산공장,A,519,22,95.76,23.17360308285164,44.828323699421965,2.8140655105973025
2024-04-15,ASN,아산공장,B,455,19,95.82,22.986813186813187,45.21780219780219,2.7958241758241758
2024-04-15,ASN,아산공장,C,52,3,94.23,22.809615384615384,45.978846153846156,2.776923076923077
2024-04-15,GWJ,광주공장,A,346,10,97.11,23.165895953757225,45.166763005780346,2.8035260115606935
2024-04-15,GWJ,광주공장,B,274,9,96.72,23.12043795620438,45.05802919708029,2.7993430656934306
2024-04-15,GWJ,광주공장,C,35,3,91.43,23.357142857142858,45.94571428571428,2.8082857142857143
2024-04-15,HWS,화성공장,A,267,11,95.88,23.05243445692884,45.49700374531835,2.8135955056179776
2024-04-15,HWS,화성공장,B,260,8,96.92,22.840769230769233,45.393076923076926,2.808692307692308
2024-04-15,HWS,화성공장,C,29,1,96.55,23.355172413793102,44.39655172413793,2.866551724137931
2024-04-15,ULN,울산공장,A,861,35,95.93,23.22206736353078,45.05029036004646,2.816260162601626
2024-04-15,ULN,울산공장,B,838,31,96.3,23.060859188544153,44.50513126491647,2.8029713603818616
2024-04-15,ULN,울산공장,C,121,13,89.26,23.45702479338843,45.89173553719008,2.8269421487603306
2024-04-16,ASN,아산공장,A,499,24,95.19,23.02685370741483,45.45591182364729,2.829619238476954
2024-04-16,ASN,아산공장,B,481,15,96.88,22.996257796257797,44.906860706860705,2.8396257796257793
2024-04-16,ASN,아산공장,C,57,1,98.25,22.963157894736845,43.17017543859649,2.771578947368421
2024-04-16,GWJ,광주공장,A,280,15,94.64,22.917142857142856,44.51535714285714,2.765892857142857
2024-04-16,GWJ,광주공장,B,251,8,96.81,23.16733067729084,44.66454183266932,2.8276892430278884
2024-04-16,GWJ,광주공장,C,35,2,94.29,23.725714285714286,45.55714285714286,2.8254285714285716
2024-04-16,HWS,화성공장,A,274,19,93.07,23.01204379562044,45.214233576642336,2.796751824817518
2024-04-16,HWS,화성공장,B,288,11,96.18,23.05173611111111,45.61597222222222,2.7903819444444444
2024-04-16,HWS,화성공장,C,26,1,96.15,23.303846153846152,45.88461538461539,2.75
2024-04-16,ULN,울산공장,A,825,41,95.03,23.129333333333335,44.81163636363636,2.803539393939394
2024-04-16,ULN,울산공장,B,768,28,96.35,23.16028645833333,45.098828125000004,2.813763020833333
2024-04-16,ULN,울산공장,C,116,9,92.24,22.767241379310345,44.80948275862069,2.8118103448275864
2024-04-17,ASN,아산공장,A,478,12,97.49,22.911087866108787,45.56589958158996,2.778682008368201
2024-04-17,ASN,아산공장,B,448,24,94.64,23.033258928571428,45.13258928571429,2.8049330357142854
2024-04-17,ASN,아산공장,C,52,5,90.38,23.601923076923075,42.82884615384615,2.773076923076923
2024-04-17,GWJ,광주공장,A,268,10,96.27,23.09179104477612,45.201492537313435,2.8099626865671645
2024-04-17,GWJ,광주공장,B,260,10,96.15,23.19846153846154,45.339230769230774,2.7844615384615388
2024-04-17,GWJ,광주공장,C,35,1,97.14,22.99142857142857,43.89142857142857,2.7317142857142858
2024-04-17,HWS,화성공장,A,274,9,96.72,22.843795620437955,44.62043795620438,2.7924817518248175
2024-04-17,HWS,화성공장,B,287,6,97.91,23.310452961672475,44.624738675958184,2.8047038327526135
2024-04-17,HWS,화성공장,C,35,2,94.29,22.405714285714286,47.537142857142854,2.8542857142857145
2024-04-17,ULN,울산공장,A,867,34,96.08,22.979700115340254,44.891234140715106,2.7951787773933106
2024-04-17,ULN,울산공장,B,832,20,97.6,23.04338942307692,44.67055288461539,2.793762019230769
2024-04-17,ULN,울산공장,C,99,4,95.96,23.348484848484848,45.28484848484848,2.8158585858585856
2024-04-18,ASN,아산공장,A,439,16,96.36,23.152164009111615,45.119589977220954,2.799840546697039
2024-04-18,ASN,아산공장,B,423,13,96.93,22.739007092198584,45.07895981087471,2.79628841607565
2024-04-18,ASN,아산공장,C,52,2,96.15,22.36346153846154,44.04038461538461,2.770576923076923
2024-04-18,GWJ,광주공장,A,264,14,94.7,23.09507575757576,45.634469696969695,2.7845454545454547
2024-04-18,GWJ,광주공장,B,264,10,96.21,23.44962121212121,44.55795454545454,2.762272727272727
2024-04-18,GWJ,광주공장,C,29,0,100.0,23.313793103448276,43.83793103448276,2.7420689655172414
2024-04-18,HWS,화성공장,A,290,14,95.17,23.252068965517243,45.178275862068965,2.8096206896551723
2024-04-18,HWS,화성공장,B,291,12,95.88,22.860481099656358,45.11408934707904,2.763333333333333
2024-04-18,HWS,화성공장,C,48,4,91.67,23.25,45.35,2.80125
2024-04-18,ULN,울산공장,A,906,32,96.47,23.072075055187636,45.310706401766005,2.7930242825607063
2024-04-18,ULN,울산공장,B,858,36,95.8,23.048135198135196,45.12960372960372,2.8021678321678323
2024-04-18,ULN,울산공장,C,100,9,91.0,23.246,44.378,2.7645999999999997
2024-04-19,ASN,아산공장,A,474,18,96.2,22.87362869198312,45.004641350210974,2.786434599156118
2024-04-19,ASN,아산공장,B,469,14,97.01,23.08678038379531,45.159061833688696,2.7870362473347545
2024-04-19,ASN,아산공장,C,53,5,90.57,22.869811320754714,45.93962264150944,2.7767924528301884
2024-04-19,GWJ,광주공장,A,280,8,97.14,22.844285714285714,44.785357142857144,2.836642857142857
2024-04-19,GWJ,광주공장,B,275,7,97.45,23.402545454545454,44.13381818181818,2.789490909090909
2024-04-19,GWJ,광주공장,C,33,4,87.88,23.027272727272727,44.21212121212121,2.831818181818182
2024-04-19,HWS,화성공장,A,283,19,93.29,22.857597173144875,44.105653710247346,2.8032508833922263
2024-04-19,HWS,화성공장,B,310,12,96.13,22.940967741935484,45.303548387096775,2.7811290322580646
2024-04-19,HWS,화성공장,C,36,2,94.44,22.072222222222223,45.09444444444445,2.7975
2024-04-19,ULN,울산공장,A,822,27,96.72,23.048418491484185,45.22664233576643,2.7992457420924572
2024-04-19,ULN,울산공장,B,858,31,96.39,23.026456876456876,44.622610722610716,2.8045104895104895
2024-04-19,ULN,울산공장,C,112,4,96.43,23.006249999999998,45.89821428571429,2.7935714285714286
2024-04-20,ASN,아산공장,A,475,25,94.74,22.930736842105265,44.03284210526316,2.7981052631578947
2024-04-20,ASN,아산공장,B,507,27,94.67,22.902366863905325,45.18007889546351,2.8156015779092702
2024-04-20,ASN,아산공장,C,64,2,96.88,23.325,44.7875,2.7915625
2024-04-20,GWJ,광주공장,A,294,10,96.6,23.11326530612245,44.25544217687075,2.7794217687074827
2024-04-20,GWJ,광주공장,B,265,4,98.49,23.450188679245283,45.46905660377358,2.831433962264151
2024-04-20,GWJ,광주공장,C,47,5,89.36,22.90212765957447,46.691489361702125,2.827872340425532
2024-04-20,HWS,화성공장,A,304,14,95.39,23.104934210526313,45.13552631578948,2.8131250000000003
2024-04-20,HWS,화성공장,B,290,6,97.93,22.843793103448274,44.92068965517242,2.813103448275862
2024-04-20,HWS,화성공장,C,32,2,93.75,24.20625,45.775,2.7984375
2024-04-20,ULN,울산공장,A,838,43,94.87,23.06491646778043,44.709188544152745,2.7833412887828164
2024-04-20,ULN,울산공장,B,877,39,95.55,22.996465222348917,44.52428734321551,2.788916761687571
2024-04-20,ULN,울산공장,C,101,9,91.09,23.60693069306931,44.6019801980198,2.7899009900990097
2024-04-21,ASN,아산공장,A,447,13,97.09,22.93557046979866,44.91252796420582,2.80586129753915
2024-04-21,ASN,아산공장,B,498,22,95.58,22.962048192771086,44.846586345381525,2.8026104417670683
2024-04-21,ASN,아산공장,C,57,1,98.25,22.975438596491227,43.74385964912281,2.762982456140351
2024-04-21,GWJ,광주공장,A,296,14,95.27,23.06418918918919,44.50304054054054,2.807601351351351
2024-04-21,GWJ,광주공장,B,260,9,96.54,23.183461538461536,45.47230769230769,2.7890384615384614
2024-04-21,GWJ,광주공장,C,38,3,92.11,22.560526315789474,45.497368421052634,2.753421052631579
2024-04-21,HWS,화성공장,A,284,8,97.18,22.70492957746479,44.665845070422534,2.781725352112676
2024-04-21,HWS,화성공장,B,270,11,95.93,23.053703703703704,44.91851851851852,2.8273333333333333
2024-04-21,HWS,화성공장,C,45,2,95.56,23.03777777777778,45.364444444444445,2.7968888888888888
2024-04-21,ULN,울산공장,A,783,23,97.06,23.077139208173694,44.88467432950191,2.8019029374201785
2024-04-21,ULN,울산공장,B,876,28,96.8,22.763812785388126,45.134360730593606,2.7993949771689497
2024-04-21,ULN,울산공장,C,117,3,97.44,22.49230769230769,45.582905982905984,2.827948717948718
2024-04-22,ASN,아산공장,A,456,22,95.18,22.68377192982456,44.87390350877193,2.7831798245614037
2024-04-22,ASN,아산공장,B,452,23,94.91,22.796681415929203,45.32101769911504,2.7928318584070793
2024-04-22,ASN,아산공장,C,55,7,87.27,23.081818181818182,45.36727272727273,2.802909090909091
2024-04-22,GWJ,광주공장,A,288,15,94.79,22.94826388888889,43.915625000000006,2.8125
2024-04-22,GWJ,광주공장,B,268,12,95.52,22.845522388059702,44.952238805970154,2.7910074626865673
2024-04-22,GWJ,광주공장,C,33,2,93.94,23.403030303030302,44.53939393939394,2.6990909090909088
2024-04-22,HWS,화성공장,A,248,8,96.77,23.163709677419355,44.689112903225805,2.8004032258064515
2024-04-22,HWS,화성공장,B,304,15,95.07,22.920394736842105,44.74901315789474,2.8143421052631576
2024-04-22,HWS,화성공장,C,36,5,86.11,23.913888888888888,46.65833333333333,2.7525
2024-04-22,ULN,울산공장,A,822,39,95.26,22.90583941605839,45.158029197080296,2.797931873479319
2024-04-22,ULN,울산공장,B,842,45,94.66,23.114251781472685,45.12850356294536,2.8092280285035627
2024-04-22,ULN,울산공장,C,89,4,95.51,22.879775280898876,45.20674157303371,2.783258426966292
2024-04-23,ASN,아산공장,A,475,16,96.63,22.95557894736842,44.93073684210526,2.8164631578947366
2024-04-23,ASN,아산공장,B,451,9,98.0,22.843680709534368,45.30731707317073,2.792682926829268
2024-04-23,ASN,아산공장,C,60,6,90.0,23.041666666666668,46.35333333333333,2.8128333333333333
2024-04-23,GWJ,광주공장,A,269,14,94.8,22.937174721189592,45.541635687732345,2.7986988847583643
2024-04-23,GWJ,광주공장,B,269,12,95.54,22.80185873605948,45.305576208178444,2.784089219330855
2024-04-23,GWJ,광주공장,C,30,5,83.33,23.066666666666666,45.806666666666665,2.8826666666666667
2024-04-23,HWS,화성공장,A,285,15,94.74,22.900350877192984,45.004210526315795,2.7841754385964914
2024-04-23,HWS,화성공장,B,264,5,98.11,22.735227272727276,44.558712121212125,2.8274242424242426
2024-04-23,HWS,화성공장,C,31,3,90.32,22.95483870967742,46.248387096774195,2.740645161290322
2024-04-23,ULN,울산공장,A,836,27,96.77,23.02081339712919,44.98588516746411,2.795047846889952
2024-04-23,ULN,울산공장,B,831,37,95.55,22.958002406738867,45.24067388688327,2.8135740072202164
2024-04-23,ULN,울산공장,C,111,9,91.89,23.265765765765767,45.747747747747745,2.8116216216216214
2024-04-24,ASN,아산공장,A,497,24,95.17,23.15271629778672,45.19396378269618,2.8199396378269617
2024-04-24,ASN,아산공장,B,464,15,96.77,22.783836206896552,44.06681034482759,2.7868965517241375
2024-04-24,ASN,아산공장,C,58,2,96.55,23.56896551724138,43.92413793103448,2.8444827586206896
2024-04-24,GWJ,광주공장,A,324,9,97.22,22.904629629629632,44.574691358024694,2.7964506172839503
2024-04-24,GWJ,광주공장,B,243,13,94.65,22.846090534979425,44.15884773662552,2.7996296296296292
2024-04-24,GWJ,광주공장,C,29,2,93.1,22.71034482758621,47.38620689655173,2.75551724137931
2024-04-24,HWS,화성공장,A,282,5,98.23,23.02127659574468,44.2790780141844,2.7806382978723403
2024-04-24,HWS,화성공장,B,283,16,94.35,23.27526501766784,45.31872791519435,2.795017667844523
2024-04-24,HWS,화성공장,C,29,1,96.55,23.110344827586207,44.341379310344834,2.7127586206896552
2024-04-24,ULN,울산공장,A,846,38,95.51,23.10035460992908,45.1404255319149,2.8090543735224585
2024-04-24,ULN,울산공장,B,786,33,95.8,22.8324427480916,45.279770992366416,2.788702290076336
2024-04-24,ULN,울산공장,C,99,8,91.92,23.05252525252525,45.878787878787875,2.7884848484848486
2024-04-25,ASN,아산공장,A,416,19,95.43,22.94591346153846,44.85264423076923,2.796322115384615
2024-04-25,ASN,아산공장,B,440,16,96.36,23.124772727272727,45.90022727272727,2.8051363636363638
2024-04-25,ASN,아산공장,C,49,0,100.0,22.759183673469387,43.81428571428572,2.8334693877551023
2024-04-25,GWJ,광주공장,A,278,7,97.48,22.967625899280577,45.10071942446043,2.7767985611510793
2024-04-25,GWJ,광주공장,B,288,11,96.18,22.701736111111114,43.795138888888886,2.785451388888889
2024-04-25,GWJ,광주공장,C,36,1,97.22,22.841666666666665,47.73888888888889,2.8130555555555556
2024-04-25,HWS,화성공장,A,279,13,95.34,22.866308243727598,45.77455197132617,2.7847311827956993
2024-04-25,HWS,화성공장,B,278,10,96.4,23.178057553956833,44.929496402877696,2.817410071942446
2024-04-25,HWS,화성공장,C,32,2,93.75,23.484375,46.471875,2.8346875
2024-04-25,ULN,울산공장,A,846,40,95.27,23.019267139479904,45.41406619385343,2.7986643026004727
2024-04-25,ULN,울산공장,B,838,33,96.06,22.941169451073986,45.75393794749404,2.8059427207637233
2024-04-25,ULN,울산공장,C,104,7,93.27,23.208653846153844,44.513461538461534,2.7936538461538465
2024-04-26,ASN,아산공장,A,469,21,95.52,22.977398720682302,45.00788912579957,2.806737739872068
2024-04-26,ASN,아산공장,B,441,18,95.92,22.901587301587302,45.459410430839,2.783514739229025
2024-04-26,ASN,아산공장,C,60,5,91.67,23.206666666666667,44.00833333333333,2.798
2024-04-26,GWJ,광주공장,A,272,11,95.96,23.174632352941178,44.064338235294116,2.8235661764705884
2024-04-26,GWJ,광주공장,B,306,10,96.73,22.976797385620912,44.1437908496732,2.804411764705882
2024-04-26,GWJ,광주공장,C,38,1,97.37,23.23157894736842,45.88157894736842,2.8236842105263156
2024-04-26,HWS,화성공장,A,266,12,95.49,22.91278195488722,45.82368421052632,2.7966165413533832
2024-04-26,HWS,화성공장,B,281,7,97.51,22.868327402135233,44.78967971530249,2.8108185053380783
2024-04-26,HWS,화성공장,C,26,3,88.46,22.065384615384616,47.30769230769231,2.698846153846154
2024-04-26,ULN,울산공장,A,839,36,95.71,23.000953516090583,44.57139451728248,2.8020143027413584
2024-04-26,ULN,울산공장,B,839,33,96.07,22.908581644815257,44.48367103694875,2.799761620977354
2024-04-26,ULN,울산공장,C,93,5,94.62,23.38279569892473,43.23548387096774,2.813655913978495
2024-04-27,ASN,아산공장,A,438,14,96.8,23.03401826484018,44.51506849315068,2.7954794520547948
2024-04-27,ASN,아산공장,B,483,17,96.48,22.96231884057971,45.18033126293996,2.7721325051759838
2024-04-27,ASN,아산공장,C,50,7,86.0,22.451999999999998,44.792,2.8388
2024-04-27,GWJ,광주공장,A,266,8,96.99,23.08684210526316,45.291729323308275,2.803383458646617
2024-04-27,GWJ,광주공장,B,313,15,95.21,23.03003194888179,44.33003194888179,2.7698083067092654
2024-04-27,GWJ,광주공장,C,35,3,91.43,23.514285714285716,45.47428571428571,2.790285714285714
2024-04-27,HWS,화성공장,A,282,13,95.39,23.163829787234043,44.446453900709216,2.7887943262411348
2024-04-27,HWS,화성공장,B,269,16,94.05,23.136059479553904,44.83122676579926,2.8011152416356877
2024-04-27,HWS,화성공장,C,39,1,97.44,23.515384615384615,46.13846153846154,2.6746153846153846
2024-04-27,ULN,울산공장,A,837,34,95.94,22.984946236559143,44.96236559139785,2.8061768219832737
2024-04-27,ULN,울산공장,B,839,34,95.95,22.794874851013113,44.30083432657926,2.801108462455304
2024-04-27,ULN,울산공장,C,96,9,90.62,23.391666666666666,44.46979166666667,2.7697916666666664
2024-04-28,ASN,아산공장,A,469,23,95.1,23.06567164179104,44.61151385927505,2.779168443496802
2024-04-28,ASN,아산공장,B,435,14,96.78,22.681379310344827,45.716091954022986,2.8059310344827586
2024-04-28,ASN,아산공장,C,48,3,93.75,23.147916666666664,45.29583333333333,2.810416666666667
2024-04-28,GWJ,광주공장,A,277,11,96.03,22.869675090252706,44.75198555956678,2.7803249097472924
2024-04-28,GWJ,광주공장,B,310,9,97.1,23.149354838709677,45.48935483870968,2.801774193548387
2024-04-28,GWJ,광주공장,C,39,5,87.18,22.869230769230768,43.369230769230775,2.786923076923077
2024-04-28,HWS,화성공장,A,273,8,97.07,23.289010989010986,45.806227106227105,2.805641025641026
2024-04-28,HWS,화성공장,B,271,11,95.94,22.716236162361625,44.95461254612546,2.7830627306273064
2024-04-28,HWS,화성공장,C,38,3,92.11,22.292105263157897,43.99473684210526,2.8234210526315793
2024-04-28,ULN,울산공장,A,882,37,95.8,22.949546485260772,44.93628117913833,2.811281179138322
2024-04-28,ULN,울산공장,B,826,31,96.25,23.026150121065374,45.29939467312349,2.7886198547215497
2024-04-28,ULN,울산공장,C,127,10,92.13,22.480314960629922,45.08267716535433,2.831968503937008
2024-04-29,ASN,아산공장,A,474,18,96.2,22.853797468354433,45.269198312236284,2.814789029535865
2024-04-29,ASN,아산공장,B,484,21,95.66,22.900619834710742,45.4254132231405,2.810805785123967
2024-04-29,ASN,아산공장,C,47,2,95.74,23.351063829787233,44.761702127659575,2.8
2024-04-29,GWJ,광주공장,A,271,14,94.83,22.93911439114391,45.06678966789668,2.821918819188192
2024-04-29,GWJ,광주공장,B,265,14,94.72,22.693584905660376,44.331698113207544,2.813433962264151
2024-04-29,GWJ,광주공장,C,44,3,93.18,23.311363636363637,46.54772727272727,2.8922727272727276
2024-04-29,HWS,화성공장,A,259,9,96.53,23.245945945945945,45.38918918918919,2.800579150579151
2024-04-29,HWS,화성공장,B,266,9,96.62,23.050375939849623,44.44135338345865,2.830488721804511
2024-04-29,HWS,화성공장,C,36,2,94.44,24.02777777777778,44.330555555555556,2.7372222222222224
2024-04-29,ULN,울산공장,A,873,36,95.88,22.99209621993127,44.69988545246277,2.8169988545246274
2024-04-29,ULN,울산공장,B,843,30,96.44,23.036654804270466,44.955871886121,2.786453143534994
2024-04-29,ULN,울산공장,C,108,10,90.74,23.21666666666667,45.72592592592592,2.7933333333333334
2024-04-30,ASN,아산공장,A,424,14,96.7,22.95117924528302,45.00353773584906,2.812924528301887
2024-04-30,ASN,아산공장,B,500,17,96.6,22.7632,44.418,2.78308
2024-04-30,ASN,아산공장,C,58,4,93.1,23.029310344827586,44.83275862068966,2.809137931034483
2024-04-30,GWJ,광주공장,A,331,16,95.17,23.22205438066465,45.36374622356495,2.8258610271903324
2024-04-30,GWJ,광주공장,B,263,15,94.3,23.180988593155895,45.35019011406844,2.777186311787072
2024-04-30,GWJ,광주공장,C,33,2,93.94,22.087878787878786,45.53030303030303,2.807272727272727
2024-04-30,HWS,화성공장,A,273,10,96.34,23.253479853479853,44.75860805860806,2.837032967032967
2024-04-30,HWS,화성공장,B,302,9,97.02,23.48907284768212,45.022516556291386,2.810728476821192
2024-04-30,HWS,화성공장,C,42,1,97.62,22.78333333333333,42.2952380952381,2.736904761904762
2024-04-30,ULN,울산공장,A,853,47,94.49,22.921336459554514,45.13681125439624,2.779273153575615
2024-04-30,ULN,울산공장,B,858,30,96.5,22.961421911421912,44.72482517482518,2.803986013986014
2024-04-30,ULN,울산공장,C,107,4,96.26,22.478504672897195,44.91214953271028,2.8114018691588782
2024-05-01,ASN,아산공장,A,478,25,94.77,23.053347280334727,44.82426778242678,2.804560669456067
2024-05-01,ASN,아산공장,B,464,14,96.98,23.343103448275862,45.304525862068964,2.796551724137931
2024-05-01,ASN,아산공장,C,48,0,100.0,22.931250000000002,47.08958333333334,2.7385416666666664
2024-05-01,GWJ,광주공장,A,265,10,96.23,22.863018867924527,45.40339622641509,2.806264150943396
2024-05-01,GWJ,광주공장,B,264,15,94.32,22.79810606060606,45.076136363636365,2.79719696969697
2024-05-01,GWJ,광주공장,C,36,3,91.67,22.96388888888889,44.03611111111111,2.7969444444444442
2024-05-01,HWS,화성공장,A,295,6,97.97,23.147457627118644,45.86237288135593,2.7984745762711865
2024-05-01,HWS,화성공장,B,249,9,96.39,22.640562248995984,45.18152610441767,2.8171084337349397
2024-05-01,HWS,화성공장,C,34,1,97.06,22.83823529411765,44.0264705882353,2.8455882352941178
2024-05-01,ULN,울산공장,A,794,40,94.96,22.973803526448364,45.11662468513854,2.7994206549118386
2024-05-01,ULN,울산공장,B,824,41,95.02,22.995631067961167,44.98313106796116,2.8048422330097087
2024-05-01,ULN,울산공장,C,112,8,92.86,23.154464285714287,46.21696428571429,2.822142857142857
2024-05-02,ASN,아산공장,A,452,15,96.68,23.034513274336284,45.55398230088496,2.8000884955752214
2024-05-02,ASN,아산공장,B,479,16,96.66,22.953235908141963,45.62505219206681,2.7831732776617955
2024-05-02,ASN,아산공장,C,53,2,96.23,23.21320754716981,43.14528301886792,2.840377358490566
2024-05-02,GWJ,광주공장,A,259,5,98.07,23.084169884169885,44.62123552123552,2.793899613899614
2024-05-02,GWJ,광주공장,B,285,11,96.14,22.971929824561403,44.82666666666667,2.800421052631579
2024-05-02,GWJ,광주공장,C,30,4,86.67,22.573333333333334,45.2,2.8333333333333335
2024-05-02,HWS,화성공장,A,277,10,96.39,23.200361010830324,44.78231046931408,2.7808664259927798
2024-05-02,HWS,화성공장,B,263,9,96.58,23.192015209125476,44.904562737642586,2.7739163498098858
2024-05-02,HWS,화성공장,C,30,1,96.67,24.496666666666666,45.75333333333333,2.802
2024-05-02,ULN,울산공장,A,877,44,94.98,23.04218928164196,44.859407069555296,2.8083808437856326
2024-05-02,ULN,울산공장,B,843,36,95.73,22.968801897983393,45.15302491103203,2.791209964412811
2024-05-02,ULN,울산공장,C,101,5,95.05,22.924752475247526,46.432673267326734,2.8113861386138614
2024-05-03,ASN,아산공장,A,507,16,96.84,22.83431952662722,44.68737672583826,2.8140039447731757
2024-05-03,ASN,아산공장,B,479,21,95.62,23.155323590814195,44.865762004175366,2.803716075156576
2024-05-03,ASN,아산공장,C,53,6,88.68,23.041509433962265,45.56415094339623,2.784339622641509
2024-05-03,GWJ,광주공장,A,296,13,95.61,23.02804054054054,45.134121621621624,2.7652364864864865
2024-05-03,GWJ,광주공장,B,306,10,96.73,23.196732026143792,44.82287581699346,2.7976470588235296
2024-05-03,GWJ,광주공장,C,45,5,88.89,23.204444444444444,45.72222222222222,2.8077777777777775
2024-05-03,HWS,화성공장,A,279,14,94.98,23.146236559139787,43.881362007168455,2.7867025089605737
2024-05-03,HWS,화성공장,B,271,9,96.68,23.20147601476015,44.44280442804428,2.8237638376383765
2024-05-03,HWS,화성공장,C,37,3,91.89,22.36756756756757,46.21621621621622,2.7437837837837837
2024-05-03,ULN,울산공장,A,831,39,95.31,23.003971119133574,44.788808664259925,2.7966185318892895
2024-05-03,ULN,울산공장,B,855,37,95.67,23.009239766081873,44.96912280701754,2.802865497076023
2024-05-03,ULN,울산공장,C,94,2,97.87,23.059574468085106,45.270212765957446,2.818829787234043
2024-05-04,ASN,아산공장,A,456,18,96.05,22.976973684210527,45.55285087719298,2.7883771929824563
2024-05-04,ASN,아산공장,B,510,28,94.51,22.849215686274512,45.11666666666667,2.8062745098039215
2024-05-04,ASN,아산공장,C,74,2,97.3,23.07027027027027,45.49324324324324,2.775675675675676
2024-05-04,GWJ,광주공장,A,261,12,95.4,23.1639846743295,44.63448275862069,2.7916858237547895
2024-05-04,GWJ,광주공장,B,293,9,96.93,23.04368600682594,45.264163822525596,2.7974402730375427
2024-05-04,GWJ,광주공장,C,40,1,97.5,22.935,45.597500000000004,2.6919999999999997
2024-05-04,HWS,화성공장,A,281,12,95.73,23.043416370106762,45.16476868327402,2.8120284697508895
2024-05-04,HWS,화성공장,B,279,10,96.42,22.883870967741938,45.020430107526884,2.8000000000000003
2024-05-04,HWS,화성공장,C,45,2,95.56,23.204444444444444,43.144444444444446,2.7355555555555555
2024-05-04,ULN,울산공장,A,849,33,96.11,23.000588928150766,45.6226148409894,2.7972909305064784
2024-05-04,ULN,울산공장,B,826,38,95.4,22.99721549636804,44.92239709443099,2.7906295399515737
2024-05-04,ULN,울산공장,C,121,5,95.87,22.612396694214876,45.35867768595041,2.775537190082644
2024-05-05,ASN,아산공장,A,481,22,95.43,23.00769230769231,44.90893970893971,2.8091268191268193
2024-05-05,ASN,아산공장,B,445,22,95.06,22.750337078651686,45.112808988764044,2.7840000000000003
2024-05-05,ASN,아산공장,C,69,3,95.65,23.331884057971017,44.62463768115942,2.822608695652174
2024-05-05,GWJ,광주공장,A,259,14,94.59,22.876447876447877,43.26718146718147,2.818957528957529
2024-05-05,GWJ,광주공장,B,253,7,97.23,23.195256916996048,44.53715415019763,2.788695652173913
2024-05-05,GWJ,광주공장,C,45,1,97.78,23.182222222222222,44.32222222222222,2.7319999999999998
2024-05-05,HWS,화성공장,A,282,14,95.04,22.969148936170214,44.05106382978723,2.78468085106383
2024-05-05,HWS,화성공장,B,271,16,94.1,22.985977859778597,45.50627306273063,2.76309963099631
2024-05-05,HWS,화성공장,C,33,3,90.91,22.812121212121212,45.35757575757576,2.7466666666666666
2024-05-05,ULN,울산공장,A,882,38,95.69,23.08072562358277,45.35011337868481,2.814467120181406
2024-05-05,ULN,울산공장,B,863,24,97.22,23.067786790266513,45.31703360370799,2.8020741599073
2024-05-05,ULN,울산공장,C,109,6,94.5,23.144036697247707,43.23944954128441,2.7860550458715596
2024-05-06,ASN,아산공장,A,517,30,94.2,22.878723404255318,44.892069632495165,2.778684719535783
2024-05-06,ASN,아산공장,B,455,13,97.14,23.00813186813187,45.14659340659341,2.812549450549451
2024-05-06,ASN,아산공장,C,48,2,95.83,23.554166666666664,45.90625,2.73625
2024-05-06,GWJ,광주공장,A,284,9,96.83,22.962676056338026,45.17359154929577,2.814330985915493
2024-05-06,GWJ,광주공장,B,271,6,97.79,23.117343173431735,45.267158671586714,2.81140221402214
2024-05-06,GWJ,광주공장,C,35,3,91.43,23.237142857142857,44.16571428571429,2.868
2024-05-06,HWS,화성공장,A,273,10,96.34,23.097802197802196,46.028571428571425,2.804102564102564
2024-05-06,HWS,화성공장,B,276,8,97.1,23.190942028985507,45.63695652173913,2.805217391304348
2024-05-06,HWS,화성공장,C,44,3,93.18,23.54318181818182,45.04090909090909,2.7520454545454545
2024-05-06,ULN,울산공장,A,870,28,96.78,22.94149425287356,45.0,2.797057471264368
2024-05-06,ULN,울산공장,B,807,30,96.28,23.168277571251547,45.350185873605945,2.8073234200743498
2024-05-06,ULN,울산공장,C,114,13,88.6,22.73771929824561,43.704385964912284,2.808421052631579
2024-05-07,ASN,아산공장,A,442,17,96.15,22.9341628959276,45.49185520361991,2.8198868778280546
2024-05-07,ASN,아산공장,B,431,15,96.52,22.86566125290023,45.28932714617169,2.8068677494199537
2024-05-07,ASN,아산공장,C,43,6,86.05,23.19302325581395,44.42790697674419,2.8434883720930233
2024-05-07,GWJ,광주공장,A,297,14,95.29,22.97138047138047,45.51548821548822,2.808181818181818
2024-05-07,GWJ,광주공장,B,268,10,96.27,22.93097014925373,45.184701492537314,2.811902985074627
2024-05-07,GWJ,광주공장,C,36,0,100.0,23.924999999999997,45.03055555555555,2.754166666666667
2024-05-07,HWS,화성공장,A,268,14,94.78,23.333582089552237,44.456343283582086,2.8091044776119403
2024-05-07,HWS,화성공장,B,288,13,95.49,23.136805555555554,45.20520833333333,2.794409722222222
2024-05-07,HWS,화성공장,C,31,0,100.0,23.406451612903226,46.222580645161294,2.724838709677419
2024-05-07,ULN,울산공장,A,782,33,95.78,23.170332480818416,45.16099744245525,2.8117519181585675
2024-05-07,ULN,울산공장,B,865,28,96.76,23.172254335260117,45.23433526011561,2.8143815028901735
2024-05-07,ULN,울산공장,C,105,4,96.19,23.278095238095236,46.11333333333333,2.845428571428571
2024-05-08,ASN,아산공장,A,497,19,96.18,22.956338028169014,45.05734406438632,2.7944869215291748
2024-05-08,ASN,아산공장,B,508,26,94.88,23.128149606299214,44.68641732283465,2.802303149606299
2024-05-08,ASN,아산공장,C,56,4,92.86,22.96607142857143,47.146428571428565,2.807857142857143
2024-05-08,GWJ,광주공장,A,273,12,95.6,22.81025641025641,45.17728937728938,2.7841758241758243
2024-05-08,GWJ,광주공장,B,276,9,96.74,22.982608695652175,45.07826086956522,2.80981884057971
2024-05-08,GWJ,광주공장,C,36,1,97.22,23.075000000000003,46.955555555555556,2.8419444444444446
2024-05-08,HWS,화성공장,A,263,15,94.3,23.081749049429657,45.522433460076044,2.8320532319391636
2024-05-08,HWS,화성공장,B,278,8,97.12,23.134172661870505,44.77877697841727,2.804208633093525
2024-05-08,HWS,화성공장,C,33,3,90.91,22.89090909090909,43.19090909090909,2.8136363636363635
2024-05-08,ULN,울산공장,A,840,23,97.26,22.84559523809524,45.067499999999995,2.7931428571428567
2024-05-08,ULN,울산공장,B,811,32,96.05,23.09889025893958,45.28162762022195,2.7968187422934645
2024-05-08,ULN,울산공장,C,107,2,98.13,23.173831775700933,45.685981308411215,2.865140186915888
2024-05-09,ASN,아산공장,A,448,18,95.98,23.002901785714283,45.222544642857144,2.7958258928571427
2024-05-09,ASN,아산공장,B,453,19,95.81,22.986975717439293,45.345474613686534,2.8056291390728476
2024-05-09,ASN,아산공장,C,44,0,100.0,23.48409090909091,42.74318181818182,2.805
2024-05-09,GWJ,광주공장,A,293,8,97.27,23.05358361774744,44.8221843003413,2.7915358361774745
2024-05-09,GWJ,광주공장,B,294,9,96.94,22.993197278911566,44.9374149659864,2.7760884353741497
2024-05-09,GWJ,광주공장,C,36,1,97.22,22.74722222222222,44.33888888888889,2.747777777777778
2024-05-09,HWS,화성공장,A,270,9,96.67,23.17703703703704,44.489999999999995,2.780222222222222
2024-05-09,HWS,화성공장,B,271,10,96.31,22.957933579335794,44.980442804428044,2.806014760147601
2024-05-09,HWS,화성공장,C,38,0,100.0,22.992105263157896,45.32368421052632,2.8073684210526317
2024-05-09,ULN,울산공장,A,813,35,95.69,23.02447724477245,44.9920049200492,2.795854858548586
2024-05-09,ULN,울산공장,B,810,29,96.42,23.167654320987655,45.32888888888889,2.788641975308642
2024-05-09,ULN,울산공장,C,102,3,97.06,23.166666666666668,45.38921568627451,2.743235294117647
2024-05-10,ASN,아산공장,A,467,17,96.36,22.90149892933619,45.01884368308351,2.8063383297644537
2024-05-10,ASN,아산공장,B,489,11,97.75,22.703067484662576,44.683435582822085,2.805378323108384
2024-05-10,ASN,아산공장,C,59,1,98.31,23.75593220338983,45.367796610169485,2.782542372881356
2024-05-10,GWJ,광주공장,A,293,8,97.27,23.047098976109215,44.69590443686007,2.781262798634812
2024-05-10,GWJ,광주공장,B,269,8,97.03,22.925650557620816,45.74907063197026,2.8158736059479557
2024-05-10,GWJ,광주공장,C,36,1,97.22,23.041666666666668,45.49444444444444,2.772777777777778
2024-05-10,HWS,화성공장,A,274,15,94.53,23.336496350364964,44.715328467153284,2.820109489051095
2024-05-10,HWS,화성공장,B,275,13,95.27,23.072,44.88872727272727,2.796290909090909
2024-05-10,HWS,화성공장,C,31,4,87.1,23.625806451612902,45.777419354838706,2.728709677419355
2024-05-10,ULN,울산공장,A,849,36,95.76,22.960659599528856,45.33097762073027,2.8175618374558304
2024-05-10,ULN,울산공장,B,825,31,96.24,22.958424242424243,45.34569696969697,2.8038303030303027
2024-05-10,ULN,울산공장,C,102,3,97.06,23.416666666666668,44.853921568627456,2.8277450980392156
2024-05-11,ASN,아산공장,A,463,20,95.68,23.15313174946004,44.97365010799136,2.7943196544276456
2024-05-11,ASN,아산공장,B,476,20,95.8,22.924999999999997,45.09495798319328,2.8181302521008407
2024-05-11,ASN,아산공장,C,62,5,91.94,23.324193548387097,44.303225806451614,2.8454838709677417
2024-05-11,GWJ,광주공장,A,279,12,95.7,23.059139784946236,44.842293906810035,2.7864874551971326
2024-05-11,GWJ,광주공장,B,284,11,96.13,23.067253521126762,45.368309859154934,2.8021830985915495
2024-05-11,GWJ,광주공장,C,45,2,95.56,23.488888888888887,47.71333333333333,2.7808888888888887
2024-05-11,HWS,화성공장,A,290,15,94.83,23.015862068965518,44.795172413793104,2.788344827586207
2024-05-11,HWS,화성공장,B,284,11,96.13,22.833098591549298,45.23204225352112,2.7827464788732392
2024-05-11,HWS,화성공장,C,43,2,95.35,23.37906976744186,44.64883720930233,2.7932558139534884
2024-05-11,ULN,울산공장,A,805,31,96.15,22.937018633540372,45.30409937888199,2.8055776397515526
2024-05-11,ULN,울산공장,B,875,35,96.0,22.93337142857143,45.13794285714285,2.7983885714285717
2024-05-11,ULN,울산공장,C,108,5,95.37,22.852777777777778,45.076851851851856,2.7917592592592593
2024-05-12,ASN,아산공장,A,511,22,95.69,23.118982387475537,44.7307240704501,2.7815655577299414
2024-05-12,ASN,아산공장,B,436,17,96.1,23.00321100917431,45.248623853211015,2.789380733944954
2024-05-12,ASN,아산공장,C,56,5,91.07,23.189285714285713,43.903571428571425,2.8498214285714285
2024-05-12,GWJ,광주공장,A,289,15,94.81,23.019723183391005,45.46712802768166,2.7669896193771626
2024-05-12,GWJ,광주공장,B,307,8,97.39,23.084364820846904,45.06156351791531,2.796970684039088
2024-05-12,GWJ,광주공장,C,45,1,97.78,22.875555555555557,45.05111111111111,2.893333333333333
2024-05-12,HWS,화성공장,A,266,13,95.11,23.198872180451126,44.92067669172932,2.7889097744360902
2024-05-12,HWS,화성공장,B,277,10,96.39,23.14837545126354,44.82418772563177,2.804368231046931
2024-05-12,HWS,화성공장,C,27,0,100.0,23.85185185185185,43.04074074074074,2.845185185185185
2024-05-12,ULN,울산공장,A,845,28,96.69,22.996449704142012,45.293846153846154,2.799100591715976
2024-05-12,ULN,울산공장,B,854,29,96.6,22.822833723653396,44.97704918032787,2.784215456674473
2024-05-12,ULN,울산공장,C,123,9,92.68,22.976422764227642,44.86341463414634,2.7731707317073173
2024-05-13,ASN,아산공장,A,489,25,94.89,23.053783231083845,44.74764826175869,2.785439672801636
2024-05-13,ASN,아산공장,B,469,16,96.59,23.059701492537314,45.180597014925375,2.798144989339019
2024-05-13,ASN,아산공장,C,57,1,98.25,22.13859649122807,43.58771929824562,2.825964912280702
2024-05-13,GWJ,광주공장,A,281,14,95.02,23.120640569395018,44.987544483985765,2.8292526690391457
2024-05-13,GWJ,광주공장,B,280,10,96.43,22.710714285714285,44.5725,2.815107142857143
2024-05-13,GWJ,광주공장,C,39,0,100.0,23.402564102564103,43.67948717948718,2.793846153846154
2024-05-13,HWS,화성공장,A,262,13,95.04,22.961068702290078,44.31870229007634,2.8213358778625954
2024-05-13,HWS,화성공장,B,282,17,93.97,22.818794326241132,45.236170212765956,2.799290780141844
2024-05-13,HWS,화성공장,C,36,5,86.11,22.26111111111111,41.53888888888889,2.8961111111111113
2024-05-13,ULN,울산공장,A,842,40,95.25,22.965320665083134,44.73491686460808,2.7831235154394296
2024-05-13,ULN,울산공장,B,849,23,97.29,22.9339222614841,44.84570082449941,2.799976442873969
2024-05-13,ULN,울산공장,C,106,4,96.23,22.704716981132073,44.98301886792453,2.815377358490566
2024-05-14,ASN,아산공장,A,482,29,93.98,23.016804979253113,44.93132780082988,2.7835684647302905
2024-05-14,ASN,아산공장,B,465,15,96.77,22.886236559139785,45.02516129032258,2.794301075268817
2024-05-14,ASN,아산공장,C,51,5,90.2,22.641176470588235,43.57254901960784,2.8541176470588234
2024-05-14,GWJ,광주공장,A,280,10,96.43,22.959642857142857,44.36964285714286,2.8070357142857145
2024-05-14,GWJ,광주공장,B,292,7,97.6,23.355136986301368,44.44075342465754,2.8055479452054795
2024-05-14,GWJ,광주공장,C,32,1,96.88,22.509375,44.246875,2.86875
2024-05-14,HWS,화성공장,A,293,13,95.56,23.22457337883959,44.70580204778157,2.831774744027304
2024-05-14,HWS,화성공장,B,266,6,97.74,23.01541353383459,45.6718045112782,2.7787593984962404
2024-05-14,HWS,화성공장,C,36,4,88.89,23.208333333333332,44.38611111111111,2.877222222222222
2024-05-14,ULN,울산공장,A,838,37,95.58,22.871957040572795,44.8118138424821,2.817529832935561
2024-05-14,ULN,울산공장,B,858,29,96.62,23.17773892773893,44.62610722610722,2.7936946386946384
2024-05-14,ULN,울산공장,C,118,6,94.92,22.960169491525424,43.383050847457625,2.78271186440678
2024-05-15,ASN,아산공장,A,463,20,95.68,22.79244060475162,44.93390928725702,2.830086393088553
2024-05-15,ASN,아산공장,B,421,15,96.44,22.976959619952492,45.75534441805225,2.811235154394299
2024-05-15,ASN,아산공장,C,76,4,94.74,22.580263157894734,45.41184210526316,2.766578947368421
2024-05-15,GWJ,광주공장,A,262,7,97.33,22.970229007633588,45.87213740458015,2.783320610687023
2024-05-15,GWJ,광주공장,B,277,7,97.47,23.321660649819496,44.91949458483755,2.795884476534296
2024-05-15,GWJ,광주공장,C,48,5,89.58,23.16875,45.543749999999996,2.718958333333333
2024-05-15,HWS,화성공장,A,311,13,95.82,23.30064308681672,44.22893890675241,2.782958199356913
2024-05-15,HWS,화성공장,B,280,5,98.21,23.176785714285714,44.54035714285714,2.7868214285714283
2024-05-15,HWS,화성공장,C,31,2,93.55,23.61935483870968,43.012903225806454,2.740322580645161
2024-05-15,ULN,울산공장,A,855,38,95.56,23.09157894736842,44.8740350877193,2.7962339181286553
2024-05-15,ULN,울산공장,B,831,26,96.87,23.142960288808663,45.14271961492178,2.8034416365824306
2024-05-15,ULN,울산공장,C,128,11,91.41,23.11796875,45.86640625,2.78984375
2024-05-16,ASN,아산공장,A,484,22,95.45,22.64690082644628,45.22479338842975,2.7994421487603307
2024-05-16,ASN,아산공장,B,484,14,97.11,22.874586776859502,45.2297520661157,2.7898140495867767
2024-05-16,ASN,아산공장,C,63,6,90.48,22.853968253968254,44.8952380952381,2.766666666666667
2024-05-16,GWJ,광주공장,A,277,11,96.03,22.920938628158847,45.57328519855595,2.805776173285199
2024-05-16,GWJ,광주공장,B,281,13,95.37,23.067259786476868,45.19181494661922,2.774270462633452
2024-05-16,GWJ,광주공장,C,32,1,96.88,22.2875,43.853125,2.828125
2024-05-16,HWS,화성공장,A,285,13,95.44,22.961052631578948,45.42175438596492,2.8221754385964912
2024-05-16,HWS,화성공장,B,293,11,96.25,22.77542662116041,44.605119453924914,2.81901023890785
2024-05-16,HWS,화성공장,C,32,2,93.75,22.6375,43.76875,2.7278124999999998
2024-05-16,ULN,울산공장,A,862,40,95.36,22.951044083526682,45.17911832946636,2.8097099767981435
2024-05-16,ULN,울산공장,B,855,32,96.26,23.01345029239766,44.564678362573105,2.806608187134503
2024-05-16,ULN,울산공장,C,87,5,94.25,23.14712643678161,45.15172413793103,2.7717241379310344
2024-05-17,ASN,아산공장,A,448,21,95.31,22.79419642857143,43.96741071428572,2.7875223214285714
2024-05-17,ASN,아산공장,B,494,19,96.15,23.11518218623482,43.96072874493927,2.819554655870445
2024-05-17,ASN,아산공장,C,67,6,91.04,23.47761194029851,44.025373134328355,2.7774626865671643
2024-05-17,GWJ,광주공장,A,264,8,96.97,23.14090909090909,45.39090909090909,2.8275757575757576
2024-05-17,GWJ,광주공장,B,268,13,95.15,23.16679104477612,45.161567164179104,2.8130223880597014
2024-05-17,GWJ,광주공장,C,33,2,93.94,24.045454545454547,44.693939393939395,2.8630303030303033
2024-05-17,HWS,화성공장,A,306,4,98.69,22.8656862745098,44.85359477124183,2.7747385620915033
2024-05-17,HWS,화성공장,B,269,11,95.91,22.915985130111522,45.1449814126394,2.8090334572490705
2024-05-17,HWS,화성공장,C,42,3,92.86,22.05952380952381,45.28095238095238,2.769047619047619
2024-05-17,ULN,울산공장,A,842,39,95.37,23.01733966745843,44.56282660332542,2.8106175771971498
2024-05-17,ULN,울산공장,B,856,38,95.56,23.080140186915887,45.194626168224296,2.7980957943925233
2024-05-17,ULN,울산공장,C,105,4,96.19,22.515238095238093,43.976190476190474,2.820952380952381
2024-05-18,ASN,아산공장,A,467,19,95.93,23.074946466809422,45.00235546038544,2.799743040685225
2024-05-18,ASN,아산공장,B,501,18,96.41,23.038922155688624,45.170858283433134,2.8029740518962076
2024-05-18,ASN,아산공장,C,61,6,90.16,23.645901639344263,45.02459016393443,2.763934426229508
2024-05-18,GWJ,광주공장,A,294,7,97.62,23.23265306122449,44.74863945578232,2.762721088435374
2024-05-18,GWJ,광주공장,B,286,12,95.8,23.018181818181816,44.31853146853147,2.8038461538461537
2024-05-18,GWJ,광주공장,C,37,1,97.3,23.32162162162162,43.07297297297298,2.7254054054054055
2024-05-18,HWS,화성공장,A,274,11,95.99,22.817518248175183,45.53978102189781,2.7935036496350363
2024-05-18,HWS,화성공장,B,275,9,96.73,23.16581818181818,44.87490909090909,2.798436363636364
2024-05-18,HWS,화성공장,C,32,3,90.62,24.2375,45.396875,2.8140625
2024-05-18,ULN,울산공장,A,786,30,96.18,23.005089058524174,45.038549618320616,2.793600508905852
2024-05-18,ULN,울산공장,B,811,29,96.42,23.21220715166461,45.339457459926024,2.8055240443896428
2024-05-18,ULN,울산공장,C,104,5,95.19,22.396153846153844,44.93365384615385,2.816346153846154
2024-05-19,ASN,아산공장,A,444,16,96.4,23.178828828828827,44.9963963963964,2.799527027027027
2024-05-19,ASN,아산공장,B,498,17,96.59,22.867670682730925,45.18333333333333,2.8068473895582327
2024-05-19,ASN,아산공장,C,58,5,91.38,23.020689655172415,45.748275862068965,2.839827586206897
2024-05-19,GWJ,광주공장,A,293,10,96.59,23.01023890784983,45.30716723549488,2.7902047781569963
2024-05-19,GWJ,광주공장,B,251,8,96.81,22.993227091633468,45.47808764940239,2.8163346613545817
2024-05-19,GWJ,광주공장,C,40,1,97.5,23.31,46.93,2.7385
2024-05-19,HWS,화성공장,A,290,15,94.83,22.802758620689655,44.39655172413793,2.8057241379310343
2024-05-19,HWS,화성공장,B,271,17,93.73,23.01918819188192,44.77084870848709,2.794169741697417
2024-05-19,HWS,화성공장,C,34,2,94.12,22.849999999999998,43.83529411764706,2.8194117647058823
2024-05-19,ULN,울산공장,A,842,27,96.79,22.902612826603324,44.79334916864608,2.8349643705463183
2024-05-19,ULN,울산공장,B,872,27,96.9,23.144610091743118,44.98325688073395,2.7994036697247706
2024-05-19,ULN,울산공장,C,104,7,93.27,22.829807692307693,45.30865384615385,2.8175961538461536
2024-05-20,ASN,아산공장,A,481,23,95.22,22.93014553014553,45.28336798336798,2.8043866943866944
2024-05-20,ASN,아산공장,B,470,23,95.11,22.942127659574467,45.587659574468084,2.7811063829787233
2024-05-20,ASN,아산공장,C,48,3,93.75,23.1875,44.75625,2.8093749999999997
2024-05-20,GWJ,광주공장,A,254,10,96.06,22.9992125984252,44.82874015748032,2.776968503937008
2024-05-20,GWJ,광주공장,B,276,9,96.74,22.994927536231884,44.754710144927536,2.77
2024-05-20,GWJ,광주공장,C,34,1,97.06,23.86470588235294,44.07058823529412,2.853529411764706
2024-05-20,HWS,화성공장,A,294,10,96.6,22.801020408163264,45.207142857142856,2.79530612244898
2024-05-20,HWS,화성공장,B,335,13,96.12,23.062089552238806,44.825970149253735,2.804805970149254
2024-05-20,HWS,화성공장,C,33,3,90.91,23.12727272727273,45.75454545454546,2.7436363636363637
2024-05-20,ULN,울산공장,A,861,33,96.17,22.990940766550523,44.93751451800232,2.814924506387921
2024-05-20,ULN,울산공장,B,812,32,96.06,23.051970443349756,45.230541871921176,2.7989655172413794
2024-05-20,ULN,울산공장,C,106,0,100.0,22.69622641509434,46.03207547169811,2.8049056603773583
2024-05-21,ASN,아산공장,A,441,19,95.69,22.956009070294787,45.27619047619047,2.8087074829931975
2024-05-21,ASN,아산공장,B,507,18,96.45,23.01360946745562,45.41597633136095,2.801045364891519
2024-05-21,ASN,아산공장,C,48,2,95.83,22.912499999999998,45.552083333333336,2.8285416666666667
2024-05-21,GWJ,광주공장,A,282,9,96.81,23.381560283687943,44.806382978723406,2.8061347517730497
2024-05-21,GWJ,광주공장,B,297,8,97.31,22.937373737373736,45.926936026936026,2.76962962962963
2024-05-21,GWJ,광주공장,C,42,2,95.24,23.333333333333332,42.81904761904762,2.7573809523809523
2024-05-21,HWS,화성공장,A,299,13,95.65,23.014381270903012,44.73076923076923,2.79819397993311
2024-05-21,HWS,화성공장,B,271,10,96.31,22.94649446494465,44.47343173431734,2.839778597785978
2024-05-21,HWS,화성공장,C,33,3,90.91,22.8969696969697,45.58787878787879,2.758181818181818
2024-05-21,ULN,울산공장,A,806,37,95.41,22.967617866004964,44.74280397022332,2.8236600496277915
2024-05-21,ULN,울산공장,B,765,32,95.82,23.00483660130719,44.60300653594771,2.820470588235294
2024-05-21,ULN,울산공장,C,114,5,95.61,22.9640350877193,43.58421052631579,2.807017543859649
2024-05-22,ASN,아산공장,A,506,24,95.26,23.038932806324112,45.474110671936764,2.8080237154150196
2024-05-22,ASN,아산공장,B,473,14,97.04,23.050951374207187,45.54820295983087,2.785116279069767
2024-05-22,ASN,아산공장,C,59,4,93.22,22.827118644067795,44.07118644067796,2.810677966101695
2024-05-22,GWJ,광주공장,A,297,10,96.63,22.69158249158249,45.329292929292926,2.776767676767677
2024-05-22,GWJ,광주공장,B,277,6,97.83,22.60938628158845,45.19061371841155,2.829241877256318
2024-05-22,GWJ,광주공장,C,39,1,97.44,22.556410256410256,45.67948717948718,2.815384615384615
2024-05-22,HWS,화성공장,A,306,12,96.08,22.813398692810456,45.23529411764706,2.786437908496732
2024-05-22,HWS,화성공장,B,263,11,95.82,23.375665399239544,45.198479087452476,2.7621673003802285
2024-05-22,HWS,화성공장,C,26,1,96.15,22.950000000000003,45.349999999999994,2.7180769230769233
2024-05-22,ULN,울산공장,A,882,32,96.37,23.14965986394558,45.05657596371882,2.805170068027211
2024-05-22,ULN,울산공장,B,809,28,96.54,22.981953028430162,44.771075401730535,2.7991100123609396
2024-05-22,ULN,울산공장,C,110,3,97.27,23.293636363636367,43.81545454545454,2.8283636363636364
2024-05-23,ASN,아산공장,A,425,19,95.53,22.934117647058823,44.26870588235294,2.810164705882353
2024-05-23,ASN,아산공장,B,467,14,97.0,22.9017130620985,45.19957173447538,2.8107922912205567
2024-05-23,ASN,아산공장,C,58,6,89.66,23.196551724137933,43.63965517241379,2.875
2024-05-23,GWJ,광주공장,A,288,14,95.14,22.891319444444445,45.49722222222223,2.78
2024-05-23,GWJ,광주공장,B,283,7,97.53,22.84240282685512,45.31802120141343,2.7892579505300352
2024-05-23,GWJ,광주공장,C,37,0,100.0,22.964864864864865,43.72702702702703,2.7216216216216216
2024-05-23,HWS,화성공장,A,297,12,95.96,22.838383838383837,45.52693602693603,2.8073737373737373
2024-05-23,HWS,화성공장,B,296,17,94.26,22.902364864864865,45.4043918918919,2.7981081081081083
2024-05-23,HWS,화성공장,C,28,2,92.86,22.860714285714288,45.43571428571429,2.715
2024-05-23,ULN,울산공장,A,857,38,95.57,23.004900816802802,44.921820303383896,2.792765460910152
2024-05-23,ULN,울산공장,B,879,32,96.36,23.12093287827076,44.82332195676905,2.8073378839590446
2024-05-23,ULN,울산공장,C,113,7,93.81,22.674336283185838,44.151327433628325,2.788849557522124
2024-05-24,ASN,아산공장,A,458,19,95.85,22.918558951965068,44.532751091703055,2.795218340611354
2024-05-24,ASN,아산공장,B,482,23,95.23,22.766390041493775,45.19211618257261,2.798734439834025
2024-05-24,ASN,아산공장,C,63,4,93.65,23.53174603174603,45.49523809523809,2.7206349206349207
2024-05-24,GWJ,광주공장,A,253,9,96.44,22.868774703557314,44.24822134387352,2.7955731225296443
2024-05-24,GWJ,광주공장,B,303,16,94.72,22.714851485148515,45.32904290429043,2.7891419141914193
2024-05-24,GWJ,광주공장,C,39,1,97.44,23.25128205128205,46.8948717948718,2.7792307692307694
2024-05-24,HWS,화성공장,A,305,13,95.74,23.088524590163935,44.89377049180328,2.7821311475409836
2024-05-24,HWS,화성공장,B,297,7,97.64,22.97373737373737,45.11750841750842,2.807272727272727
2024-05-24,HWS,화성공장,C,35,2,94.29,22.95142857142857,44.84857142857143,2.8645714285714288
2024-05-24,ULN,울산공장,A,834,33,96.04,22.86810551558753,44.8304556354916,2.7989448441247005
2024-05-24,ULN,울산공장,B,854,29,96.6,23.07974238875878,45.03372365339579,2.7936533957845437
2024-05-24,ULN,울산공장,C,120,11,90.83,23.0075,45.519999999999996,2.8126666666666664
2024-05-25,ASN,아산공장,A,460,20,95.65,23.047826086956523,45.20173913043478,2.8007391304347826
2024-05-25,ASN,아산공장,B,446,22,95.07,22.964349775784754,45.33004484304933,2.7935650224215247
2024-05-25,ASN,아산공장,C,74,4,94.59,23.50945945945946,47.73513513513514,2.7614864864864863
2024-05-25,GWJ,광주공장,A,284,11,96.13,22.857394366197184,44.673239436619724,2.787112676056338
2024-05-25,GWJ,광주공장,B,248,9,96.37,23.225,45.131048387096776,2.789112903225807
2024-05-25,GWJ,광주공장,C,35,2,94.29,22.26,44.59428571428571,2.886857142857143
2024-05-25,HWS,화성공장,A,259,14,94.59,22.744787644787642,44.88687258687259,2.7855984555984556
2024-05-25,HWS,화성공장,B,286,9,96.85,23.307692307692307,44.96608391608391,2.8095104895104894
2024-05-25,HWS,화성공장,C,33,3,90.91,23.28787878787879,47.018181818181816,2.854242424242424
2024-05-25,ULN,울산공장,A,823,24,97.08,23.00947752126367,44.69987849331713,2.815722964763062
2024-05-25,ULN,울산공장,B,875,36,95.89,22.865142857142857,44.96834285714286,2.8034285714285714
2024-05-25,ULN,울산공장,C,93,4,95.7,22.933333333333334,44.34838709677419,2.7692473118279572
2024-05-26,ASN,아산공장,A,451,20,95.57,22.942350332594234,45.06629711751663,2.791019955654102
2024-05-26,ASN,아산공장,B,495,19,96.16,22.748080808080807,44.643838383838386,2.805111111111111
2024-05-26,ASN,아산공장,C,53,3,94.34,22.571698113207546,43.26792452830188,2.7630188679245284
2024-05-26,GWJ,광주공장,A,282,11,96.1,23.2886524822695,45.53687943262411,2.803936170212766
2024-05-26,GWJ,광주공장,B,249,12,95.18,22.737751004016065,44.17670682730924,2.783453815261044
2024-05-26,GWJ,광주공장,C,42,2,95.24,23.39047619047619,45.55238095238095,2.769761904761905
2024-05-26,HWS,화성공장,A,294,7,97.62,22.95,45.13707482993197,2.7921428571428573
2024-05-26,HWS,화성공장,B,290,9,96.9,22.932068965517242,45.923448275862064,2.791689655172414
2024-05-26,HWS,화성공장,C,38,3,92.11,23.260526315789473,46.86578947368421,2.8305263157894736
2024-05-26,ULN,울산공장,A,855,37,95.67,22.982690058479534,44.70573099415205,2.7939883040935674
2024-05-26,ULN,울산공장,B,864,25,97.11,22.891550925925927,45.065625,2.8046180555555558
2024-05-26,ULN,울산공장,C,98,4,95.92,23.11530612244898,46.43571428571428,2.7935714285714286
2024-05-27,ASN,아산공장,A,491,14,97.15,22.934623217922606,44.99816700610997,2.7814867617107946
2024-05-27,ASN,아산공장,B,494,21,95.75,23.164170040485832,44.93906882591094,2.7938663967611337
2024-05-27,ASN,아산공장,C,54,2,96.3,23.31851851851852,44.4,2.772222222222222
2024-05-27,GWJ,광주공장,A,284,12,95.77,23.125352112676058,45.011971830985914,2.7845422535211264
2024-05-27,GWJ,광주공장,B,269,13,95.17,23.28252788104089,45.445724907063195,2.770557620817844
2024-05-27,GWJ,광주공장,C,26,1,96.15,23.16923076923077,44.815384615384616,2.7673076923076922
2024-05-27,HWS,화성공장,A,265,15,94.34,22.963396226415096,45.09132075471698,2.7926037735849056
2024-05-27,HWS,화성공장,B,303,10,96.7,22.91683168316832,44.72970297029703,2.828019801980198
2024-05-27,HWS,화성공장,C,36,2,94.44,22.591666666666665,46.07222222222222,2.826388888888889
2024-05-27,ULN,울산공장,A,886,43,95.15,22.986117381489844,44.774153498871335,2.8127539503386005
2024-05-27,ULN,울산공장,B,868,29,96.66,22.86566820276498,45.11808755760369,2.7877188940092164
2024-05-27,ULN,울산공장,C,120,9,92.5,22.835833333333333,44.385,2.85875
2024-05-28,ASN,아산공장,A,472,24,94.92,23.165677966101697,44.76398305084746,2.7984745762711865
2024-05-28,ASN,아산공장,B,520,21,95.96,23.122500000000002,45.0475,2.78925
2024-05-28,ASN,아산공장,C,73,7,90.41,22.55068493150685,45.416438356164385,2.8394520547945206
2024-05-28,GWJ,광주공장,A,284,6,97.89,23.21760563380282,44.60422535211268,2.7969014084507045
2024-05-28,GWJ,광주공장,B,272,6,97.79,22.88014705882353,45.504411764705885,2.8165073529411764
2024-05-28,GWJ,광주공장,C,34,2,94.12,23.064705882352943,44.10588235294117,2.9341176470588235
2024-05-28,HWS,화성공장,A,267,9,96.63,22.93820224719101,46.00823970037453,2.805468164794007
2024-05-28,HWS,화성공장,B,292,18,93.84,23.05376712328767,44.47876712328767,2.7943835616438357
2024-05-28,HWS,화성공장,C,24,5,79.17,22.541666666666668,45.958333333333336,2.672916666666667
2024-05-28,ULN,울산공장,A,861,36,95.82,22.877700348432057,44.837862950058074,2.801451800232288
2024-05-28,ULN,울산공장,B,813,32,96.06,22.970356703567038,45.31562115621156,2.781611316113161
2024-05-28,ULN,울산공장,C,107,6,94.39,23.514018691588785,45.39719626168224,2.798504672897196
2024-05-29,ASN,아산공장,A,471,17,96.39,22.929087048832272,44.80127388535032,2.8229511677282377
2024-05-29,ASN,아산공장,B,491,18,96.33,22.84887983706721,45.037270875763745,2.8162932790224033
2024-05-29,ASN,아산공장,C,61,4,93.44,23.29672131147541,45.868852459016395,2.750983606557377
2024-05-29,GWJ,광주공장,A,255,13,94.9,23.119215686274508,45.141176470588235,2.7981176470588234
2024-05-29,GWJ,광주공장,B,278,4,98.56,23.05863309352518,45.33165467625899,2.7708633093525177
2024-05-29,GWJ,광주공장,C,37,0,100.0,22.670270270270272,43.3081081081081,2.7605405405405405
2024-05-29,HWS,화성공장,A,257,9,96.5,23.19649805447471,45.31167315175097,2.7880155642023348
2024-05-29,HWS,화성공장,B,276,9,96.74,23.21666666666667,45.05615942028985,2.794891304347826
2024-05-29,HWS,화성공장,C,35,1,97.14,22.514285714285716,44.128571428571426,2.815714285714286
2024-05-29,ULN,울산공장,A,863,43,95.02,23.000115874855155,45.23603707995365,2.8024797219003474
2024-05-29,ULN,울산공장,B,809,38,95.3,22.972064276885046,45.01087762669963,2.803053152039555
2024-05-29,ULN,울산공장,C,105,5,95.24,23.40857142857143,45.354285714285716,2.8214285714285716
2024-05-30,ASN,아산공장,A,466,19,95.92,23.146137339055795,44.55321888412017,2.7944635193133047
2024-05-30,ASN,아산공장,B,478,17,96.44,22.966317991631797,44.99644351464435,2.7938912133891214
2024-05-30,ASN,아산공장,C,49,6,87.76,23.051020408163264,44.85510204081633,2.7961224489795917
2024-05-30,GWJ,광주공장,A,286,20,93.01,22.77132867132867,45.47797202797203,2.792727272727273
2024-05-30,GWJ,광주공장,B,282,18,93.62,22.882978723404257,45.4113475177305,2.8013829787234044
2024-05-30,GWJ,광주공장,C,38,3,92.11,22.849999999999998,44.96315789473684,2.8492105263157894
2024-05-30,HWS,화성공장,A,265,8,96.98,22.973584905660378,44.89584905660377,2.8217358490566036
2024-05-30,HWS,화성공장,B,274,13,95.26,22.964598540145985,45.06094890510949,2.822591240875912
2024-05-30,HWS,화성공장,C,26,2,92.31,21.457692307692305,45.68846153846154,2.8092307692307696
2024-05-30,ULN,울산공장,A,840,37,95.6,22.970714285714287,44.97952380952381,2.7980476190476193
2024-05-30,ULN,울산공장,B,834,41,95.08,22.91019184652278,45.290767386091126,2.7965947242206237
2024-05-30,ULN,울산공장,C,111,7,93.69,23.53153153153153,44.32612612612613,2.8255855855855856
2024-05-31,ASN,아산공장,A,490,17,96.53,22.97530612244898,44.706326530612245,2.79434693877551
2024-05-31,ASN,아산공장,B,478,11,97.7,23.079916317991632,44.60774058577406,2.797364016736402
2024-05-31,ASN,아산공장,C,53,3,94.34,23.079245283018867,45.0,2.821132075471698
2024-05-31,GWJ,광주공장,A,289,8,97.23,23.08304498269896,45.12941176470588,2.8054671280276815
2024-05-31,GWJ,광주공장,B,294,13,95.58,23.277210884353742,44.939795918367345,2.793401360544218
2024-05-31,GWJ,광주공장,C,36,4,88.89,23.955555555555556,45.736111111111114,2.7391666666666667
2024-05-31,HWS,화성공장,A,280,10,96.43,22.83178571428571,45.1725,2.815
2024-05-31,HWS,화성공장,B,316,5,98.42,23.07405063291139,45.56962025316456,2.8139240506329117
2024-05-31,HWS,화성공장,C,37,2,94.59,23.01891891891892,45.22432432432432,2.8483783783783783
2024-05-31,ULN,울산공장,A,892,26,97.09,23.035762331838566,44.93553811659193,2.7883744394618835
2024-05-31,ULN,울산공장,B,810,35,95.68,23.036172839506172,45.13716049382716,2.7846913580246913
2024-05-31,ULN,울산공장,C,125,9,92.8,22.8616,45.5304,2.80264
2024-06-01,ASN,아산공장,A,462,17,96.32,23.21212121212121,44.87640692640693,2.7933549783549783
2024-06-01,ASN,아산공장,B,443,17,96.16,22.993905191873587,44.298871331828444,2.800925507900677
2024-06-01,ASN,아산공장,C,65,3,95.38,23.056923076923077,43.746153846153845,2.8078461538461537
2024-06-01,GWJ,광주공장,A,275,10,96.36,22.809454545454546,44.72509090909091,2.815163636363636
2024-06-01,GWJ,광주공장,B,293,6,97.95,23.210580204778157,45.473378839590445,2.786484641638225
2024-06-01,GWJ,광주공장,C,37,3,91.89,22.386486486486486,42.1972972972973,2.818108108108108
2024-06-01,HWS,화성공장,A,293,14,95.22,22.997610921501707,44.64573378839591,2.787542662116041
2024-06-01,HWS,화성공장,B,257,4,98.44,23.09182879377432,45.4443579766537,2.8137354085603112
2024-06-01,HWS,화성공장,C,32,3,90.62,23.053125,44.03125,2.8453125
2024-06-01,ULN,울산공장,A,769,29,96.23,22.825487646293887,44.761248374512355,2.7942392717815343
2024-06-01,ULN,울산공장,B,800,40,95.0,22.870375,44.80587499999999,2.7955375
2024-06-01,ULN,울산공장,C,115,8,93.04,22.68608695652174,44.56869565217391,2.8187826086956522
2024-06-02,ASN,아산공장,A,462,15,96.75,23.11623376623377,44.58593073593074,2.785324675324675
2024-06-02,ASN,아산공장,B,447,23,94.85,23.099328859060403,45.07897091722595,2.77917225950783
2024-06-02,ASN,아산공장,C,51,0,100.0,23.347058823529412,43.66862745098039,2.880392156862745
2024-06-02,GWJ,광주공장,A,280,11,96.07,22.73857142857143,45.4725,2.805571428571428
2024-06-02,GWJ,광주공장,B,279,13,95.34,23.155913978494624,44.155197132616486,2.78078853046595
2024-06-02,GWJ,광주공장,C,37,4,89.19,22.594594594594593,44.91621621621622,2.744054054054054
2024-06-02,HWS,화성공장,A,299,14,95.32,23.079933110367893,44.86086956521739,2.7973578595317723
2024-06-02,HWS,화성공장,B,248,9,96.37,22.93951612903226,45.869758064516134,2.776209677419355
2024-06-02,HWS,화성공장,C,31,1,96.77,23.05483870967742,46.987096774193546,2.7625806451612904
2024-06-02,ULN,울산공장,A,856,43,94.98,22.955490654205608,45.182827102803735,2.7930607476635516
2024-06-02,ULN,울산공장,B,823,34,95.87,22.94434993924666,45.09927095990279,2.7975941676792226
2024-06-02,ULN,울산공장,C,116,7,93.97,23.06896551724138,45.16637931034483,2.77
2024-06-03,ASN,아산공장,A,456,11,97.59,23.065570175438594,44.641666666666666,2.797850877192982
2024-06-03,ASN,아산공장,B,467,18,96.15,22.785867237687366,44.972376873661666,2.794710920770878
2024-06-03,ASN,아산공장,C,54,2,96.3,22.701851851851853,46.416666666666664,2.7564814814814813
2024-06-03,GWJ,광주공장,A,250,11,95.6,22.851599999999998,44.8336,2.8056
2024-06-03,GWJ,광주공장,B,272,7,97.43,22.950367647058822,45.28492647058823,2.8026470588235295
2024-06-03,GWJ,광주공장,C,30,0,100.0,22.723333333333336,46.53,2.8056666666666668
2024-06-03,HWS,화성공장,A,298,16,94.63,23.103355704697986,44.95234899328859,2.805335570469799
2024-06-03,HWS,화성공장,B,276,12,95.65,22.86304347826087,46.32971014492754,2.807246376811594
2024-06-03,HWS,화성공장,C,34,1,97.06,22.926470588235293,46.80882352941177,2.8873529411764705
2024-06-03,ULN,울산공장,A,850,39,95.41,23.016823529411763,44.612941176470585,2.8004470588235297
2024-06-03,ULN,울산공장,B,800,25,96.88,23.015500000000003,45.021,2.8349374999999997
2024-06-03,ULN,울산공장,C,86,8,90.7,23.176744186046513,44.05930232558139,2.8169767441860465
2024-06-04,ASN,아산공장,A,457,21,95.4,22.900218818380743,44.68446389496717,2.805645514223195
2024-06-04,ASN,아산공장,B,443,21,95.26,23.043792325056433,45.28939051918736,2.794785553047404
2024-06-04,ASN,아산공장,C,57,2,96.49,23.933333333333334,45.55263157894737,2.8085964912280703
2024-06-04,GWJ,광주공장,A,277,10,96.39,22.87184115523466,45.691335740072205,2.8320216606498194
2024-06-04,GWJ,광주공장,B,257,8,96.89,22.765758754863814,44.373929961089495,2.8412451361867705
2024-06-04,GWJ,광주공장,C,33,1,96.97,22.32121212121212,44.20909090909091,2.747272727272727
2024-06-04,HWS,화성공장,A,299,11,96.32,22.888294314381273,44.90501672240803,2.7832107023411368
2024-06-04,HWS,화성공장,B,319,12,96.24,23.275548589341692,45.1846394984326,2.789717868338558
2024-06-04,HWS,화성공장,C,33,2,93.94,23.33939393939394,46.34848484848485,2.789393939393939
2024-06-04,ULN,울산공장,A,846,43,94.92,23.04208037825059,44.86513002364067,2.7964893617021276
2024-06-04,ULN,울산공장,B,822,32,96.11,23.049999999999997,44.904866180048664,2.797396593673966
2024-06-04,ULN,울산공장,C,100,7,93.0,23.011999999999997,45.711000000000006,2.8262
2024-06-05,ASN,아산공장,A,475,21,95.58,22.925052631578946,44.914947368421046,2.807305263157895
2024-06-05,ASN,아산공장,B,465,22,95.27,22.97225806451613,44.69720430107527,2.803268817204301
2024-06-05,ASN,아산공장,C,69,6,91.3,23.07536231884058,44.6695652173913,2.8156521739130436
2024-06-05,GWJ,광주공장,A,259,6,97.68,22.883783783783784,45.37181467181467,2.7916602316602317
2024-06-05,GWJ,광주공장,B,290,4,98.62,22.65310344827586,45.01862068965517,2.799551724137931
2024-06-05,GWJ,광주공장,C,36,3,91.67,23.680555555555557,45.55277777777778,2.7980555555555555
2024-06-05,HWS,화성공장,A,257,19,92.61,22.973151750972765,43.967704280155644,2.786887159533074
2024-06-05,HWS,화성공장,B,310,16,94.84,22.883225806451613,45.20870967741936,2.791967741935484
2024-06-05,HWS,화성공장,C,40,1,97.5,22.9175,44.832499999999996,2.784
2024-06-05,ULN,울산공장,A,884,47,94.68,22.89683257918552,44.663687782805425,2.7881674208144793
2024-06-05,ULN,울산공장,B,793,30,96.22,23.03240857503153,45.28701134930643,2.7937074401008823
2024-06-05,ULN,울산공장,C,80,4,95.0,22.267500000000002,44.765,2.799625
2024-06-06,ASN,아산공장,A,457,17,96.28,23.074835886214444,45.033260393873086,2.78437636761488
2024-06-06,ASN,아산공장,B,505,14,97.23,22.999405940594063,44.616039603960395,2.792831683168317
2024-06-06,ASN,아산공장,C,70,1,98.57,22.68285714285714,45.871428571428574,2.793428571428571
2024-06-06,GWJ,광주공장,A,274,8,97.08,22.93686131386861,44.78722627737226,2.8094160583941603
2024-06-06,GWJ,광주공장,B,294,11,96.26,23.139115646258503,45.37108843537415,2.7846258503401358
2024-06-06,GWJ,광주공장,C,34,0,100.0,23.45,42.70882352941176,2.862058823529412
2024-06-06,HWS,화성공장,A,266,8,96.99,23.328195488721803,45.63947368421053,2.802481203007519
2024-06-06,HWS,화성공장,B,290,9,96.9,22.774827586206897,45.21862068965517,2.8245172413793105
2024-06-06,HWS,화성공장,C,25,1,96.0,22.888,44.748000000000005,2.7171999999999996
2024-06-06,ULN,울산공장,A,847,27,96.81,23.02750885478158,44.81074380165289,2.791050767414404
2024-06-06,ULN,울산공장,B,846,34,95.98,23.09858156028369,45.17115839243499,2.8010165484633567
2024-06-06,ULN,울산공장,C,100,8,92.0,22.445999999999998,45.336999999999996,2.7845999999999997
2024-06-07,ASN,아산공장,A,445,16,96.4,23.137977528089888,44.98404494382023,2.806561797752809
2024-06-07,ASN,아산공장,B,508,19,96.26,22.946653543307086,45.10255905511811,2.8227755905511813
2024-06-07,ASN,아산공장,C,61,5,91.8,23.28688524590164,44.778688524590166,2.7719672131147544
2024-06-07,GWJ,광주공장,A,289,12,95.85,22.93356401384083,44.549826989619376,2.819342560553633
2024-06-07,GWJ,광주공장,B,294,14,95.24,22.748979591836733,45.31972789115646,2.7991496598639456
2024-06-07,GWJ,광주공장,C,38,4,89.47,22.83157894736842,43.32368421052632,2.7239473684210527
2024-06-07,HWS,화성공장,A,294,12,95.92,22.905442176870746,43.89251700680272,2.7792517006802724
2024-06-07,HWS,화성공장,B,265,10,96.23,23.0822641509434,46.10943396226415,2.8053962264150942
2024-06-07,HWS,화성공장,C,34,3,91.18,21.90294117647059,44.23823529411764,2.8585294117647058
2024-06-07,ULN,울산공장,A,857,42,95.1,23.05577596266044,44.96196032672112,2.8043873978996503
2024-06-07,ULN,울산공장,B,790,29,96.33,23.09126582278481,44.61506329113924,2.7885569620253166
2024-06-07,ULN,울산공장,C,100,2,98.0,22.964000000000002,46.233999999999995,2.7777999999999996
2024-06-08,ASN,아산공장,A,474,29,93.88,23.100632911392406,45.10021097046413,2.806012658227848
2024-06-08,ASN,아산공장,B,472,20,95.76,23.11949152542373,45.175423728813556,2.7908898305084744
2024-06-08,ASN,아산공장,C,59,1,98.31,22.45423728813559,44.20508474576271,2.7666101694915253
2024-06-08,GWJ,광주공장,A,282,14,95.04,22.907446808510638,44.65638297872341,2.820673758865248
2024-06-08,GWJ,광주공장,B,278,16,94.24,22.834892086330935,45.555755395683455,2.780755395683453
2024-06-08,GWJ,광주공장,C,31,2,93.55,23.480645161290322,46.541935483870965,2.8390322580645164
2024-06-08,HWS,화성공장,A,275,8,97.09,22.85090909090909,45.37527272727273,2.7995636363636365
2024-06-08,HWS,화성공장,B,282,13,95.39,22.859929078014183,45.039361702127664,2.8136879432624116
2024-06-08,HWS,화성공장,C,36,4,88.89,22.25277777777778,45.644444444444446,2.8872222222222224
2024-06-08,ULN,울산공장,A,818,31,96.21,23.061858190709046,44.90171149144254,2.7969315403422983
2024-06-08,ULN,울산공장,B,827,38,95.41,22.81584038694075,45.061185006045946,2.7883796856106406
2024-06-08,ULN,울산공장,C,124,7,94.35,23.17096774193548,44.391935483870974,2.8618548387096774
2024-06-09,ASN,아산공장,A,447,19,95.75,22.969798657718123,44.952348993288595,2.8284116331096194
2024-06-09,ASN,아산공장,B,506,20,96.05,22.971343873517785,44.814031620553365,2.7948616600790515
2024-06-09,ASN,아산공장,C,71,6,91.55,23.15774647887324,44.35633802816902,2.80169014084507
2024-06-09,GWJ,광주공장,A,288,11,96.18,22.87986111111111,45.37048611111111,2.7768055555555557
2024-06-09,GWJ,광주공장,B,248,13,94.76,23.039112903225806,44.461290322580645,2.804556451612903
2024-06-09,GWJ,광주공장,C,25,3,88.0,23.568,44.3,2.89
2024-06-09,HWS,화성공장,A,270,14,94.81,22.829259259259256,44.48555555555556,2.8232222222222223
2024-06-09,HWS,화성공장,B,285,7,97.54,22.936491228070174,45.14947368421053,2.797122807017544
2024-06-09,HWS,화성공장,C,40,2,95.0,22.7975,44.3775,2.7935
2024-06-09,ULN,울산공장,A,856,36,95.79,22.973831775700933,44.817523364485986,2.783598130841122
2024-06-09,ULN,울산공장,B,822,23,97.2,22.679440389294403,44.821046228710465,2.806070559610706
2024-06-09,ULN,울산공장,C,110,1,99.09,23.428181818181816,43.67727272727273,2.7715454545454548
2024-06-10,ASN,아산공장,A,488,16,96.72,23.242622950819673,45.07418032786885,2.8106147540983604
2024-06-10,ASN,아산공장,B,485,14,97.11,22.760824742268042,44.539381443298964,2.771298969072165
2024-06-10,ASN,아산공장,C,52,2,96.15,23.201923076923077,44.340384615384615,2.7967307692307695
2024-06-10,GWJ,광주공장,A,275,11,96.0,23.10290909090909,45.085454545454546,2.819272727272727
2024-06-10,GWJ,광주공장,B,280,12,95.71,22.8475,44.83642857142858,2.782142857142857
2024-06-10,GWJ,광주공장,C,30,1,96.67,23.436666666666667,45.25666666666667,2.8833333333333333
2024-06-10,HWS,화성공장,A,274,2,99.27,22.87043795620438,44.59233576642335,2.794087591240876
2024-06-10,HWS,화성공장,B,276,16,94.2,23.01050724637681,44.585507246376814,2.789927536231884
2024-06-10,HWS,화성공장,C,30,1,96.67,23.790000000000003,42.486666666666665,2.8153333333333332
2024-06-10,ULN,울산공장,A,861,44,94.89,22.892799070847854,44.858072009291526,2.7854123112659694
2024-06-10,ULN,울산공장,B,830,41,95.06,22.948915662650602,45.134698795180725,2.7845542168674697
2024-06-10,ULN,울산공장,C,90,3,96.67,22.903333333333336,45.09777777777778,2.854222222222222
2024-06-11,ASN,아산공장,A,467,19,95.93,22.85032119914347,45.294860813704496,2.7806209850107066
2024-06-11,ASN,아산공장,B,462,20,95.67,23.22034632034632,45.01558441558442,2.7966017316017315
2024-06-11,ASN,아산공장,C,47,3,93.62,22.940425531914894,45.03404255319149,2.8463829787234043
2024-06-11,GWJ,광주공장,A,279,14,94.98,22.900358422939068,45.19462365591398,2.770035842293907
2024-06-11,GWJ,광주공장,B,269,11,95.91,23.115985130111522,44.90260223048327,2.8112639405204463
2024-06-11,GWJ,광주공장,C,35,3,91.43,22.677142857142858,44.20285714285714,2.7377142857142855
2024-06-11,HWS,화성공장,A,296,12,95.95,23.030067567567567,45.09256756756756,2.7789189189189187
2024-06-11,HWS,화성공장,B,270,6,97.78,23.047037037037036,45.068518518518516,2.780962962962963
2024-06-11,HWS,화성공장,C,49,2,95.92,23.48775510204082,44.320408163265306,2.809183673469388
2024-06-11,ULN,울산공장,A,854,37,95.67,22.947658079625292,44.90409836065574,2.791686182669789
2024-06-11,ULN,울산공장,B,859,21,97.56,23.11606519208382,45.04819557625146,2.7934575087310827
2024-06-11,ULN,울산공장,C,105,5,95.24,23.204761904761906,45.48666666666667,2.826761904761905
2024-06-12,ASN,아산공장,A,469,20,95.74,22.966737739872066,44.85159914712154,2.8162473347547974
2024-06-12,ASN,아산공장,B,473,14,97.04,22.845031712473574,44.81353065539112,2.8085623678646936
2024-06-12,ASN,아산공장,C,59,3,94.92,22.406779661016948,46.34576271186441,2.756271186440678
2024-06-12,GWJ,광주공장,A,281,7,97.51,23.27508896797153,45.451601423487546,2.8108896797153027
2024-06-12,GWJ,광주공장,B,272,4,98.53,22.61433823529412,45.938235294117646,2.7937132352941174
2024-06-12,GWJ,광주공장,C,29,2,93.1,23.875862068965517,44.793103448275865,2.8462068965517244
2024-06-12,HWS,화성공장,A,280,11,96.07,22.886785714285715,45.06857142857143,2.8085
2024-06-12,HWS,화성공장,B,278,10,96.4,22.873741007194244,45.05035971223022,2.8062589928057555
2024-06-12,HWS,화성공장,C,49,3,93.88,22.532653061224487,43.53265306122449,2.8312244897959182
2024-06-12,ULN,울산공장,A,828,28,96.62,22.91280193236715,44.719685990338164,2.7944685990338165
2024-06-12,ULN,울산공장,B,758,17,97.76,22.87321899736148,44.96187335092348,2.789604221635884
2024-06-12,ULN,울산공장,C,113,9,92.04,23.2283185840708,45.117699115044246,2.7953097345132742
2024-06-13,ASN,아산공장,A,438,19,95.66,22.86095890410959,45.519406392694066,2.798721461187214
2024-06-13,ASN,아산공장,B,477,12,97.48,22.878197064989518,45.48490566037736,2.811278825995807
2024-06-13,ASN,아산공장,C,58,7,87.93,23.29137931034483,45.73103448275862,2.8000000000000003
2024-06-13,GWJ,광주공장,A,264,11,95.83,23.13522727272727,44.42878787878788,2.7643560606060604
2024-06-13,GWJ,광주공장,B,260,10,96.15,23.110384615384614,44.346538461538465,2.7817692307692305
2024-06-13,GWJ,광주공장,C,24,4,83.33,22.9375,45.541666666666664,2.9095833333333334
2024-06-13,HWS,화성공장,A,259,12,95.37,22.85752895752896,45.205019305019306,2.81027027027027
2024-06-13,HWS,화성공장,B,262,14,94.66,22.83969465648855,44.7706106870229,2.79087786259542
2024-06-13,HWS,화성공장,C,37,1,97.3,22.145945945945947,46.17567567567568,2.7545945945945944
2024-06-13,ULN,울산공장,A,836,32,96.17,22.99306220095694,44.97200956937799,2.805968899521531
2024-06-13,ULN,울산공장,B,859,37,95.69,23.090454016298022,45.10081490104773,2.809778812572759
2024-06-13,ULN,울산공장,C,99,4,95.96,22.69090909090909,43.08686868686869,2.827171717171717
2024-06-14,ASN,아산공장,A,438,25,94.29,23.018949771689496,44.26278538812785,2.8120776255707765
2024-06-14,ASN,아산공장,B,465,20,95.7,22.89462365591398,45.12064516129032,2.7810752688172045
2024-06-14,ASN,아산공장,C,57,5,91.23,23.089473684210525,44.87368421052632,2.8696491228070173
2024-06-14,GWJ,광주공장,A,307,14,95.44,23.220195439739413,45.30065146579804,2.802703583061889
2024-06-14,GWJ,광주공장,B,291,9,96.91,23.113058419243984,44.43436426116838,2.7916494845360824
2024-06-14,GWJ,광주공장,C,36,2,94.44,22.697222222222223,44.05277777777778,2.753611111111111
2024-06-14,HWS,화성공장,A,304,15,95.07,23.44046052631579,44.42763157894737,2.805855263157895
2024-06-14,HWS,화성공장,B,264,12,95.45,23.450378787878787,44.52159090909091,2.8364015151515147
2024-06-14,HWS,화성공장,C,22,2,90.91,22.895454545454545,42.199999999999996,2.7118181818181815
2024-06-14,ULN,울산공장,A,858,44,94.87,22.943822843822844,45.11643356643357,2.788076923076923
2024-06-14,ULN,울산공장,B,844,41,95.14,22.913862559241704,45.13139810426541,2.791718009478673
2024-06-14,ULN,울산공장,C,122,9,92.62,23.588524590163935,45.0,2.787377049180328
2024-06-15,ASN,아산공장,A,476,15,96.85,23.1781512605042,45.469747899159664,2.794705882352941
2024-06-15,ASN,아산공장,B,499,23,95.39,22.83807615230461,45.24869739478957,2.7846693386773547
2024-06-15,ASN,아산공장,C,54,4,92.59,22.918518518518518,44.47777777777778,2.744444444444444
2024-06-15,GWJ,광주공장,A,250,12,95.2,22.5452,44.1932,2.81052
2024-06-15,GWJ,광주공장,B,257,10,96.11,23.199221789883268,45.304669260700386,2.795992217898833
2024-06-15,GWJ,광주공장,C,42,1,97.62,23.464285714285715,43.78333333333334,2.7445238095238094
2024-06-15,HWS,화성공장,A,314,8,97.45,23.02356687898089,44.716242038216556,2.7873885350318472
2024-06-15,HWS,화성공장,B,296,9,96.96,22.94087837837838,45.670608108108105,2.8134459459459458
2024-06-15,HWS,화성공장,C,27,1,96.3,23.074074074074073,45.78148148148148,2.7848148148148146
2024-06-15,ULN,울산공장,A,869,35,95.97,23.17721518987342,45.183774453394705,2.802520138089758
2024-06-15,ULN,울산공장,B,823,28,96.6,22.996840826245446,45.506075334143375,2.805540704738761
2024-06-15,ULN,울산공장,C,121,7,94.21,22.96115702479339,44.23305785123967,2.7691735537190083
2024-06-16,ASN,아산공장,A,467,15,96.79,22.972591006423983,45.100856531049246,2.789100642398287
2024-06-16,ASN,아산공장,B,452,25,94.47,23.115707964601768,44.644247787610624,2.8178318584070796
2024-06-16,ASN,아산공장,C,68,4,94.12,23.28676470588235,43.851470588235294,2.7758823529411765
2024-06-16,GWJ,광주공장,A,282,9,96.81,22.965248226950354,44.772340425531915,2.789219858156028
2024-06-16,GWJ,광주공장,B,259,9,96.53,22.85212355212355,44.81776061776061,2.8166795366795365
2024-06-16,GWJ,광주공장,C,36,6,83.33,22.66111111111111,42.58888888888889,2.7808333333333333
2024-06-16,HWS,화성공장,A,289,9,96.89,22.9280276816609,45.50588235294118,2.8026643598615917
2024-06-16,HWS,화성공장,B,294,6,97.96,22.81598639455782,44.971428571428575,2.8041496598639455
2024-06-16,HWS,화성공장,C,32,3,90.62,22.640625,47.41875,2.753125
2024-06-16,ULN,울산공장,A,819,36,95.6,23.083516483516487,44.88351648351648,2.801221001221001
2024-06-16,ULN,울산공장,B,868,25,97.12,22.862211981566823,45.32004608294931,2.7949654377880186
2024-06-16,ULN,울산공장,C,87,2,97.7,22.410344827586208,44.03103448275862,2.7729885057471266
2024-06-17,ASN,아산공장,A,458,20,95.63,23.106986899563317,45.50633187772926,2.824956331877729
2024-06-17,ASN,아산공장,B,479,14,97.08,22.976826722338203,44.45135699373695,2.7825469728601253
2024-06-17,ASN,아산공장,C,56,3,94.64,22.817857142857143,46.05357142857143,2.807857142857143
2024-06-17,GWJ,광주공장,A,294,15,94.9,23.053401360544218,45.226190476190474,2.8007142857142857
2024-06-17,GWJ,광주공장,B,296,13,95.61,22.86722972972973,45.49966216216216,2.7987162162162162
2024-06-17,GWJ,광주공장,C,32,0,100.0,23.15625,47.862500000000004,2.8271875
2024-06-17,HWS,화성공장,A,291,9,96.91,23.02852233676976,44.39312714776632,2.7731271477663233
2024-06-17,HWS,화성공장,B,278,8,97.12,22.65251798561151,44.57805755395684,2.7961151079136695
2024-06-17,HWS,화성공장,C,23,1,95.65,23.182608695652174,46.05217391304348,2.6995652173913043
2024-06-17,ULN,울산공장,A,857,33,96.15,22.89031505250875,44.99766627771295,2.817654609101517
2024-06-17,ULN,울산공장,B,857,27,96.85,22.89031505250875,45.14585764294049,2.7952858809801633
2024-06-17,ULN,울산공장,C,112,10,91.07,22.89910714285714,45.384821428571435,2.7158035714285718
2024-06-18,ASN,아산공장,A,425,17,96.0,22.853176470588235,45.17270588235294,2.793811764705882
2024-06-18,ASN,아산공장,B,467,22,95.29,23.1220556745182,45.06980728051391,2.8034689507494646
2024-06-18,ASN,아산공장,C,45,4,91.11,22.56888888888889,45.968888888888884,2.8902222222222225
2024-06-18,GWJ,광주공장,A,296,18,93.92,22.89662162162162,45.23783783783784,2.8397972972972974
2024-06-18,GWJ,광주공장,B,262,7,97.33,22.86908396946565,44.92404580152672,2.8029007633587786
2024-06-18,GWJ,광주공장,C,37,1,97.3,23.18378378378378,45.391891891891895,2.8002702702702704
2024-06-18,HWS,화성공장,A,262,12,95.42,22.949236641221372,45.621374045801524,2.8154198473282444
2024-06-18,HWS,화성공장,B,278,11,96.04,22.96978417266187,45.98705035971223,2.8003237410071944
2024-06-18,HWS,화성공장,C,38,2,94.74,23.06578947368421,44.88947368421052,2.7842105263157895
2024-06-18,ULN,울산공장,A,840,31,96.31,23.178095238095235,44.76059523809524,2.796404761904762
2024-06-18,ULN,울산공장,B,837,28,96.65,22.98267622461171,45.36451612903225,2.7986857825567504
2024-06-18,ULN,울산공장,C,102,7,93.14,22.664705882352944,46.1921568627451,2.781078431372549
2024-06-19,ASN,아산공장,A,466,28,93.99,22.924678111587983,44.980042918454934,2.7853218884120174
2024-06-19,ASN,아산공장,B,445,9,97.98,22.980449438202246,45.126516853932586,2.819258426966292
2024-06-19,ASN,아산공장,C,52,4,92.31,22.751923076923074,43.075,2.786538461538462
2024-06-19,GWJ,광주공장,A,298,7,97.65,23.134563758389262,44.953691275167785,2.789261744966443
2024-06-19,GWJ,광주공장,B,272,12,95.59,23.185661764705884,45.44742647058824,2.8304779411764707
2024-06-19,GWJ,광주공장,C,37,2,94.59,23.13783783783784,44.37027027027027,2.7362162162162162
2024-06-19,HWS,화성공장,A,282,8,97.16,23.29645390070922,44.888297872340424,2.7672695035460992
2024-06-19,HWS,화성공장,B,307,15,95.11,23.34657980456026,45.3371335504886,2.796026058631922
2024-06-19,HWS,화성공장,C,30,1,96.67,22.80666666666667,44.85666666666667,2.7520000000000002
2024-06-19,ULN,울산공장,A,854,33,96.14,23.07974238875878,44.73430913348946,2.7952927400468384
2024-06-19,ULN,울산공장,B,820,23,97.2,22.94390243902439,45.05682926829268,2.7979024390243903
2024-06-19,ULN,울산공장,C,125,12,90.4,22.892,45.664,2.8016
2024-06-20,ASN,아산공장,A,438,23,94.75,22.876027397260277,45.9027397260274,2.790936073059361
2024-06-20,ASN,아산공장,B,495,25,94.95,22.852525252525254,44.5979797979798,2.7871919191919194
2024-06-20,ASN,아산공장,C,58,6,89.66,23.21379310344828,46.12586206896552,2.764655172413793
2024-06-20,GWJ,광주공장,A,277,10,96.39,22.67220216606498,45.483393501805054,2.820902527075812
2024-06-20,GWJ,광주공장,B,264,10,96.21,22.832954545454545,44.99242424242424,2.8021212121212122
2024-06-20,GWJ,광주공장,C,45,2,95.56,23.58666666666667,45.531111111111116,2.837111111111111
2024-06-20,HWS,화성공장,A,254,12,95.28,23.026771653543307,46.111811023622046,2.7696062992125987
2024-06-20,HWS,화성공장,B,284,16,94.37,23.14718309859155,44.76830985915493,2.804154929577465
2024-06-20,HWS,화성공장,C,26,0,100.0,22.542307692307695,45.25769230769231,2.8196153846153846
2024-06-20,ULN,울산공장,A,837,34,95.94,22.962246117084828,44.7905615292712,2.7971565113500594
2024-06-20,ULN,울산공장,B,870,32,96.32,23.042643678160918,45.4648275862069,2.7958620689655174
2024-06-20,ULN,울산공장,C,88,3,96.59,23.648863636363636,44.7875,2.8034090909090907
2024-06-21,ASN,아산공장,A,446,22,95.07,23.000896860986547,44.8542600896861,2.7852914798206276
2024-06-21,ASN,아산공장,B,491,16,96.74,23.20468431771894,45.34276985743381,2.7979429735234214
2024-06-21,ASN,아산공장,C,61,6,90.16,22.77704918032787,45.81967213114754,2.7765573770491803
2024-06-21,GWJ,광주공장,A,271,15,94.46,23.46309963099631,45.58523985239852,2.7586346863468636
2024-06-21,GWJ,광주공장,B,270,11,95.93,23.066666666666666,45.373703703703704,2.8198148148148148
2024-06-21,GWJ,광주공장,C,31,2,93.55,22.483870967741936,43.92903225806452,2.682903225806452
2024-06-21,HWS,화성공장,A,286,14,95.1,23.2,44.62447552447553,2.823986013986014
2024-06-21,HWS,화성공장,B,290,10,96.55,23.21448275862069,45.84,2.813206896551724
2024-06-21,HWS,화성공장,C,31,2,93.55,22.6,43.8258064516129,2.8890322580645162
2024-06-21,ULN,울산공장,A,857,36,95.8,22.881680280046673,45.12788798133022,2.804597432905484
2024-06-21,ULN,울산공장,B,851,22,97.41,22.690834312573443,44.979553466509984,2.7997062279670977
2024-06-21,ULN,울산공장,C,98,4,95.92,23.03061224489796,43.642857142857146,2.7927551020408163
2024-06-22,ASN,아산공장,A,505,12,97.62,23.04910891089109,45.01069306930693,2.8214653465346533
2024-06-22,ASN,아산공장,B,454,17,96.26,23.127973568281938,45.09185022026432,2.845396475770925
2024-06-22,ASN,아산공장,C,58,3,94.83,23.170689655172417,44.429310344827584,2.818103448275862
2024-06-22,GWJ,광주공장,A,264,18,93.18,22.736742424242426,44.88977272727273,2.7950757575757574
2024-06-22,GWJ,광주공장,B,271,10,96.31,23.124723247232474,44.83136531365314,2.790110701107011
2024-06-22,GWJ,광주공장,C,30,1,96.67,22.353333333333335,47.306666666666665,2.8406666666666665
2024-06-22,HWS,화성공장,A,308,20,93.51,23.128896103896103,44.92987012987013,2.779642857142857
2024-06-22,HWS,화성공장,B,257,12,95.33,23.103501945525295,44.21712062256809,2.8048249027237357
2024-06-22,HWS,화성공장,C,38,2,94.74,23.48421052631579,44.902631578947364,2.7855263157894736
2024-06-22,ULN,울산공장,A,808,35,95.67,22.900495049504947,45.03997524752476,2.8052970297029702
2024-06-22,ULN,울산공장,B,843,31,96.32,23.166310794780546,45.14934756820878,2.8054685646500594
2024-06-22,ULN,울산공장,C,127,7,94.49,22.716535433070867,44.87716535433071,2.809291338582677
2024-06-23,ASN,아산공장,A,456,16,96.49,23.03311403508772,45.67434210526316,2.797675438596491
2024-06-23,ASN,아산공장,B,488,9,98.16,23.05717213114754,45.088524590163935,2.8063934426229507
2024-06-23,ASN,아산공장,C,54,2,96.3,23.11296296296296,44.34444444444444,2.8783333333333334
2024-06-23,GWJ,광주공장,A,272,15,94.49,22.590073529411764,45.40882352941177,2.798125
2024-06-23,GWJ,광주공장,B,276,12,95.65,23.057971014492754,44.85289855072464,2.7954347826086954
2024-06-23,GWJ,광주공장,C,46,2,95.65,22.94347826086957,45.0695652173913,2.8206521739130435
2024-06-23,HWS,화성공장,A,311,12,96.14,22.989389067524115,45.12700964630225,2.7704823151125404
2024-06-23,HWS,화성공장,B,302,9,97.02,23.216887417218544,44.972516556291396,2.820132450331126
2024-06-23,HWS,화성공장,C,29,2,93.1,22.0,42.06896551724138,2.826206896551724
2024-06-23,ULN,울산공장,A,825,34,95.88,22.855030303030304,45.24242424242424,2.799769696969697
2024-06-23,ULN,울산공장,B,854,32,96.25,23.17447306791569,44.75585480093677,2.799063231850117
2024-06-23,ULN,울산공장,C,107,8,92.52,22.239252336448597,44.78317757009346,2.7941121495327104
2024-06-24,ASN,아산공장,A,492,15,96.95,22.82865853658537,45.34552845528455,2.7852642276422763
2024-06-24,ASN,아산공장,B,481,22,95.43,22.89272349272349,44.689604989604995,2.784656964656965
2024-06-24,ASN,아산공장,C,50,5,90.0,23.226,43.672,2.8392
2024-06-24,GWJ,광주공장,A,272,12,95.59,23.096323529411762,44.622058823529414,2.8074264705882355
2024-06-24,GWJ,광주공장,B,275,14,94.91,22.812727272727273,45.050909090909094,2.7858545454545456
2024-06-24,GWJ,광주공장,C,30,0,100.0,22.759999999999998,42.973333333333336,2.802
2024-06-24,HWS,화성공장,A,257,8,96.89,22.97354085603113,45.13346303501945,2.7815953307392998
2024-06-24,HWS,화성공장,B,278,9,96.76,23.17841726618705,45.105035971223025,2.7893884892086334
2024-06-24,HWS,화성공장,C,35,5,85.71,23.185714285714287,45.05714285714286,2.8797142857142854
2024-06-24,ULN,울산공장,A,779,34,95.64,22.84531450577664,44.77098844672657,2.8080744544287546
2024-06-24,ULN,울산공장,B,833,40,95.2,23.04045618247299,44.74093637454982,2.7979351740696274
2024-06-24,ULN,울산공장,C,106,7,93.4,22.649056603773587,44.469811320754715,2.822641509433962
2024-06-25,ASN,아산공장,A,452,12,97.35,23.0608407079646,45.54690265486726,2.8092035398230086
2024-06-25,ASN,아산공장,B,462,15,96.75,22.75995670995671,45.246753246753244,2.798787878787879
2024-06-25,ASN,아산공장,C,57,7,87.72,22.4280701754386,46.656140350877195,2.8140350877192986
2024-06-25,GWJ,광주공장,A,286,15,94.76,22.96013986013986,44.92412587412587,2.790874125874126
2024-06-25,GWJ,광주공장,B,285,10,96.49,23.288070175438598,44.93929824561404,2.805684210526316
2024-06-25,GWJ,광주공장,C,35,0,100.0,23.774285714285714,46.92857142857143,2.7434285714285713
2024-06-25,HWS,화성공장,A,256,12,95.31,23.15703125,43.92890625,2.81140625
2024-06-25,HWS,화성공장,B,255,10,96.08,23.09137254901961,45.84745098039216,2.75756862745098
2024-06-25,HWS,화성공장,C,38,5,86.84,23.03684210526316,45.06315789473685,2.744736842105263
2024-06-25,ULN,울산공장,A,841,33,96.08,22.894411414982166,44.67883472057075,2.8021759809750297
2024-06-25,ULN,울산공장,B,849,19,97.76,22.975147232037692,44.46195524146054,2.8057243816254416
2024-06-25,ULN,울산공장,C,113,6,94.69,22.905309734513278,45.13716814159292,2.8424778761061944
2024-06-26,ASN,아산공장,A,433,21,95.15,22.811547344110853,45.30438799076212,2.806189376443418
2024-06-26,ASN,아산공장,B,461,18,96.1,22.955097613882863,44.78655097613883,2.797917570498915
2024-06-26,ASN,아산공장,C,42,2,95.24,23.111904761904764,44.47142857142857,2.8126190476190476
2024-06-26,GWJ,광주공장,A,302,16,94.7,23.253311258278146,45.01291390728477,2.7889072847682117
2024-06-26,GWJ,광주공장,B,314,8,97.45,22.8671974522293,45.1391719745223,2.832643312101911
2024-06-26,GWJ,광주공장,C,31,0,100.0,23.019354838709678,46.24516129032258,2.7625806451612904
2024-06-26,HWS,화성공장,A,283,11,96.11,22.83427561837456,44.817667844522965,2.741625441696113
2024-06-26,HWS,화성공장,B,280,14,95.0,22.972142857142856,44.548928571428576,2.8247142857142857
2024-06-26,HWS,화성공장,C,42,3,92.86,23.254761904761907,43.96666666666666,2.7973809523809523
2024-06-26,ULN,울산공장,A,801,33,95.88,22.867041198501873,45.033832709113604,2.7774406991260925
2024-06-26,ULN,울산공장,B,820,31,96.22,23.223780487804877,45.45073170731707,2.7972317073170734
2024-06-26,ULN,울산공장,C,111,9,91.89,23.593693693693695,45.700900900900905,2.811801801801802
2024-06-27,ASN,아산공장,A,475,23,95.16,22.801263157894738,44.96336842105263,2.7964631578947365
2024-06-27,ASN,아산공장,B,421,12,97.15,23.27600950118765,45.16745843230404,2.8170546318289786
2024-06-27,ASN,아산공장,C,55,3,94.55,23.145454545454545,44.82909090909091,2.8490909090909087
2024-06-27,GWJ,광주공장,A,283,11,96.11,22.825441696113074,45.50282685512367,2.8058303886925793
2024-06-27,GWJ,광주공장,B,273,12,95.6,23.015018315018317,45.327838827838825,2.802087912087912
2024-06-27,GWJ,광주공장,C,30,2,93.33,22.366666666666667,45.63333333333333,2.6270000000000002
2024-06-27,HWS,화성공장,A,272,14,94.85,23.009926470588233,44.31213235294118,2.775735294117647
2024-06-27,HWS,화성공장,B,282,16,94.33,23.11595744680851,44.695744680851064,2.8110992907801418
2024-06-27,HWS,화성공장,C,41,1,97.56,23.080487804878047,45.9780487804878,2.84390243902439
2024-06-27,ULN,울산공장,A,840,33,96.07,22.990357142857146,45.09559523809524,2.798857142857143
2024-06-27,ULN,울산공장,B,821,26,96.83,22.882095006090136,45.176004872107185,2.8071132764920828
2024-06-27,ULN,울산공장,C,98,9,90.82,22.632653061224488,46.034693877551014,2.8183673469387753
2024-06-28,ASN,아산공장,A,487,20,95.89,22.932854209445583,44.91663244353183,2.7873716632443535
2024-06-28,ASN,아산공장,B,452,14,96.9,23.0320796460177,44.80176991150443,2.80429203539823
2024-06-28,ASN,아산공장,C,48,2,95.83,22.508333333333336,42.518750000000004,2.8018750000000003
2024-06-28,GWJ,광주공장,A,294,11,96.26,22.929931972789113,44.84761904761905,2.789183673469388
2024-06-28,GWJ,광주공장,B,278,5,98.2,23.116546762589927,44.81043165467626,2.8068705035971226
2024-06-28,GWJ,광주공장,C,25,2,92.0,23.256,48.328,2.7812
2024-06-28,HWS,화성공장,A,266,11,95.86,23.156766917293233,44.396240601503756,2.8122180451127816
2024-06-28,HWS,화성공장,B,280,10,96.43,22.86392857142857,44.606785714285714,2.804535714285714
2024-06-28,HWS,화성공장,C,32,0,100.0,23.040625,46.24375,2.7834375
2024-06-28,ULN,울산공장,A,843,35,95.85,23.033926453143533,45.48778173190984,2.7770462633451958
2024-06-28,ULN,울산공장,B,822,34,95.86,22.9,44.972871046228704,2.793333333333333
2024-06-28,ULN,울산공장,C,101,7,93.07,23.0009900990099,45.336633663366335,2.785841584158416
2024-06-29,ASN,아산공장,A,521,21,95.97,23.121113243761997,44.51593090211132,2.8140690978886758
2024-06-29,ASN,아산공장,B,477,18,96.23,23.39454926624738,44.8670859538784,2.807421383647799
2024-06-29,ASN,아산공장,C,54,3,94.44,23.053703703703704,46.11296296296296,2.7931481481481484
2024-06-29,GWJ,광주공장,A,259,13,94.98,22.893050193050193,45.24169884169884,2.814942084942085
2024-06-29,GWJ,광주공장,B,313,10,96.81,23.00702875399361,44.20575079872204,2.7913099041533544
2024-06-29,GWJ,광주공장,C,39,1,97.44,23.274358974358975,44.735897435897435,2.826923076923077
2024-06-29,HWS,화성공장,A,287,13,95.47,23.101045296167246,45.03937282229965,2.785644599303136
2024-06-29,HWS,화성공장,B,260,3,98.85,22.94846153846154,44.46730769230769,2.8059230769230767
2024-06-29,HWS,화성공장,C,42,5,88.1,23.35238095238095,43.852380952380955,2.741904761904762
2024-06-29,ULN,울산공장,A,863,43,95.02,23.152491309385862,44.97566628041715,2.7982271147161066
2024-06-29,ULN,울산공장,B,787,29,96.32,22.96912325285896,44.96416772554003,2.809809402795426
2024-06-29,ULN,울산공장,C,113,8,92.92,22.47522123893805,45.95398230088496,2.8053097345132745
2024-06-30,ASN,아산공장,A,455,24,94.73,22.85758241758242,44.496703296703295,2.8088571428571427
2024-06-30,ASN,아산공장,B,454,26,94.27,23.077092511013216,44.892070484581495,2.813281938325991
2024-06-30,ASN,아산공장,C,52,6,88.46,23.536538461538463,45.763461538461534,2.8165384615384617
2024-06-30,GWJ,광주공장,A,283,14,95.05,23.01060070671378,45.086925795053006,2.770636042402827
2024-06-30,GWJ,광주공장,B,300,12,96.0,23.006,45.19266666666667,2.7931
2024-06-30,GWJ,광주공장,C,41,3,92.68,22.990243902439026,45.58536585365854,2.7660975609756098
2024-06-30,HWS,화성공장,A,269,10,96.28,22.902230483271374,44.83903345724907,2.784275092936803
2024-06-30,HWS,화성공장,B,279,12,95.7,22.86810035842294,44.92078853046595,2.789820788530466
2024-06-30,HWS,화성공장,C,34,0,100.0,22.77058823529412,44.03529411764706,2.760882352941177
2024-06-30,ULN,울산공장,A,793,35,95.59,23.146784363177808,44.94464060529634,2.792257250945776
2024-06-30,ULN,울산공장,B,866,36,95.84,22.925981524249423,44.68418013856813,2.8076443418013857
2024-06-30,ULN,울산공장,C,107,4,96.26,22.884112149532708,45.42336448598131,2.7214953271028035
2024-07-01,ASN,아산공장,A,480,17,96.46,23.137708333333332,45.341874999999995,2.7892291666666664
2024-07-01,ASN,아산공장,B,470,20,95.74,22.864893617021277,44.589787234042554,2.8112553191489362
2024-07-01,ASN,아산공장,C,59,5,91.53,23.15423728813559,44.23050847457627,2.8613559322033897
2024-07-01,GWJ,광주공장,A,263,10,96.2,23.06425855513308,45.62661596958175,2.8197338403041825
2024-07-01,GWJ,광주공장,B,294,6,97.96,22.603401360544215,45.31700680272109,2.817891156462585
2024-07-01,GWJ,광주공장,C,34,0,100.0,22.73235294117647,42.63823529411765,2.8597058823529413
2024-07-01,HWS,화성공장,A,288,8,97.22,23.363541666666666,45.51145833333333,2.825972222222222
2024-07-01,HWS,화성공장,B,292,9,96.92,23.173972602739727,44.72328767123288,2.8136301369863017
2024-07-01,HWS,화성공장,C,32,0,100.0,21.984375,44.66875,2.74625
2024-07-01,ULN,울산공장,A,900,35,96.11,23.017444444444447,44.69511111111111,2.8005333333333335
2024-07-01,ULN,울산공장,B,844,37,95.62,22.997037914691944,44.7042654028436,2.7987322274881516
2024-07-01,ULN,울산공장,C,111,6,94.59,23.136936936936934,45.548648648648644,2.851711711711712
2024-07-02,ASN,아산공장,A,485,23,95.26,22.82020618556701,45.00845360824742,2.819072164948454
2024-07-02,ASN,아산공장,B,478,12,97.49,22.944560669456067,44.890376569037656,2.8000627615062763
2024-07-02,ASN,아산공장,C,50,1,98.0,23.058000000000003,45.838,2.8528
2024-07-02,GWJ,광주공장,A,267,10,96.25,23.117228464419476,45.38314606741573,2.7880524344569286
2024-07-02,GWJ,광주공장,B,255,8,96.86,22.932156862745096,45.19647058823529,2.8179607843137258
2024-07-02,GWJ,광주공장,C,35,4,88.57,22.365714285714283,44.34,2.843714285714286
2024-07-02,HWS,화성공장,A,267,13,95.13,22.814606741573034,45.046067415730334,2.7625842696629213
2024-07-02,HWS,화성공장,B,284,12,95.77,23.19049295774648,44.35633802816902,2.8066549295774648
2024-07-02,HWS,화성공장,C,35,2,94.29,22.802857142857142,47.25142857142857,2.7542857142857144
2024-07-02,ULN,울산공장,A,828,45,94.57,23.146497584541063,44.86461352657005,2.807161835748792
2024-07-02,ULN,울산공장,B,828,41,95.05,22.966787439613526,45.05108695652174,2.8067028985507245
2024-07-02,ULN,울산공장,C,100,10,90.0,22.968000000000004,44.74100000000001,2.7971
2024-07-03,ASN,아산공장,A,497,25,94.97,23.02032193158954,44.98008048289738,2.822132796780684
2024-07-03,ASN,아산공장,B,501,17,96.61,22.802994011976047,44.662674650698605,2.8238522954091816
2024-07-03,ASN,아산공장,C,60,7,88.33,23.433333333333334,44.64666666666667,2.7521666666666667
2024-07-03,GWJ,광주공장,A,310,16,94.84,23.036774193548386,45.076129032258066,2.781806451612903
2024-07-03,GWJ,광주공장,B,297,13,95.62,23.02626262626263,44.75555555555555,2.8168350168350167
2024-07-03,GWJ,광주공장,C,43,3,93.02,22.80697674418605,42.48604651162791,2.7437209302325583
2024-07-03,HWS,화성공장,A,280,13,95.36,23.393571428571427,45.12428571428571,2.776035714285714
2024-07-03,HWS,화성공장,B,246,6,97.56,22.73821138211382,44.199186991869915,2.8010162601626014
2024-07-03,HWS,화성공장,C,43,1,97.67,22.91860465116279,44.6,2.83046511627907
2024-07-03,ULN,울산공장,A,840,44,94.76,23.054523809523808,44.54392857142857,2.808952380952381
2024-07-03,ULN,울산공장,B,858,28,96.74,22.76841491841492,44.678671328671335,2.784708624708625
2024-07-03,ULN,울산공장,C,90,4,95.56,22.689999999999998,43.85444444444445,2.780222222222222
2024-07-04,ASN,아산공장,A,464,15,96.77,22.91465517241379,45.03426724137931,2.8035560344827584
2024-07-04,ASN,아산공장,B,464,25,94.61,22.925862068965518,45.60603448275862,2.8097413793103447
2024-07-04,ASN,아산공장,C,57,3,94.74,22.56842105263158,45.973684210526315,2.7800000000000002
2024-07-04,GWJ,광주공장,A,269,10,96.28,23.03085501858736,45.63011152416357,2.7962825278810413
2024-07-04,GWJ,광주공장,B,274,11,95.99,23.36642335766423,44.79635036496351,2.781167883211679
2024-07-04,GWJ,광주공장,C,40,2,95.0,23.197499999999998,45.6325,2.79575
2024-07-04,HWS,화성공장,A,262,8,96.95,22.882442748091602,44.19389312977099,2.8324427480916032
2024-07-04,HWS,화성공장,B,276,14,94.93,23.218115942028984,44.1695652173913,2.796413043478261
2024-07-04,HWS,화성공장,C,35,1,97.14,23.425714285714285,46.22857142857143,2.8122857142857143
2024-07-04,ULN,울산공장,A,839,32,96.19,23.023122765196664,45.09868891537545,2.79476758045292
2024-07-04,ULN,울산공장,B,847,39,95.4,23.00413223140496,44.92361275088548,2.783943329397875
2024-07-04,ULN,울산공장,C,111,6,94.59,23.054054054054053,45.85855855855856,2.8255855855855856
2024-07-05,ASN,아산공장,A,437,28,93.59,23.067734553775743,44.91762013729977,2.802608695652174
2024-07-05,ASN,아산공장,B,502,19,96.22,22.935258964143426,44.995816733067734,2.809780876494024
2024-07-05,ASN,아산공장,C,57,5,91.23,23.352631578947367,43.98070175438597,2.808421052631579
2024-07-05,GWJ,광주공장,A,296,14,95.27,23.010135135135137,44.51824324324324,2.804831081081081
2024-07-05,GWJ,광주공장,B,299,15,94.98,22.930434782608696,45.18561872909699,2.789297658862876
2024-07-05,GWJ,광주공장,C,37,0,100.0,23.589189189189188,45.9081081081081,2.798918918918919
2024-07-05,HWS,화성공장,A,278,9,96.76,23.31115107913669,44.50539568345324,2.7722302158273378
2024-07-05,HWS,화성공장,B,256,10,96.09,23.169921875,44.338671875,2.7945703125
2024-07-05,HWS,화성공장,C,35,3,91.43,23.414285714285715,47.00857142857143,2.8402857142857143
2024-07-05,ULN,울산공장,A,826,41,95.04,23.069370460048425,45.14188861985472,2.799769975786925
2024-07-05,ULN,울산공장,B,839,35,95.83,23.184505363528007,45.160667461263415,2.803516090584029
2024-07-05,ULN,울산공장,C,96,5,94.79,23.623958333333334,45.80625,2.811458333333333
2024-07-06,ASN,아산공장,A,467,19,95.93,22.983511777301924,44.431691648822266,2.7968308351177726
2024-07-06,ASN,아산공장,B,472,23,95.13,22.96546610169492,44.902542372881356,2.805466101694915
2024-07-06,ASN,아산공장,C,51,2,96.08,22.99607843137255,44.523529411764706,2.809019607843137
2024-07-06,GWJ,광주공장,A,271,3,98.89,22.931365313653135,44.44280442804428,2.794612546125461
2024-07-06,GWJ,광주공장,B,282,19,93.26,23.156028368794328,45.2031914893617,2.818936170212766
2024-07-06,GWJ,광주공장,C,32,3,90.62,24.178125,44.821875,2.8575
2024-07-06,HWS,화성공장,A,278,13,95.32,23.319424460431655,45.19856115107914,2.79226618705036
2024-07-06,HWS,화성공장,B,289,15,94.81,23.18719723183391,44.8681660899654,2.81636678200692
2024-07-06,HWS,화성공장,C,38,2,94.74,23.25526315789474,46.992105263157896,2.7871052631578945
2024-07-06,ULN,울산공장,A,845,35,95.86,22.881065088757396,44.740591715976336,2.7979644970414204
2024-07-06,ULN,울산공장,B,857,31,96.38,22.89463243873979,44.334539089848306,2.8031971995332556
2024-07-06,ULN,울산공장,C,97,7,92.78,23.535051546391752,45.86494845360824,2.7936082474226804
2024-07-07,ASN,아산공장,A,475,18,96.21,22.970526315789474,44.87621052631579,2.790673684210526
2024-07-07,ASN,아산공장,B,454,17,96.26,23.29625550660793,44.9909691629956,2.7998237885462554
2024-07-07,ASN,아산공장,C,55,4,92.73,22.823636363636364,45.13818181818181,2.797090909090909
2024-07-07,GWJ,광주공장,A,262,10,96.18,22.937786259541983,44.63358778625954,2.8095419847328245
2024-07-07,GWJ,광주공장,B,302,10,96.69,23.039403973509934,44.295033112582786,2.812980132450331
2024-07-07,GWJ,광주공장,C,42,6,85.71,23.271428571428572,43.69761904761905,2.9047619047619047
2024-07-07,HWS,화성공장,A,259,8,96.91,23.195752895752896,44.109266409266404,2.7940540540540537
2024-07-07,HWS,화성공장,B,302,6,98.01,22.977152317880797,44.84470198675497,2.815364238410596
2024-07-07,HWS,화성공장,C,41,2,95.12,23.890243902439025,45.099999999999994,2.817073170731707
2024-07-07,ULN,울산공장,A,842,33,96.08,22.95059382422803,44.78990498812352,2.812422802850356
2024-07-07,ULN,울산공장,B,882,43,95.12,22.95124716553288,45.06145124716553,2.7836848072562357
2024-07-07,ULN,울산공장,C,110,7,93.64,23.119999999999997,44.06181818181818,2.788272727272727
2024-07-08,ASN,아산공장,A,466,19,95.92,22.92360515021459,44.521244635193135,2.7988412017167383
2024-07-08,ASN,아산공장,B,489,18,96.32,22.829856850715746,45.337218813905935,2.805930470347648
2024-07-08,ASN,아산공장,C,60,3,95.0,23.365000000000002,44.74,2.8673333333333333
2024-07-08,GWJ,광주공장,A,257,6,97.67,22.96887159533074,44.82373540856032,2.833501945525292
2024-07-08,GWJ,광주공장,B,264,15,94.32,22.96590909090909,44.454166666666666,2.771136363636364
2024-07-08,GWJ,광주공장,C,28,3,89.29,23.142857142857142,43.44285714285714,2.860357142857143
2024-07-08,HWS,화성공장,A,276,8,97.1,22.679710144927537,45.54239130434783,2.8309057971014493
2024-07-08,HWS,화성공장,B,315,12,96.19,23.052698412698415,45.56507936507936,2.764
2024-07-08,HWS,화성공장,C,42,1,97.62,23.61904761904762,46.49285714285715,2.900714285714286
2024-07-08,ULN,울산공장,A,864,37,95.72,23.07650462962963,45.229629629629635,2.7918749999999997
2024-07-08,ULN,울산공장,B,842,28,96.67,22.957719714964373,44.59976247030879,2.7991923990498813
2024-07-08,ULN,울산공장,C,112,6,94.64,23.634821428571428,44.384821428571435,2.8252678571428573
2024-07-09,ASN,아산공장,A,447,21,95.3,23.038926174496645,44.90067114093959,2.789619686800895
2024-07-09,ASN,아산공장,B,508,19,96.26,23.04527559055118,45.25334645669292,2.804685039370079
2024-07-09,ASN,아산공장,C,55,0,100.0,23.492727272727272,43.89454545454545,2.737818181818182
2024-07-09,GWJ,광주공장,A,295,10,96.61,23.06508474576271,45.24338983050847,2.7882033898305085
2024-07-09,GWJ,광주공장,B,320,5,98.44,23.073124999999997,44.9903125,2.78671875
2024-07-09,GWJ,광주공장,C,37,2,94.59,22.52162162162162,44.84594594594594,2.715135135135135
2024-07-09,HWS,화성공장,A,287,11,96.17,23.106620209059233,45.9623693379791,2.829163763066202
2024-07-09,HWS,화성공장,B,276,9,96.74,22.92789855072464,45.2481884057971,2.79554347826087
2024-07-09,HWS,화성공장,C,26,3,88.46,22.85,43.75769230769231,2.7446153846153845
2024-07-09,ULN,울산공장,A,862,34,96.06,23.096983758700695,45.22819025522041,2.79669373549884
2024-07-09,ULN,울산공장,B,830,31,96.27,23.08566265060241,45.66614457831326,2.80010843373494
2024-07-09,ULN,울산공장,C,98,3,96.94,22.683673469387756,44.99795918367347,2.811734693877551
2024-07-10,ASN,아산공장,A,439,19,95.67,23.245785876993164,45.807289293849664,2.803826879271071
2024-07-10,ASN,아산공장,B,467,19,95.93,22.76188436830835,44.90406852248394,2.805503211991435
2024-07-10,ASN,아산공장,C,59,3,94.92,23.296610169491526,44.01186440677966,2.770508474576271
2024-07-10,GWJ,광주공장,A,280,15,94.64,22.72642857142857,44.71678571428572,2.7830714285714286
2024-07-10,GWJ,광주공장,B,297,12,95.96,23.06801346801347,46.217171717171716,2.8002693602693602
2024-07-10,GWJ,광주공장,C,29,2,93.1,21.71379310344828,43.76896551724138,2.7648275862068967
2024-07-10,HWS,화성공장,A,296,7,97.64,23.139864864864865,44.7527027027027,2.7919256756756754
2024-07-10,HWS,화성공장,B,246,6,97.56,23.22479674796748,44.578455284552845,2.7670325203252033
2024-07-10,HWS,화성공장,C,28,2,92.86,22.50357142857143,44.528571428571425,2.810714285714286
2024-07-10,ULN,울산공장,A,867,39,95.5,22.818685121107265,44.858362168396766,2.827254901960784
2024-07-10,ULN,울산공장,B,869,34,96.09,22.887571921749135,45.31979286536249,2.8127733026467205
2024-07-10,ULN,울산공장,C,104,5,95.19,23.302884615384617,44.62115384615385,2.828653846153846
2024-07-11,ASN,아산공장,A,476,17,96.43,22.885294117647057,45.05693277310924,2.7967226890756303
2024-07-11,ASN,아산공장,B,459,15,96.73,23.07755991285403,44.82244008714597,2.8165359477124183
2024-07-11,ASN,아산공장,C,54,3,94.44,23.42037037037037,45.170370370370364,2.8024074074074075
2024-07-11,GWJ,광주공장,A,274,5,98.18,23.42992700729927,44.28321167883212,2.7939781021897807
2024-07-11,GWJ,광주공장,B,267,6,97.75,23.19063670411985,44.34681647940075,2.8139700374531835
2024-07-11,GWJ,광주공장,C,32,1,96.88,23.93125,40.846875,2.8190625
2024-07-11,HWS,화성공장,A,263,14,94.68,23.153231939163497,45.23384030418251,2.7995817490494295
2024-07-11,HWS,화성공장,B,279,14,94.98,22.957706093189962,44.7820788530466,2.8270609318996414
2024-07-11,HWS,화성공장,C,43,2,95.35,23.58139534883721,46.169767441860465,2.8251162790697677
2024-07-11,ULN,울산공장,A,850,40,95.29,23.006823529411765,45.13835294117647,2.8104235294117648
2024-07-11,ULN,울산공장,B,822,34,95.86,22.988686131386864,45.398418491484186,2.803479318734793
2024-07-11,ULN,울산공장,C,115,13,88.7,23.26695652173913,46.09304347826087,2.7684347826086957
2024-07-12,ASN,아산공장,A,476,22,95.38,22.855882352941176,44.956512605042015,2.789264705882353
2024-07-12,ASN,아산공장,B,468,21,95.51,23.105982905982906,45.393803418803415,2.811517094017094
2024-07-12,ASN,아산공장,C,58,2,96.55,22.948275862068964,43.922413793103445,2.801206896551724
2024-07-12,GWJ,광주공장,A,262,10,96.18,22.90801526717557,45.5,2.78618320610687
2024-07-12,GWJ,광주공장,B,276,12,95.65,22.683333333333334,45.11666666666667,2.806123188405797
2024-07-12,GWJ,광주공장,C,31,2,93.55,22.529032258064515,43.8258064516129,2.769032258064516
2024-07-12,HWS,화성공장,A,269,10,96.28,22.9635687732342,45.953159851301116,2.7933457249070632
2024-07-12,HWS,화성공장,B,281,10,96.44,23.175800711743772,45.0338078291815,2.8143416370106764
2024-07-12,HWS,화성공장,C,33,2,93.94,24.296969696969697,45.7969696969697,2.8527272727272726
2024-07-12,ULN,울산공장,A,833,27,96.76,23.038655462184874,44.86182472989196,2.7970708283313326
2024-07-12,ULN,울산공장,B,870,40,95.4,23.058735632183907,45.28298850574712,2.7876781609195405
2024-07-12,ULN,울산공장,C,115,8,93.04,23.23304347826087,45.00521739130435,2.795478260869565
2024-07-13,ASN,아산공장,A,474,20,95.78,23.2042194092827,44.86708860759494,2.7794725738396626
2024-07-13,ASN,아산공장,B,422,17,95.97,23.02654028436019,45.974644549763035,2.823127962085308
2024-07-13,ASN,아산공장,C,51,10,80.39,22.045098039215684,45.40980392156863,2.833529411764706
2024-07-13,GWJ,광주공장,A,261,17,93.49,23.157854406130266,45.1,2.7827203065134096
2024-07-13,GWJ,광주공장,B,289,8,97.23,23.02698961937716,45.34152249134949,2.8226643598615917
2024-07-13,GWJ,광주공장,C,35,4,88.57,23.96,44.56857142857143,2.822
2024-07-13,HWS,화성공장,A,264,10,96.21,23.106060606060606,44.99962121212121,2.801969696969697
2024-07-13,HWS,화성공장,B,338,12,96.45,23.049704142011834,45.10739644970414,2.8373372781065087
2024-07-13,HWS,화성공장,C,40,1,97.5,22.965,44.6025,2.7935
2024-07-13,ULN,울산공장,A,801,36,95.51,23.052933832709115,45.49350811485643,2.8092134831460673
2024-07-13,ULN,울산공장,B,821,36,95.62,22.97466504263094,44.521315468940315,2.7940682095006086
2024-07-13,ULN,울산공장,C,111,8,92.79,22.46666666666667,43.741441441441445,2.825945945945946
2024-07-14,ASN,아산공장,A,462,12,97.4,22.903463203463204,44.72640692640692,2.7789177489177486
2024-07-14,ASN,아산공장,B,496,27,94.56,22.93931451612903,44.719959677419354,2.7944959677419354
2024-07-14,ASN,아산공장,C,53,5,90.57,23.28490566037736,44.03962264150943,2.7866037735849054
2024-07-14,GWJ,광주공장,A,260,6,97.69,23.323076923076922,45.90384615384615,2.828269230769231
2024-07-14,GWJ,광주공장,B,271,6,97.79,23.092619926199262,45.60442804428044,2.7980442804428045
2024-07-14,GWJ,광주공장,C,31,5,83.87,22.81935483870968,45.354838709677416,2.830967741935484
2024-07-14,HWS,화성공장,A,280,11,96.07,23.156071428571426,44.95642857142857,2.7901785714285716
2024-07-14,HWS,화성공장,B,266,12,95.49,22.97518796992481,44.151127819548876,2.8030827067669173
2024-07-14,HWS,화성공장,C,45,1,97.78,23.506666666666664,46.00888888888889,2.7795555555555556
2024-07-14,ULN,울산공장,A,894,35,96.09,22.92684563758389,44.240380313199104,2.7952572706935124
2024-07-14,ULN,울산공장,B,814,31,96.19,23.02923832923833,44.81167076167076,2.7890663390663395
2024-07-14,ULN,울산공장,C,91,8,91.21,23.13736263736264,46.779120879120875,2.807472527472527
2024-07-15,ASN,아산공장,A,462,14,96.97,23.031818181818185,45.68744588744588,2.8250432900432902
2024-07-15,ASN,아산공장,B,435,14,96.78,22.91425287356322,45.611954022988506,2.789287356321839
2024-07-15,ASN,아산공장,C,52,3,94.23,23.21923076923077,46.642307692307696,2.8417307692307694
2024-07-15,GWJ,광주공장,A,302,11,96.36,22.856953642384106,44.46490066225165,2.8096026490066226
2024-07-15,GWJ,광주공장,B,283,10,96.47,23.022614840989398,44.53780918727915,2.7777385159010604
2024-07-15,GWJ,광주공장,C,44,4,90.91,22.29090909090909,45.36590909090909,2.8111363636363635
2024-07-15,HWS,화성공장,A,271,8,97.05,23.01439114391144,45.201845018450186,2.8043542435424356
2024-07-15,HWS,화성공장,B,310,12,96.13,23.12548387096774,44.70677419354839,2.780483870967742
2024-07-15,HWS,화성공장,C,37,2,94.59,23.43783783783784,45.016216216216215,2.81
2024-07-15,ULN,울산공장,A,793,38,95.21,23.259268600252206,44.796343001261036,2.818095838587642
2024-07-15,ULN,울산공장,B,865,17,98.03,23.084393063583814,44.928092485549136,2.7933179190751445
2024-07-15,ULN,울산공장,C,98,7,92.86,23.04285714285714,44.25204081632653,2.78234693877551
2024-07-16,ASN,아산공장,A,472,17,96.4,22.990466101694917,44.93559322033898,2.8034322033898307
2024-07-16,ASN,아산공장,B,463,19,95.9,23.009719222462202,44.67149028077754,2.8017062634989203
2024-07-16,ASN,아산공장,C,51,1,98.04,23.392156862745097,45.68627450980392,2.7854901960784315
2024-07-16,GWJ,광주공장,A,291,8,97.25,22.824398625429552,44.0254295532646,2.810103092783505
2024-07-16,GWJ,광주공장,B,289,12,95.85,23.358823529411765,44.49515570934256,2.805121107266436
2024-07-16,GWJ,광주공장,C,22,1,95.45,24.08181818181818,46.300000000000004,2.7886363636363636
2024-07-16,HWS,화성공장,A,272,18,93.38,22.89375,45.56470588235294,2.7840073529411766
2024-07-16,HWS,화성공장,B,291,7,97.59,23.198625429553264,44.666666666666664,2.798831615120275
2024-07-16,HWS,화성공장,C,31,2,93.55,22.003225806451614,44.41612903225807,2.762903225806452
2024-07-16,ULN,울산공장,A,802,28,96.51,22.95349127182045,45.359600997506234,2.806483790523691
2024-07-16,ULN,울산공장,B,857,43,94.98,23.11995332555426,45.163010501750286,2.8095215869311554
2024-07-16,ULN,울산공장,C,111,5,95.5,23.131531531531532,45.37927927927928,2.8092792792792793
2024-07-17,ASN,아산공장,A,446,14,96.86,22.79955156950673,45.421973094170404,2.7942152466367713
2024-07-17,ASN,아산공장,B,485,31,93.61,22.978969072164947,44.79030927835051,2.8393195876288657
2024-07-17,ASN,아산공장,C,60,4,93.33,22.391666666666666,45.416666666666664,2.7688333333333333
2024-07-17,GWJ,광주공장,A,280,10,96.43,22.857857142857142,45.54571428571428,2.797214285714286
2024-07-17,GWJ,광주공장,B,305,11,96.39,22.904590163934426,45.46852459016393,2.797639344262295
2024-07-17,GWJ,광주공장,C,40,3,92.5,22.035,42.4225,2.789
2024-07-17,HWS,화성공장,A,271,6,97.79,23.126937269372693,44.9859778597786,2.8007011070110703
2024-07-17,HWS,화성공장,B,290,10,96.55,23.051379310344828,44.354827586206895,2.786241379310345
2024-07-17,HWS,화성공장,C,41,2,95.12,23.17560975609756,44.043902439024386,2.721219512195122
2024-07-17,ULN,울산공장,A,823,39,95.26,22.940461725394897,45.542770352369374,2.79823815309842
2024-07-17,ULN,울산공장,B,871,28,96.79,22.99621125143513,44.80562571756601,2.7811595866819747
2024-07-17,ULN,울산공장,C,127,5,96.06,22.76299212598425,45.63622047244095,2.835984251968504
2024-07-18,ASN,아산공장,A,499,19,96.19,22.938476953907813,45.17074148296593,2.7986573146292586
2024-07-18,ASN,아산공장,B,496,18,96.37,22.99274193548387,44.91048387096774,2.7726008064516128
2024-07-18,ASN,아산공장,C,50,3,94.0,22.698,47.228,2.7428000000000003
2024-07-18,GWJ,광주공장,A,277,13,95.31,22.993862815884476,45.24909747292419,2.8215523465703973
2024-07-18,GWJ,광주공장,B,278,12,95.68,23.095683453237413,44.49892086330936,2.818776978417266
2024-07-18,GWJ,광주공장,C,23,2,91.3,22.278260869565216,42.52608695652174,2.86
2024-07-18,HWS,화성공장,A,267,13,95.13,23.263295880149812,44.59662921348314,2.8059550561797755
2024-07-18,HWS,화성공장,B,319,15,95.3,23.03103448275862,44.540752351097176,2.7990595611285265
2024-07-18,HWS,화성공장,C,28,3,89.29,23.560714285714287,45.44642857142857,2.7339285714285713
2024-07-18,ULN,울산공장,A,868,35,95.97,23.06658986175115,45.24873271889401,2.7985599078341017
2024-07-18,ULN,울산공장,B,842,19,97.74,22.907363420427554,44.919952494061754,2.8164726840855105
2024-07-18,ULN,울산공장,C,72,7,90.28,22.865277777777777,46.59305555555555,2.805972222222222
2024-07-19,ASN,아산공장,A,492,29,94.11,22.93252032520325,45.140447154471545,2.7833536585365857
2024-07-19,ASN,아산공장,B,437,14,96.8,23.092906178489702,44.84302059496568,2.8001830663615563
2024-07-19,ASN,아산공장,C,57,1,98.25,23.426315789473684,44.9140350877193,2.8219298245614035
2024-07-19,GWJ,광주공장,A,261,10,96.17,23.11647509578544,44.534865900383146,2.817662835249042
2024-07-19,GWJ,광주공장,B,300,13,95.67,22.919333333333334,45.306666666666665,2.8063333333333333
2024-07-19,GWJ,광주공장,C,31,2,93.55,23.41290322580645,45.400000000000006,2.7506451612903224
2024-07-19,HWS,화성공장,A,273,9,96.7,22.999633699633698,45.265567765567766,2.7691575091575094
2024-07-19,HWS,화성공장,B,270,14,94.81,22.987037037037037,44.92740740740741,2.7852592592592593
2024-07-19,HWS,화성공장,C,34,0,100.0,23.291176470588233,44.04117647058824,2.7911764705882356
2024-07-19,ULN,울산공장,A,876,41,95.32,23.152968036529682,45.297488584474884,2.803732876712329
2024-07-19,ULN,울산공장,B,801,23,97.13,22.933957553058676,44.765043695380776,2.794119850187266
2024-07-19,ULN,울산공장,C,89,2,97.75,23.21685393258427,45.322471910112355,2.790898876404494
2024-07-20,ASN,아산공장,A,481,16,96.67,22.956548856548856,44.5035343035343,2.788170478170478
2024-07-20,ASN,아산공장,B,506,15,97.04,23.10573122529644,45.139723320158105,2.7897430830039522
2024-07-20,ASN,아산공장,C,66,3,95.45,22.940909090909088,44.127272727272725,2.769848484848485
2024-07-20,GWJ,광주공장,A,289,7,97.58,23.20138408304498,45.25294117647059,2.7561937716262976
2024-07-20,GWJ,광주공장,B,284,11,96.13,23.244366197183098,45.457394366197185,2.792323943661972
2024-07-20,GWJ,광주공장,C,41,0,100.0,23.64390243902439,42.19268292682927,2.7851219512195122
2024-07-20,HWS,화성공장,A,269,7,97.4,23.061710037174723,44.55762081784387,2.8017843866171
2024-07-20,HWS,화성공장,B,291,11,96.22,22.9020618556701,45.671821305841924,2.81
2024-07-20,HWS,화성공장,C,34,5,85.29,22.014705882352942,43.81470588235294,2.838529411764706
2024-07-20,ULN,울산공장,A,810,29,96.42,22.85654320987654,44.95283950617284,2.7965679012345674
2024-07-20,ULN,울산공장,B,821,29,96.47,22.861388550548114,44.49439707673569,2.811388550548112
2024-07-20,ULN,울산공장,C,109,4,96.33,22.926605504587155,44.35871559633028,2.7872477064220185
2024-07-21,ASN,아산공장,A,478,15,96.86,23.244351464435145,44.94497907949791,2.809560669456067
2024-07-21,ASN,아산공장,B,468,17,96.37,22.671581196581194,44.49700854700854,2.788397435897436
2024-07-21,ASN,아산공장,C,63,6,90.48,22.857142857142858,44.060317460317464,2.737936507936508
2024-07-21,GWJ,광주공장,A,255,11,95.69,22.725490196078432,45.332941176470584,2.834392156862745
2024-07-21,GWJ,광주공장,B,289,8,97.23,22.963321799307955,45.60622837370242,2.806885813148789
2024-07-21,GWJ,광주공장,C,29,2,93.1,23.124137931034483,44.60344827586207,2.7713793103448277
2024-07-21,HWS,화성공장,A,262,12,95.42,22.759541984732824,46.31908396946565,2.7985114503816795
2024-07-21,HWS,화성공장,B,266,8,96.99,23.276315789473685,45.17481203007519,2.8194736842105264
2024-07-21,HWS,화성공장,C,33,1,96.97,23.509090909090908,45.65151515151515,2.787878787878788
2024-07-21,ULN,울산공장,A,844,41,95.14,23.00616113744076,45.08175355450237,2.799620853080569
2024-07-21,ULN,울산공장,B,879,26,97.04,23.072810011376564,44.98691695108077,2.7822525597269623
2024-07-21,ULN,울산공장,C,107,9,91.59,23.18411214953271,45.34205607476636,2.803271028037383
2024-07-22,ASN,아산공장,A,446,18,95.96,22.92914798206278,44.85470852017937,2.8264798206278026
2024-07-22,ASN,아산공장,B,432,19,95.6,23.054166666666667,45.088425925925925,2.7788194444444447
2024-07-22,ASN,아산공장,C,56,3,94.64,22.99285714285714,44.99285714285714,2.8160714285714286
2024-07-22,GWJ,광주공장,A,257,14,94.55,22.976653696498055,45.04007782101167,2.807587548638132
2024-07-22,GWJ,광주공장,B,281,11,96.09,22.981138790035587,45.52135231316726,2.849928825622776
2024-07-22,GWJ,광주공장,C,48,5,89.58,22.691666666666666,44.13958333333333,2.7972916666666667
2024-07-22,HWS,화성공장,A,272,6,97.79,22.714338235294118,45.93639705882353,2.78125
2024-07-22,HWS,화성공장,B,273,14,94.87,22.789010989010986,44.7967032967033,2.79974358974359
2024-07-22,HWS,화성공장,C,25,3,88.0,23.168000000000003,45.556000000000004,2.7960000000000003
2024-07-22,ULN,울산공장,A,890,46,94.83,23.080898876404493,45.14775280898876,2.7876516853932585
2024-07-22,ULN,울산공장,B,840,35,95.83,22.936666666666667,44.74952380952381,2.799988095238095
2024-07-22,ULN,울산공장,C,95,7,92.63,22.259999999999998,43.986315789473686,2.778842105263158
2024-07-23,ASN,아산공장,A,470,18,96.17,22.907659574468084,45.07170212765958,2.8113404255319145
2024-07-23,ASN,아산공장,B,483,20,95.86,23.1351966873706,44.30207039337474,2.7943892339544516
2024-07-23,ASN,아산공장,C,60,4,93.33,22.84,43.695,2.86
2024-07-23,GWJ,광주공장,A,264,14,94.7,22.970454545454544,44.39128787878788,2.802537878787879
2024-07-23,GWJ,광주공장,B,287,16,94.43,22.879094076655054,45.408013937282234,2.820034843205575
2024-07-23,GWJ,광주공장,C,41,5,87.8,23.31219512195122,45.178048780487806,2.7929268292682927
2024-07-23,HWS,화성공장,A,274,12,95.62,22.837956204379562,45.06897810218978,2.7733941605839414
2024-07-23,HWS,화성공장,B,296,11,96.28,23.352364864864864,45.652364864864865,2.786114864864865
2024-07-23,HWS,화성공장,C,33,1,96.97,22.484848484848484,43.74545454545454,2.881515151515152
2024-07-23,ULN,울산공장,A,815,28,96.56,23.027361963190184,45.10355828220859,2.8040245398773007
2024-07-23,ULN,울산공장,B,811,28,96.55,23.202712700369915,44.92872996300863,2.8227743526510483
2024-07-23,ULN,울산공장,C,107,8,92.52,23.098130841121495,43.91214953271028,2.745981308411215
2024-07-24,ASN,아산공장,A,473,17,96.41,23.113530655391124,45.014587737843556,2.8027484143763215
2024-07-24,ASN,아산공장,B,475,19,96.0,23.157684210526316,44.75684210526316,2.789663157894737
2024-07-24,ASN,아산공장,C,58,3,94.83,22.610344827586207,44.33965517241379,2.7629310344827585
2024-07-24,GWJ,광주공장,A,283,9,96.82,23.27773851590106,44.605653710247346,2.795512367491166
2024-07-24,GWJ,광주공장,B,295,12,95.93,22.998305084745763,45.1264406779661,2.7885084745762714
2024-07-24,GWJ,광주공장,C,34,1,97.06,22.41176470588235,42.80294117647059,2.726176470588235
2024-07-24,HWS,화성공장,A,281,4,98.58,22.854448398576515,44.214234875444845,2.8034519572953736
2024-07-24,HWS,화성공장,B,262,10,96.18,23.11412213740458,44.67328244274809,2.782442748091603
2024-07-24,HWS,화성공장,C,38,4,89.47,22.95263157894737,43.38157894736842,2.811052631578947
2024-07-24,ULN,울산공장,A,827,25,96.98,22.95634824667473,44.76287787182588,2.78993954050786
2024-07-24,ULN,울산공장,B,844,35,95.85,23.04727488151659,44.96789099526067,2.791504739336493
2024-07-24,ULN,울산공장,C,106,10,90.57,22.828301886792456,46.37075471698113,2.790471698113208
2024-07-25,ASN,아산공장,A,444,16,96.4,23.002477477477477,45.175450450450455,2.806756756756757
2024-07-25,ASN,아산공장,B,463,7,98.49,23.053995680345572,44.67796976241901,2.797537796976242
2024-07-25,ASN,아산공장,C,56,3,94.64,23.0,43.93571428571429,2.8075
2024-07-25,GWJ,광주공장,A,277,14,94.95,23.25884476534296,45.05487364620939,2.8122382671480146
2024-07-25,GWJ,광주공장,B,268,5,98.13,23.03694029850746,45.07910447761194,2.8155597014925373
2024-07-25,GWJ,광주공장,C,36,0,100.0,23.269444444444446,45.202777777777776,2.8616666666666664
2024-07-25,HWS,화성공장,A,254,9,96.46,23.212992125984254,44.175196850393704,2.816259842519685
2024-07-25,HWS,화성공장,B,307,16,94.79,23.402605863192182,45.197068403908794,2.814983713355049
2024-07-25,HWS,화성공장,C,42,2,95.24,23.447619047619046,43.89523809523809,2.867142857142857
2024-07-25,ULN,울산공장,A,858,43,94.99,23.05104895104895,44.92727272727272,2.8078787878787876
2024-07-25,ULN,울산공장,B,859,36,95.81,23.073108265424914,44.8615832363213,2.797357392316647
2024-07-25,ULN,울산공장,C,101,9,91.09,23.327722772277227,46.1960396039604,2.806831683168317
2024-07-26,ASN,아산공장,A,488,21,95.7,23.016803278688528,45.124795081967214,2.7986680327868854
2024-07-26,ASN,아산공장,B,456,18,96.05,22.88201754385965,44.13859649122807,2.779210526315789
2024-07-26,ASN,아산공장,C,59,6,89.83,22.86610169491525,43.820338983050846,2.8484745762711863
2024-07-26,GWJ,광주공장,A,291,17,94.16,23.413745704467352,45.330584192439865,2.782955326460481
2024-07-26,GWJ,광주공장,B,276,12,95.65,23.28840579710145,45.36449275362319,2.7940942028985507
2024-07-26,GWJ,광주공장,C,23,1,95.65,22.130434782608695,43.52173913043478,2.7713043478260873
2024-07-26,HWS,화성공장,A,274,13,95.26,23.003284671532846,44.89014598540146,2.791934306569343
2024-07-26,HWS,화성공장,B,289,6,97.92,22.63910034602076,45.009342560553634,2.7932179930795846
2024-07-26,HWS,화성공장,C,37,2,94.59,23.14324324324324,43.535135135135135,2.8635135135135137
2024-07-26,ULN,울산공장,A,878,35,96.01,22.955694760820045,44.54646924829157,2.808268792710706
2024-07-26,ULN,울산공장,B,869,37,95.74,22.98400460299194,45.09804372842347,2.800759493670886
2024-07-26,ULN,울산공장,C,102,4,96.08,23.24019607843137,45.00294117647059,2.81578431372549
2024-07-27,ASN,아산공장,A,485,18,96.29,23.168247422680412,44.63814432989691,2.7982474226804124
2024-07-27,ASN,아산공장,B,474,16,96.62,23.46518987341772,45.86139240506329,2.8183755274261606
2024-07-27,ASN,아산공장,C,58,4,93.1,22.620689655172413,45.62413793103448,2.8891379310344827
2024-07-27,GWJ,광주공장,A,282,14,95.04,22.949290780141844,44.851063829787236,2.8221985815602837
2024-07-27,GWJ,광주공장,B,250,10,96.0,22.6464,44.6952,2.7749200000000003
2024-07-27,GWJ,광주공장,C,32,2,93.75,22.9125,44.803125,2.80125
2024-07-27,HWS,화성공장,A,274,6,97.81,22.925182481751825,46.01350364963504,2.783175182481752
2024-07-27,HWS,화성공장,B,275,13,95.27,22.912,44.399272727272724,2.808290909090909
2024-07-27,HWS,화성공장,C,40,5,87.5,21.4075,45.435,2.88425
2024-07-27,ULN,울산공장,A,949,49,94.84,23.090200210748154,45.36912539515279,2.795026343519494
2024-07-27,ULN,울산공장,B,847,36,95.75,23.06115702479339,45.494923258559616,2.7848288075560803
2024-07-27,ULN,울산공장,C,126,6,95.24,23.024603174603175,44.67539682539683,2.7988095238095236
2024-07-28,ASN,아산공장,A,488,18,96.31,22.891188524590163,44.8172131147541,2.796762295081967
2024-07-28,ASN,아산공장,B,476,23,95.17,22.88550420168067,44.8235294117647,2.809390756302521
2024-07-28,ASN,아산공장,C,55,1,98.18,23.234545454545458,44.80909090909091,2.7745454545454544
2024-07-28,GWJ,광주공장,A,328,14,95.73,23.068292682926828,44.84512195121951,2.7714634146341464
2024-07-28,GWJ,광주공장,B,246,13,94.72,23.37439024390244,44.71707317073171,2.7847154471544715
2024-07-28,GWJ,광주공장,C,30,0,100.0,22.40666666666667,46.36,2.8316666666666666
2024-07-28,HWS,화성공장,A,257,15,94.16,22.7715953307393,45.37003891050584,2.7899221789883266
2024-07-28,HWS,화성공장,B,305,13,95.74,23.175409836065572,44.848196721311474,2.8221639344262295
2024-07-28,HWS,화성공장,C,27,3,88.89,21.833333333333332,45.82222222222222,2.867037037037037
2024-07-28,ULN,울산공장,A,811,40,95.07,23.025277435265103,45.03736128236745,2.796732429099877
2024-07-28,ULN,울산공장,B,843,33,96.09,22.854567022538554,45.456346381969155,2.8003795966785288
2024-07-28,ULN,울산공장,C,96,8,91.67,22.811458333333334,45.86770833333333,2.7834375
2024-07-29,ASN,아산공장,A,501,26,94.81,22.97624750499002,44.21077844311377,2.818602794411178
2024-07-29,ASN,아산공장,B,507,14,97.24,22.99802761341223,45.18737672583826,2.800710059171598
2024-07-29,ASN,아산공장,C,69,0,100.0,23.143478260869568,44.891304347826086,2.8015942028985505
2024-07-29,GWJ,광주공장,A,288,15,94.79,22.964583333333334,44.540625000000006,2.7975694444444446
2024-07-29,GWJ,광주공장,B,257,14,94.55,23.29455252918288,45.19844357976654,2.780466926070039
2024-07-29,GWJ,광주공장,C,38,3,92.11,22.826315789473682,46.33157894736842,2.85
2024-07-29,HWS,화성공장,A,262,12,95.42,23.00381679389313,44.80801526717558,2.770496183206107
2024-07-29,HWS,화성공장,B,266,11,95.86,23.29436090225564,44.40075187969925,2.8031954887218045
2024-07-29,HWS,화성공장,C,27,3,88.89,22.71481481481481,44.73703703703704,2.8981481481481484
2024-07-29,ULN,울산공장,A,802,23,97.13,23.143890274314217,45.15062344139651,2.798004987531172
2024-07-29,ULN,울산공장,B,730,33,95.48,22.9027397260274,44.94575342465754,2.807246575342466
2024-07-29,ULN,울산공장,C,95,9,90.53,22.74526315789474,46.57684210526316,2.828842105263158
2024-07-30,ASN,아산공장,A,473,16,96.62,23.012684989429175,45.31395348837209,2.7902536997885834
2024-07-30,ASN,아산공장,B,445,16,96.4,23.006516853932585,45.065168539325846,2.801078651685393
2024-07-30,ASN,아산공장,C,60,4,93.33,23.433333333333334,44.480000000000004,2.8248333333333333
2024-07-30,GWJ,광주공장,A,263,13,95.06,22.988212927756653,45.32433460076045,2.7883269961977186
2024-07-30,GWJ,광주공장,B,271,15,94.46,22.669741697416974,44.111439114391146,2.7795571955719556
2024-07-30,GWJ,광주공장,C,27,2,92.59,23.18888888888889,45.229629629629635,2.8377777777777777
2024-07-30,HWS,화성공장,A,295,9,96.95,23.104745762711865,45.01322033898305,2.8083050847457627
2024-07-30,HWS,화성공장,B,331,6,98.19,22.66012084592145,44.75468277945619,2.7946827794561933
2024-07-30,HWS,화성공장,C,25,2,92.0,23.555999999999997,44.70399999999999,2.9124
2024-07-30,ULN,울산공장,A,860,38,95.58,23.023255813953487,44.850116279069766,2.7983372093023258
2024-07-30,ULN,울산공장,B,817,34,95.84,22.922643818849448,44.88776009791922,2.7971603427172584
2024-07-30,ULN,울산공장,C,98,7,92.86,22.968367346938777,44.89795918367347,2.802244897959184
2024-07-31,ASN,아산공장,A,485,16,96.7,22.96103092783505,45.23175257731959,2.7856907216494844
2024-07-31,ASN,아산공장,B,441,12,97.28,23.07845804988662,44.53492063492064,2.790136054421769
2024-07-31,ASN,아산공장,C,64,0,100.0,23.4734375,44.7671875,2.78203125
2024-07-31,GWJ,광주공장,A,258,13,94.96,22.925193798449612,45.257751937984494,2.782403100775194
2024-07-31,GWJ,광주공장,B,308,17,94.48,23.156493506493504,45.01103896103896,2.79
2024-07-31,GWJ,광주공장,C,41,4,90.24,23.226829268292683,44.07073170731707,2.826341463414634
2024-07-31,HWS,화성공장,A,263,12,95.44,23.107984790874525,45.631178707224336,2.7895817490494297
2024-07-31,HWS,화성공장,B,288,26,90.97,23.140277777777776,44.66319444444444,2.7876736111111113
2024-07-31,HWS,화성공장,C,25,0,100.0,23.951999999999998,44.36,2.6664
2024-07-31,ULN,울산공장,A,827,42,94.92,22.987787182587667,45.22998790810157,2.7938452237001212
2024-07-31,ULN,울산공장,B,836,32,96.17,22.95657894736842,45.02356459330143,2.8058014354066985
2024-07-31,ULN,울산공장,C,116,3,97.41,23.142241379310345,44.300862068965515,2.7981896551724135
2024-08-01,ASN,아산공장,A,456,28,93.86,22.960745614035087,45.777631578947364,2.810372807017544
2024-08-01,ASN,아산공장,B,469,18,96.16,23.020255863539447,45.409808102345416,2.8188059701492536
2024-08-01,ASN,아산공장,C,60,3,95.0,23.198333333333334,46.71,2.7954999999999997
2024-08-01,GWJ,광주공장,A,274,11,95.99,22.646350364963507,44.721532846715334,2.8005109489051097
2024-08-01,GWJ,광주공장,B,280,13,95.36,22.815357142857142,44.07678571428571,2.79725
2024-08-01,GWJ,광주공장,C,34,1,97.06,22.973529411764705,45.79117647058824,2.808529411764706
2024-08-01,HWS,화성공장,A,264,11,95.83,22.954924242424244,44.913636363636364,2.801098484848485
2024-08-01,HWS,화성공장,B,300,10,96.67,22.964,45.04966666666667,2.8295333333333335
2024-08-01,HWS,화성공장,C,42,3,92.86,22.73095238095238,46.06428571428572,2.7583333333333333
2024-08-01,ULN,울산공장,A,865,34,96.07,23.058959537572253,45.176184971098266,2.8068554913294794
2024-08-01,ULN,울산공장,B,847,28,96.69,22.971546635183,44.42184179456907,2.8152302243211333
2024-08-01,ULN,울산공장,C,114,4,96.49,23.358771929824563,43.8780701754386,2.8103508771929824
2024-08-02,ASN,아산공장,A,448,15,96.65,22.886160714285715,44.785044642857144,2.7843080357142855
2024-08-02,ASN,아산공장,B,469,17,96.38,22.99765458422175,44.982089552238804,2.8039872068230274
2024-08-02,ASN,아산공장,C,49,4,91.84,23.742857142857144,44.02857142857143,2.762857142857143
2024-08-02,GWJ,광주공장,A,259,13,94.98,23.246718146718145,45.16872586872587,2.823667953667954
2024-08-02,GWJ,광주공장,B,252,6,97.62,23.010317460317463,45.641269841269846,2.7744047619047616
2024-08-02,GWJ,광주공장,C,24,1,95.83,23.333333333333332,42.425000000000004,2.767916666666667
2024-08-02,HWS,화성공장,A,284,5,98.24,22.651760563380282,45.583098591549295,2.78
2024-08-02,HWS,화성공장,B,264,11,95.83,22.896590909090907,45.24015151515152,2.8129166666666667
2024-08-02,HWS,화성공장,C,32,0,100.0,23.01875,47.921875,2.7621875
2024-08-02,ULN,울산공장,A,847,42,95.04,22.91641086186541,44.836363636363636,2.802373081463991
2024-08-02,ULN,울산공장,B,826,31,96.25,22.92675544794189,44.909200968523,2.7985230024213075
2024-08-02,ULN,울산공장,C,84,7,91.67,23.498809523809523,46.05714285714286,2.7725
2024-08-03,ASN,아산공장,A,468,21,95.51,22.955769230769228,44.87222222222223,2.799551282051282
2024-08-03,ASN,아산공장,B,467,20,95.72,23.038329764453962,45.1406852248394,2.822698072805139
2024-08-03,ASN,아산공장,C,61,5,91.8,23.2,45.877049180327866,2.780655737704918
2024-08-03,GWJ,광주공장,A,254,7,97.24,23.044094488188975,45.65236220472441,2.781929133858268
2024-08-03,GWJ,광주공장,B,305,8,97.38,22.84,45.08229508196722,2.78872131147541
2024-08-03,GWJ,광주공장,C,43,1,97.67,23.86046511627907,44.73488372093023,2.7618604651162793
2024-08-03,HWS,화성공장,A,293,15,94.88,22.9320819112628,44.99044368600683,2.810546075085324
2024-08-03,HWS,화성공장,B,293,11,96.25,22.804436860068257,45.3,2.8110238907849827
2024-08-03,HWS,화성공장,C,34,1,97.06,23.08529411764706,44.67352941176471,2.769117647058824
2024-08-03,ULN,울산공장,A,862,44,94.9,22.957888631090487,44.80011600928074,2.804953596287703
2024-08-03,ULN,울산공장,B,847,39,95.4,22.965053128689494,45.496812278630465,2.810956316410862
2024-08-03,ULN,울산공장,C,102,5,95.1,22.66764705882353,44.98823529411765,2.8201960784313727
2024-08-04,ASN,아산공장,A,475,23,95.16,23.090736842105265,45.38863157894737,2.8010526315789472
2024-08-04,ASN,아산공장,B,491,32,93.48,22.94806517311609,44.777393075356414,2.7886558044806518
2024-08-04,ASN,아산공장,C,58,8,86.21,22.73793103448276,44.88275862068965,2.810344827586207
2024-08-04,GWJ,광주공장,A,278,12,95.68,22.925179856115108,44.64892086330935,2.8223741007194243
2024-08-04,GWJ,광주공장,B,269,14,94.8,22.976579925650558,45.35799256505576,2.7970631970260222
2024-08-04,GWJ,광주공장,C,43,1,97.67,24.493023255813956,47.56511627906977,2.7511627906976743
2024-08-04,HWS,화성공장,A,309,12,96.12,23.036569579288027,45.50453074433657,2.806601941747573
2024-08-04,HWS,화성공장,B,271,10,96.31,23.339483394833948,44.71881918819188,2.825239852398524
2024-08-04,HWS,화성공장,C,35,2,94.29,23.334285714285716,45.56857142857143,2.8105714285714285
2024-08-04,ULN,울산공장,A,832,35,95.79,23.04627403846154,45.03810096153846,2.8073076923076923
2024-08-04,ULN,울산공장,B,830,31,96.27,23.036867469879518,45.182168674698794,2.8048072289156623
2024-08-04,ULN,울산공장,C,94,7,92.55,23.588297872340426,43.68617021276596,2.771702127659575
2024-08-05,ASN,아산공장,A,473,23,95.14,23.089640591966173,44.73742071881607,2.8161733615221984
2024-08-05,ASN,아산공장,B,435,10,97.7,22.89448275862069,44.91287356321839,2.789425287356322
2024-08-05,ASN,아산공장,C,52,1,98.08,22.525,44.29038461538461,2.8023076923076924
2024-08-05,GWJ,광주공장,A,278,12,95.68,23.041007194244603,45.51510791366907,2.788956834532374
2024-08-05,GWJ,광주공장,B,273,8,97.07,22.984249084249083,44.47179487179487,2.825787545787546
2024-08-05,GWJ,광주공장,C,37,2,94.59,23.12972972972973,43.30810810810811,2.7951351351351352
2024-08-05,HWS,화성공장,A,284,11,96.13,22.908450704225352,44.67640845070423,2.7828873239436622
2024-08-05,HWS,화성공장,B,263,10,96.2,23.004562737642583,44.313307984790875,2.781596958174905
2024-08-05,HWS,화성공장,C,26,3,88.46,23.52692307692308,46.80384615384616,2.8092307692307696
2024-08-05,ULN,울산공장,A,841,30,96.43,22.884542211652796,44.93400713436385,2.7927942925089178
2024-08-05,ULN,울산공장,B,828,28,96.62,22.995893719806762,44.939130434782605,2.801473429951691
2024-08-05,ULN,울산공장,C,107,3,97.2,24.05700934579439,44.79345794392523,2.76018691588785
2024-08-06,ASN,아산공장,A,463,14,96.98,22.84730021598272,45.85010799136069,2.778747300215983
2024-08-06,ASN,아산공장,B,491,25,94.91,22.975560081466394,45.41364562118126,2.802158859470468
2024-08-06,ASN,아산공장,C,60,0,100.0,22.64,45.001666666666665,2.86
2024-08-06,GWJ,광주공장,A,320,14,95.62,23.005937499999998,44.8965625,2.8006562500000003
2024-08-06,GWJ,광주공장,B,302,12,96.03,22.99039735099338,45.181788079470195,2.7979139072847685
2024-08-06,GWJ,광주공장,C,31,2,93.55,23.316129032258065,44.08387096774193,2.88
2024-08-06,HWS,화성공장,A,279,8,97.13,22.803225806451614,45.00681003584229,2.7877777777777775
2024-08-06,HWS,화성공장,B,293,7,97.61,23.14607508532423,44.9382252559727,2.8072013651877135
2024-08-06,HWS,화성공장,C,31,4,87.1,23.006451612903227,47.358064516129026,2.769354838709677
2024-08-06,ULN,울산공장,A,888,35,96.06,22.9240990990991,44.52387387387387,2.8048536036036036
2024-08-06,ULN,울산공장,B,854,35,95.9,22.98302107728337,45.08911007025761,2.7928337236533958
2024-08-06,ULN,울산공장,C,99,8,91.92,23.366666666666667,45.13737373737374,2.851010101010101
2024-08-07,ASN,아산공장,A,492,17,96.54,23.18739837398374,45.20589430894309,2.8115650406504065
2024-08-07,ASN,아산공장,B,461,13,97.18,22.983731019522775,45.60412147505423,2.7940347071583513
2024-08-07,ASN,아산공장,C,46,4,91.3,22.52608695652174,45.13478260869565,2.795
2024-08-07,GWJ,광주공장,A,257,5,98.05,22.749027237354085,44.805058365758754,2.7853696498054474
2024-08-07,GWJ,광주공장,B,277,10,96.39,22.69638989169675,44.41949458483755,2.784332129963899
2024-08-07,GWJ,광주공장,C,34,2,94.12,22.74411764705882,44.57647058823529,2.8102941176470586
2024-08-07,HWS,화성공장,A,282,10,96.45,22.8822695035461,44.04397163120567,2.8219858156028366
2024-08-07,HWS,화성공장,B,300,13,95.67,22.874666666666666,44.48233333333334,2.8398000000000003
2024-08-07,HWS,화성공장,C,27,2,92.59,22.36296296296296,44.670370370370364,2.7455555555555553
2024-08-07,ULN,울산공장,A,859,38,95.58,22.89476135040745,44.85029103608848,2.802421420256112
2024-08-07,ULN,울산공장,B,820,33,95.98,23.002317073170733,45.317195121951215,2.8083048780487805
2024-08-07,ULN,울산공장,C,106,8,92.45,23.232075471698113,43.929245283018865,2.8445283018867924
2024-08-08,ASN,아산공장,A,475,21,95.58,23.269473684210528,45.27115789473684,2.814526315789474
2024-08-08,ASN,아산공장,B,482,18,96.27,22.9597510373444,45.30352697095436,2.8163485477178423
2024-08-08,ASN,아산공장,C,67,2,97.01,24.20149253731343,44.265671641791045,2.811791044776119
2024-08-08,GWJ,광주공장,A,311,12,96.14,23.0967845659164,45.05048231511254,2.8089389067524118
2024-08-08,GWJ,광주공장,B,279,12,95.7,23.129390681003585,44.59462365591398,2.802831541218638
2024-08-08,GWJ,광주공장,C,33,2,93.94,21.78787878787879,44.56363636363636,2.7924242424242425
2024-08-08,HWS,화성공장,A,267,11,95.88,23.15730337078652,45.18239700374532,2.80187265917603
2024-08-08,HWS,화성공장,B,281,10,96.44,23.298932384341636,44.4846975088968,2.7749110320284696
2024-08-08,HWS,화성공장,C,33,4,87.88,22.924242424242426,43.36060606060607,2.8554545454545455
2024-08-08,ULN,울산공장,A,886,26,97.07,22.892663656884878,44.39571106094808,2.791139954853273
2024-08-08,ULN,울산공장,B,826,33,96.0,22.940920096852302,45.16719128329298,2.8129297820823247
2024-08-08,ULN,울산공장,C,101,7,93.07,23.13663366336634,45.90693069306931,2.743069306930693
2024-08-09,ASN,아산공장,A,469,22,95.31,22.95671641791045,45.59466950959489,2.805863539445629
2024-08-09,ASN,아산공장,B,452,16,96.46,23.086504424778763,44.99358407079646,2.8039159292035394
2024-08-09,ASN,아산공장,C,55,2,96.36,22.95090909090909,46.443636363636365,2.760727272727273
2024-08-09,GWJ,광주공장,A,281,10,96.44,23.392882562277578,45.2067615658363,2.786334519572954
2024-08-09,GWJ,광주공장,B,261,10,96.17,22.940996168582377,45.36590038314176,2.7938697318007666
2024-08-09,GWJ,광주공장,C,36,0,100.0,23.47222222222222,44.766666666666666,2.931388888888889
2024-08-09,HWS,화성공장,A,276,7,97.46,22.86231884057971,44.618115942028986,2.792934782608696
2024-08-09,HWS,화성공장,B,300,3,99.0,22.954,44.27633333333333,2.789
2024-08-09,HWS,화성공장,C,37,2,94.59,21.818918918918918,46.491891891891896,2.706216216216216
2024-08-09,ULN,울산공장,A,886,27,96.95,22.940632054176074,45.436230248307,2.7956997742663656
2024-08-09,ULN,울산공장,B,845,33,96.09,23.02378698224852,45.021538461538455,2.8041538461538464
2024-08-09,ULN,울산공장,C,102,8,92.16,23.149019607843137,44.64901960784314,2.830490196078431
2024-08-10,ASN,아산공장,A,468,20,95.73,22.986538461538462,45.192735042735045,2.820576923076923
2024-08-10,ASN,아산공장,B,460,16,96.52,22.57304347826087,44.778260869565216,2.803195652173913
2024-08-10,ASN,아산공장,C,58,1,98.28,23.25,44.51379310344828,2.84948275862069
2024-08-10,GWJ,광주공장,A,271,10,96.31,23.00442804428044,45.186346863468636,2.787380073800738
2024-08-10,GWJ,광주공장,B,285,8,97.19,22.80385964912281,45.37719298245614,2.820456140350877
2024-08-10,GWJ,광주공장,C,34,1,97.06,22.570588235294117,44.550000000000004,2.831764705882353
2024-08-10,HWS,화성공장,A,263,9,96.58,22.82813688212928,44.66882129277566,2.8018631178707225
2024-08-10,HWS,화성공장,B,307,9,97.07,23.05798045602606,45.66319218241043,2.7988925081433225
2024-08-10,HWS,화성공장,C,33,1,96.97,22.475757575757576,46.618181818181824,2.8048484848484847
2024-08-10,ULN,울산공장,A,886,34,96.16,22.953611738148986,45.251241534988715,2.8020880361173814
2024-08-10,ULN,울산공장,B,891,43,95.17,23.05578002244669,44.50785634118967,2.7898428731762066
2024-08-10,ULN,울산공장,C,116,7,93.97,23.249137931034483,45.08965517241379,2.823793103448276
2024-08-11,ASN,아산공장,A,441,25,94.33,22.96825396825397,45.18503401360544,2.7963492063492064
2024-08-11,ASN,아산공장,B,481,15,96.88,23.27089397089397,45.14199584199584,2.767006237006237
2024-08-11,ASN,아산공장,C,57,5,91.23,22.62456140350877,44.145614035087725,2.7580701754385966
2024-08-11,GWJ,광주공장,A,271,9,96.68,22.805166051660517,45.30332103321034,2.818671586715867
2024-08-11,GWJ,광주공장,B,254,12,95.28,23.264173228346458,44.94251968503937,2.8076771653543307
2024-08-11,GWJ,광주공장,C,38,1,97.37,22.986842105263158,43.963157894736845,2.7976315789473687
2024-08-11,HWS,화성공장,A,293,11,96.25,22.911945392491468,45.03174061433447,2.8080204778157
2024-08-11,HWS,화성공장,B,283,8,97.17,23.08374558303887,45.21378091872791,2.817243816254417
2024-08-11,HWS,화성공장,C,33,1,96.97,22.690909090909088,49.90909090909091,2.6921212121212124
2024-08-11,ULN,울산공장,A,847,37,95.63,23.175088547815818,44.74746162927981,2.792904368358914
2024-08-11,ULN,울산공장,B,800,26,96.75,22.997,44.71175,2.8054625
2024-08-11,ULN,울산공장,C,115,10,91.3,23.206956521739134,44.19652173913044,2.7631304347826084
2024-08-12,ASN,아산공장,A,444,21,95.27,23.036261261261263,45.29234234234234,2.798175675675676
2024-08-12,ASN,아산공장,B,502,18,96.41,23.037450199203185,44.212749003984065,2.7854780876494023
2024-08-12,ASN,아산공장,C,57,4,92.98,23.087719298245613,46.49122807017544,2.80140350877193
2024-08-12,GWJ,광주공장,A,269,9,96.65,22.957620817843868,45.07137546468402,2.818066914498141
2024-08-12,GWJ,광주공장,B,276,7,97.46,22.743478260869566,45.083695652173915,2.8079710144927534
2024-08-12,GWJ,광주공장,C,35,4,88.57,23.99142857142857,46.7,2.8114285714285714
2024-08-12,HWS,화성공장,A,326,11,96.63,22.88803680981595,44.81073619631901,2.824539877300613
2024-08-12,HWS,화성공장,B,256,8,96.88,23.133203125,44.503125,2.7857421875
2024-08-12,HWS,화성공장,C,28,0,100.0,23.985714285714288,44.61071428571428,2.8867857142857143
2024-08-12,ULN,울산공장,A,869,38,95.63,22.97836593785961,45.29677790563867,2.8089067894131188
2024-08-12,ULN,울산공장,B,871,30,96.56,22.946039035591273,44.828128587830086,2.8154305396096437
2024-08-12,ULN,울산공장,C,90,8,91.11,22.82777777777778,43.38444444444444,2.809
2024-08-13,ASN,아산공장,A,461,18,96.1,22.90997830802603,45.03449023861172,2.8175271149674623
2024-08-13,ASN,아산공장,B,505,17,96.63,23.062376237623763,44.88277227722772,2.8183960396039605
2024-08-13,ASN,아산공장,C,78,9,88.46,23.202564102564104,45.047435897435896,2.766025641025641
2024-08-13,GWJ,광주공장,A,274,10,96.35,23.400000000000002,45.09160583941606,2.8065693430656933
2024-08-13,GWJ,광주공장,B,269,9,96.65,22.91635687732342,45.30074349442379,2.8332342007434943
2024-08-13,GWJ,광주공장,C,38,2,94.74,23.789473684210527,44.002631578947366,2.787631578947368
2024-08-13,HWS,화성공장,A,271,8,97.05,22.866051660516604,44.08560885608856,2.769409594095941
2024-08-13,HWS,화성공장,B,282,10,96.45,22.967021276595744,45.20602836879433,2.7943971631205673
2024-08-13,HWS,화성공장,C,32,1,96.88,23.221875,45.73125,2.698125
2024-08-13,ULN,울산공장,A,839,36,95.71,23.192133492252683,45.00989272943981,2.7887723480333735
2024-08-13,ULN,울산공장,B,849,31,96.35,23.01696113074205,45.23698468786807,2.7879505300353356
2024-08-13,ULN,울산공장,C,118,6,94.92,23.13135593220339,45.02627118644068,2.796949152542373
2024-08-14,ASN,아산공장,A,483,26,94.62,22.94927536231884,45.317598343685304,2.8031884057971017
2024-08-14,ASN,아산공장,B,412,8,98.06,22.84126213592233,44.7876213592233,2.770145631067961
2024-08-14,ASN,아산공장,C,63,3,95.24,22.44761904761905,46.195238095238096,2.7993650793650797
2024-08-14,GWJ,광주공장,A,296,9,96.96,23.137162162162163,45.83547297297297,2.8
2024-08-14,GWJ,광주공장,B,296,5,98.31,22.835135135135136,45.4972972972973,2.8048986486486487
2024-08-14,GWJ,광주공장,C,31,3,90.32,23.24516129032258,43.49354838709677,2.806451612903226
2024-08-14,HWS,화성공장,A,292,9,96.92,22.92568493150685,44.357191780821914,2.8089041095890415
2024-08-14,HWS,화성공장,B,282,15,94.68,23.062765957446807,44.490425531914894,2.8210283687943263
2024-08-14,HWS,화성공장,C,25,0,100.0,23.336,44.58,2.7036000000000002
2024-08-14,ULN,울산공장,A,869,30,96.55,22.867318757192177,44.91150747986191,2.80487917146145
2024-08-14,ULN,울산공장,B,801,34,95.76,22.888264669163547,44.995630461922595,2.796342072409488
2024-08-14,ULN,울산공장,C,118,11,90.68,23.106779661016947,45.84830508474577,2.8103389830508476
2024-08-15,ASN,아산공장,A,487,21,95.69,23.147843942505133,45.24476386036961,2.7930800821355235
2024-08-15,ASN,아산공장,B,491,10,97.96,22.961710794297353,45.025050916496944,2.8124847250509166
2024-08-15,ASN,아산공장,C,60,0,100.0,23.183333333333334,46.415,2.8695
2024-08-15,GWJ,광주공장,A,282,17,93.97,23.069148936170212,44.9886524822695,2.79
2024-08-15,GWJ,광주공장,B,266,10,96.24,22.898496240601503,44.61052631578947,2.8118796992481205
2024-08-15,GWJ,광주공장,C,44,1,97.73,22.679545454545455,41.92727272727273,2.8043181818181817
2024-08-15,HWS,화성공장,A,295,9,96.95,23.048474576271186,45.4128813559322,2.799864406779661
2024-08-15,HWS,화성공장,B,289,11,96.19,22.907612456747405,44.51833910034602,2.8274048442906574
2024-08-15,HWS,화성공장,C,48,2,95.83,23.025000000000002,45.05416666666667,2.794583333333333
2024-08-15,ULN,울산공장,A,824,36,95.63,23.014441747572818,45.10509708737864,2.795424757281553
2024-08-15,ULN,울산공장,B,855,37,95.67,23.13497076023392,44.95637426900584,2.7885380116959064
2024-08-15,ULN,울산공장,C,96,4,95.83,23.184375,46.036458333333336,2.8259375
2024-08-16,ASN,아산공장,A,455,18,96.04,23.247912087912088,44.4,2.8008131868131865
2024-08-16,ASN,아산공장,B,460,8,98.26,23.027608695652177,45.09326086956522,2.8073695652173916
2024-08-16,ASN,아산공장,C,54,4,92.59,23.151851851851852,45.211111111111116,2.7705555555555557
2024-08-16,GWJ,광주공장,A,266,14,94.74,22.401503759398498,45.6203007518797,2.8128195488721808
2024-08-16,GWJ,광주공장,B,303,9,97.03,22.86831683168317,44.899009900990094,2.770825082508251
2024-08-16,GWJ,광주공장,C,40,2,95.0,22.94,46.8925,2.8445
2024-08-16,HWS,화성공장,A,268,8,97.01,23.362313432835823,44.97835820895523,2.7640671641791044
2024-08-16,HWS,화성공장,B,306,13,95.75,23.136274509803922,45.61503267973856,2.789281045751634
2024-08-16,HWS,화성공장,C,42,2,95.24,22.935714285714283,44.79761904761905,2.8207142857142857
2024-08-16,ULN,울산공장,A,833,34,95.92,22.99087635054022,44.93145258103242,2.7862905162064826
2024-08-16,ULN,울산공장,B,864,26,96.99,22.962847222222223,44.766898148148144,2.8035532407407406
2024-08-16,ULN,울산공장,C,119,4,96.64,23.59075630252101,44.71764705882352,2.8164705882352945
2024-08-17,ASN,아산공장,A,478,24,94.98,23.005439330543933,45.26673640167364,2.7835983263598325
2024-08-17,ASN,아산공장,B,439,16,96.36,23.104555808656034,45.759908883826874,2.7898633257403187
2024-08-17,ASN,아산공장,C,60,0,100.0,23.225,45.5,2.7506666666666666
2024-08-17,GWJ,광주공장,A,311,14,95.5,23.218649517684888,44.70064308681672,2.7933762057877813
2024-08-17,GWJ,광주공장,B,280,13,95.36,22.855357142857144,44.93964285714286,2.8173214285714288
2024-08-17,GWJ,광주공장,C,40,3,92.5,22.77,44.7625,2.8745000000000003
2024-08-17,HWS,화성공장,A,275,12,95.64,23.041818181818183,45.04,2.788290909090909
2024-08-17,HWS,화성공장,B,305,12,96.07,23.010491803278686,45.10262295081967,2.813573770491803
2024-08-17,HWS,화성공장,C,22,3,86.36,23.4,46.27272727272727,2.8109090909090906
2024-08-17,ULN,울산공장,A,893,33,96.3,23.027995520716686,45.305039193729,2.799753639417693
2024-08-17,ULN,울산공장,B,812,25,96.92,23.028325123152708,44.815147783251234,2.7995935960591134
2024-08-17,ULN,울산공장,C,117,7,94.02,22.454700854700853,45.05384615384615,2.7836752136752136
2024-08-18,ASN,아산공장,A,449,18,95.99,23.00066815144766,44.939866369710465,2.81478841870824
2024-08-18,ASN,아산공장,B,413,16,96.13,23.089346246973363,45.05399515738499,2.7849152542372884
2024-08-18,ASN,아산공장,C,58,3,94.83,23.032758620689656,45.01379310344828,2.8074137931034486
2024-08-18,GWJ,광주공장,A,307,13,95.77,22.610097719869707,44.91302931596091,2.822866449511401
2024-08-18,GWJ,광주공장,B,313,14,95.53,22.854632587859424,44.94600638977636,2.8007667731629393
2024-08-18,GWJ,광주공장,C,46,3,93.48,23.05217391304348,44.65869565217392,2.813913043478261
2024-08-18,HWS,화성공장,A,273,13,95.24,23.073992673992674,45.27216117216117,2.8096703296703294
2024-08-18,HWS,화성공장,B,274,8,97.08,23.148175182481754,45.51678832116789,2.800912408759124
2024-08-18,HWS,화성공장,C,37,2,94.59,23.008108108108107,44.25675675675676,2.828108108108108
2024-08-18,ULN,울산공장,A,806,22,97.27,23.1014888337469,44.772456575682384,2.7994665012406945
2024-08-18,ULN,울산공장,B,782,21,97.31,23.017135549872126,44.714578005115094,2.8005626598465474
2024-08-18,ULN,울산공장,C,116,2,98.28,22.795689655172417,44.99568965517241,2.797758620689655
2024-08-19,ASN,아산공장,A,458,17,96.29,22.9617903930131,44.7089519650655,2.804781659388646
2024-08-19,ASN,아산공장,B,472,13,97.25,22.604025423728814,44.50677966101695,2.8040889830508475
2024-08-19,ASN,아산공장,C,64,6,90.62,23.434375,45.609375,2.74328125
2024-08-19,GWJ,광주공장,A,274,7,97.45,23.185766423357663,44.73978102189781,2.788138686131387
2024-08-19,GWJ,광주공장,B,293,9,96.93,22.71194539249147,44.42730375426621,2.8190443686006827
2024-08-19,GWJ,광주공장,C,30,3,90.0,23.126666666666665,45.623333333333335,2.8373333333333335
2024-08-19,HWS,화성공장,A,297,9,96.97,22.615488215488217,44.29427609427609,2.794915824915825
2024-08-19,HWS,화성공장,B,291,11,96.22,23.18213058419244,45.19621993127148,2.774432989690722
2024-08-19,HWS,화성공장,C,48,2,95.83,23.139583333333334,47.12291666666667,2.841666666666667
2024-08-19,ULN,울산공장,A,847,33,96.1,22.93589138134593,45.10554899645809,2.7985832349468716
2024-08-19,ULN,울산공장,B,834,35,95.8,22.87853717026379,44.89820143884892,2.806474820143885
2024-08-19,ULN,울산공장,C,114,7,93.86,23.17105263157895,45.175438596491226,2.766578947368421
2024-08-20,ASN,아산공장,A,438,14,96.8,23.032876712328765,45.695433789954336,2.8332876712328767
2024-08-20,ASN,아산공장,B,443,15,96.61,22.970654627539503,45.20699774266366,2.8073814898419864
2024-08-20,ASN,아산공장,C,48,7,85.42,23.014583333333334,43.54791666666667,2.813333333333333
2024-08-20,GWJ,광주공장,A,265,13,95.09,23.31056603773585,44.870943396226416,2.762754716981132
2024-08-20,GWJ,광주공장,B,267,15,94.38,22.795880149812735,44.97565543071161,2.837977528089888
2024-08-20,GWJ,광주공장,C,38,2,94.74,23.205263157894734,46.944736842105264,2.8126315789473684
2024-08-20,HWS,화성공장,A,290,10,96.55,22.86655172413793,45.07206896551724,2.798655172413793
2024-08-20,HWS,화성공장,B,271,14,94.83,23.371586715867156,45.07047970479705,2.78380073800738
2024-08-20,HWS,화성공장,C,31,2,93.55,24.009677419354837,45.987096774193546,2.7783870967741935
2024-08-20,ULN,울산공장,A,874,34,96.11,23.182837528604118,44.97414187643021,2.797574370709382
2024-08-20,ULN,울산공장,B,794,36,95.47,23.110705289672545,44.97481108312343,2.805403022670025
2024-08-20,ULN,울산공장,C,119,8,93.28,23.331932773109244,45.01848739495798,2.7949579831932776
2024-08-21,ASN,아산공장,A,473,8,98.31,23.020718816067653,45.11670190274842,2.8091754756871037
2024-08-21,ASN,아산공장,B,458,16,96.51,23.03122270742358,44.834716157205236,2.7823362445414848
2024-08-21,ASN,아산공장,C,61,2,96.72,23.288524590163934,45.51311475409836,2.8381967213114754
2024-08-21,GWJ,광주공장,A,252,14,94.44,23.107936507936508,44.76269841269841,2.8065873015873017
2024-08-21,GWJ,광주공장,B,295,13,95.59,22.57728813559322,45.14813559322034,2.784779661016949
2024-08-21,GWJ,광주공장,C,34,2,94.12,22.68235294117647,45.36470588235294,2.7252941176470586
2024-08-21,HWS,화성공장,A,296,17,94.26,22.76114864864865,45.233108108108105,2.794662162162162
2024-08-21,HWS,화성공장,B,280,7,97.5,23.3225,45.443214285714284,2.807285714285714
2024-08-21,HWS,화성공장,C,39,1,97.44,23.138461538461538,43.800000000000004,2.7094871794871795
2024-08-21,ULN,울산공장,A,875,34,96.11,23.121142857142857,45.37188571428572,2.79216
2024-08-21,ULN,울산공장,B,812,34,95.81,22.871059113300493,45.21834975369458,2.7985837438423644
2024-08-21,ULN,울산공장,C,128,9,92.97,22.94921875,44.40859375,2.818125
2024-08-22,ASN,아산공장,A,463,21,95.46,22.986609071274298,45.26976241900648,2.778963282937365
2024-08-22,ASN,아산공장,B,457,23,94.97,23.050765864332604,44.794310722100654,2.7973085339168486
2024-08-22,ASN,아산공장,C,72,3,95.83,22.12222222222222,45.58472222222222,2.82375
2024-08-22,GWJ,광주공장,A,301,12,96.01,23.083056478405314,45.0265780730897,2.7975083056478405
2024-08-22,GWJ,광주공장,B,259,12,95.37,23.033204633204633,45.474517374517376,2.801583011583012
2024-08-22,GWJ,광주공장,C,33,2,93.94,23.28787878787879,44.093939393939394,2.753636363636364
2024-08-22,HWS,화성공장,A,264,11,95.83,23.113257575757576,44.904924242424244,2.818219696969697
2024-08-22,HWS,화성공장,B,272,13,95.22,23.308088235294118,44.883823529411764,2.816323529411765
2024-08-22,HWS,화성공장,C,39,3,92.31,23.484615384615385,46.56666666666666,2.755897435897436
2024-08-22,ULN,울산공장,A,793,30,96.22,22.995208070617906,44.782345523329134,2.790264817150063
2024-08-22,ULN,울산공장,B,884,34,96.15,23.16889140271493,44.94457013574661,2.796753393665158
2024-08-22,ULN,울산공장,C,115,8,93.04,22.48521739130435,45.332173913043476,2.7923478260869565
2024-08-23,ASN,아산공장,A,463,22,95.25,23.000647948164147,45.006911447084235,2.7914686825054
2024-08-23,ASN,아산공장,B,499,19,96.19,23.061122244488978,45.26032064128257,2.8047294589178358
2024-08-23,ASN,아산공장,C,49,2,95.92,22.775510204081634,46.19183673469388,2.8483673469387756
2024-08-23,GWJ,광주공장,A,280,9,96.79,22.9325,45.00642857142857,2.7960714285714285
2024-08-23,GWJ,광주공장,B,290,11,96.21,22.913793103448278,45.47448275862069,2.7615517241379313
2024-08-23,GWJ,광주공장,C,28,0,100.0,22.74285714285714,43.385714285714286,2.863928571428571
2024-08-23,HWS,화성공장,A,255,15,94.12,22.931764705882355,45.588235294117645,2.7987450980392157
2024-08-23,HWS,화성공장,B,266,10,96.24,23.093984962406015,44.16654135338346,2.8031203007518797
2024-08-23,HWS,화성공장,C,35,0,100.0,23.18285714285714,44.22,2.740285714285714
2024-08-23,ULN,울산공장,A,868,31,96.43,22.92926267281106,44.81509216589862,2.811935483870968
2024-08-23,ULN,울산공장,B,837,39,95.34,22.995221027479094,45.27658303464755,2.7959617682198323
2024-08-23,ULN,울산공장,C,105,9,91.43,23.19047619047619,45.62952380952381,2.7963809523809524
2024-08-24,ASN,아산공장,A,456,16,96.49,23.101535087719295,44.334649122807015,2.8298464912280705
2024-08-24,ASN,아산공장,B,469,19,95.95,23.03539445628998,44.56673773987207,2.7903411513859275
2024-08-24,ASN,아산공장,C,54,6,88.89,22.76666666666667,43.166666666666664,2.7642592592592594
2024-08-24,GWJ,광주공장,A,285,7,97.54,23.13368421052632,44.009824561403505,2.799824561403509
2024-08-24,GWJ,광주공장,B,295,16,94.58,23.353898305084744,44.44135593220339,2.798406779661017
2024-08-24,GWJ,광주공장,C,39,3,92.31,23.346153846153847,40.99487179487179,2.804102564102564
2024-08-24,HWS,화성공장,A,295,15,94.92,23.14440677966102,45.51220338983051,2.7967118644067797
2024-08-24,HWS,화성공장,B,273,14,94.87,22.827472527472526,46.055677655677655,2.784761904761905
2024-08-24,HWS,화성공장,C,45,1,97.78,23.628888888888888,46.044444444444444,2.784666666666667
2024-08-24,ULN,울산공장,A,798,32,95.99,23.037719298245612,44.54461152882205,2.7886967418546367
2024-08-24,ULN,울산공장,B,830,29,96.51,23.009759036144576,45.09277108433735,2.795879518072289
2024-08-24,ULN,울산공장,C,97,4,95.88,22.96701030927835,44.21134020618557,2.8136082474226805
2024-08-25,ASN,아산공장,A,472,18,96.19,23.051906779661017,44.9853813559322,2.8031567796610166
2024-08-25,ASN,아산공장,B,496,23,95.36,23.17116935483871,44.657459677419354,2.82741935483871
2024-08-25,ASN,아산공장,C,70,3,95.71,23.018571428571427,43.83428571428571,2.830714285714286
2024-08-25,GWJ,광주공장,A,287,13,95.47,23.028919860627177,43.97386759581882,2.7946689895470387
2024-08-25,GWJ,광주공장,B,287,7,97.56,23.202787456445993,45.670731707317074,2.7866202090592336
2024-08-25,GWJ,광주공장,C,35,1,97.14,23.108571428571427,43.10285714285714,2.8
2024-08-25,HWS,화성공장,A,283,16,94.35,22.80353356890459,45.61201413427562,2.779540636042403
2024-08-25,HWS,화성공장,B,250,12,95.2,23.1196,44.492,2.79712
2024-08-25,HWS,화성공장,C,29,1,96.55,22.910344827586208,43.83103448275862,2.8041379310344827
2024-08-25,ULN,울산공장,A,870,39,95.52,22.81367816091954,45.114367816091956,2.8099885057471266
2024-08-25,ULN,울산공장,B,823,31,96.23,22.911300121506684,45.026731470230864,2.8140583232077763
2024-08-25,ULN,울산공장,C,127,12,90.55,23.140944881889766,44.23307086614174,2.742834645669291
2024-08-26,ASN,아산공장,A,500,24,95.2,22.921599999999998,44.834199999999996,2.8192600000000003
2024-08-26,ASN,아산공장,B,490,22,95.51,23.306326530612246,44.953469387755106,2.8156122448979595
2024-08-26,ASN,아산공장,C,50,3,94.0,22.768,44.492,2.7438
2024-08-26,GWJ,광주공장,A,305,18,94.1,22.850491803278686,45.28262295081967,2.8124918032786885
2024-08-26,GWJ,광주공장,B,258,7,97.29,23.1531007751938,44.712790697674414,2.783759689922481
2024-08-26,GWJ,광주공장,C,27,1,96.3,22.288888888888888,42.074074074074076,2.821851851851852
2024-08-26,HWS,화성공장,A,267,10,96.25,22.91086142322097,45.157303370786515,2.769925093632959
2024-08-26,HWS,화성공장,B,304,11,96.38,23.233223684210525,44.63782894736842,2.787927631578947
2024-08-26,HWS,화성공장,C,28,3,89.29,23.349999999999998,45.79642857142857,2.7860714285714288
2024-08-26,ULN,울산공장,A,859,35,95.93,22.947147846332943,44.72176949941793,2.8076717112922003
2024-08-26,ULN,울산공장,B,843,26,96.92,23.08695136417556,44.6158956109134,2.8111981020166077
2024-08-26,ULN,울산공장,C,111,7,93.69,22.923423423423422,45.20900900900901,2.7797297297297296
2024-08-27,ASN,아산공장,A,463,16,96.54,23.013606911447084,44.98444924406047,2.805097192224622
2024-08-27,ASN,아산공장,B,431,21,95.13,22.8877030162413,44.473781902552204,2.8135498839907194
2024-08-27,ASN,아산공장,C,62,3,95.16,22.59193548387097,44.36612903225806,2.855
2024-08-27,GWJ,광주공장,A,295,15,94.92,23.289152542372882,44.66033898305084,2.778101694915254
2024-08-27,GWJ,광주공장,B,270,14,94.81,22.945185185185185,45.35666666666666,2.7763703703703704
2024-08-27,GWJ,광주공장,C,36,2,94.44,22.991666666666667,44.56666666666667,2.6844444444444444
2024-08-27,HWS,화성공장,A,288,10,96.53,22.90972222222222,44.72881944444444,2.8011458333333334
2024-08-27,HWS,화성공장,B,311,8,97.43,23.130225080385852,44.710289389067526,2.8044051446945337
2024-08-27,HWS,화성공장,C,32,3,90.62,23.784375,43.7625,2.8165625
2024-08-27,ULN,울산공장,A,865,34,96.07,22.784277456647402,44.90554913294798,2.7976878612716765
2024-08-27,ULN,울산공장,B,857,33,96.15,23.04772462077013,45.16709451575262,2.8240723453908987
2024-08-27,ULN,울산공장,C,99,11,88.89,22.700000000000003,45.98383838383838,2.792626262626263
2024-08-28,ASN,아산공장,A,483,13,97.31,23.096687370600417,45.599378881987576,2.7938509316770186
2024-08-28,ASN,아산공장,B,468,18,96.15,23.104273504273504,44.8448717948718,2.779786324786325
2024-08-28,ASN,아산공장,C,59,4,93.22,23.250847457627117,45.47457627118644,2.7672881355932204
2024-08-28,GWJ,광주공장,A,266,10,96.24,22.994736842105265,44.23947368421053,2.812406015037594
2024-08-28,GWJ,광주공장,B,254,8,96.85,23.212992125984254,45.02125984251968,2.8135826771653543
2024-08-28,GWJ,광주공장,C,36,1,97.22,23.522222222222222,45.99166666666667,2.835277777777778
2024-08-28,HWS,화성공장,A,295,12,95.93,23.05559322033898,45.40237288135594,2.798677966101695
2024-08-28,HWS,화성공장,B,289,7,97.58,22.741522491349482,44.46089965397924,2.7932179930795846
2024-08-28,HWS,화성공장,C,37,3,91.89,23.37837837837838,42.42972972972973,2.7818918918918922
2024-08-28,ULN,울산공장,A,834,31,96.28,23.003836930455638,44.85947242206235,2.8077817745803357
2024-08-28,ULN,울산공장,B,874,32,96.34,22.968878718535468,44.071395881006865,2.7979748283752857
2024-08-28,ULN,울산공장,C,93,8,91.4,23.03333333333333,44.09892473118279,2.8195698924731185
2024-08-29,ASN,아산공장,A,467,19,95.93,22.926552462526768,44.60556745182013,2.813661670235546
2024-08-29,ASN,아산공장,B,453,8,98.23,23.03708609271523,45.2158940397351,2.814260485651214
2024-08-29,ASN,아산공장,C,54,5,90.74,23.21481481481481,45.7962962962963,2.8588888888888886
2024-08-29,GWJ,광주공장,A,274,9,96.72,23.091970802919707,45.38284671532847,2.7842700729927006
2024-08-29,GWJ,광주공장,B,315,9,97.14,23.24857142857143,44.9247619047619,2.7635238095238095
2024-08-29,GWJ,광주공장,C,32,0,100.0,23.35625,43.421875,2.8121875
2024-08-29,HWS,화성공장,A,273,15,94.51,22.926373626373625,45.24102564102564,2.834761904761905
2024-08-29,HWS,화성공장,B,284,12,95.77,23.128521126760564,45.2056338028169,2.7924295774647887
2024-08-29,HWS,화성공장,C,34,1,97.06,22.46764705882353,43.03823529411765,2.758235294117647
2024-08-29,ULN,울산공장,A,827,36,95.65,22.948246674727933,44.90290205562273,2.789794437726723
2024-08-29,ULN,울산공장,B,865,34,96.07,22.83907514450867,44.986820809248556,2.7975144508670517
2024-08-29,ULN,울산공장,C,103,9,91.26,23.56893203883495,44.19223300970874,2.831067961165049
2024-08-30,ASN,아산공장,A,448,30,93.3,23.090848214285717,45.21205357142857,2.793147321428571
2024-08-30,ASN,아산공장,B,457,15,96.72,23.042669584245075,45.35929978118162,2.803938730853392
2024-08-30,ASN,아산공장,C,56,3,94.64,23.173214285714288,45.721428571428575,2.7769642857142856
2024-08-30,GWJ,광주공장,A,256,11,95.7,22.898046875,45.310546875,2.7816796875
2024-08-30,GWJ,광주공장,B,271,11,95.94,23.069741697416973,45.45239852398524,2.830258302583026
2024-08-30,GWJ,광주공장,C,40,0,100.0,23.165,46.582499999999996,2.82225
2024-08-30,HWS,화성공장,A,274,15,94.53,22.924817518248172,45.83540145985401,2.8021532846715327
2024-08-30,HWS,화성공장,B,258,8,96.9,23.105426356589145,43.47170542635659,2.814612403100775
2024-08-30,HWS,화성공장,C,41,2,95.12,22.587804878048782,44.69512195121951,2.824878048780488
2024-08-30,ULN,울산공장,A,838,26,96.9,22.98711217183771,44.90572792362769,2.8021360381861578
2024-08-30,ULN,울산공장,B,832,22,97.36,23.252283653846156,44.89242788461539,2.7836298076923076
2024-08-30,ULN,울산공장,C,100,5,95.0,22.573,45.126000000000005,2.8412
2024-08-31,ASN,아산공장,A,464,17,96.34,23.059913793103448,45.366810344827584,2.8060991379310343
2024-08-31,ASN,아산공장,B,483,22,95.45,22.8639751552795,44.440165631469974,2.783892339544513
2024-08-31,ASN,아산공장,C,57,2,96.49,23.101754385964913,44.5859649122807,2.7980701754385966
2024-08-31,GWJ,광주공장,A,272,6,97.79,22.959558823529413,44.905514705882354,2.791433823529412
2024-08-31,GWJ,광주공장,B,324,12,96.3,22.848456790123457,44.35401234567902,2.7628086419753086
2024-08-31,GWJ,광주공장,C,32,3,90.62,22.390625,43.509375,2.8328124999999997
2024-08-31,HWS,화성공장,A,285,16,94.39,22.90701754385965,45.4880701754386,2.8110526315789475
2024-08-31,HWS,화성공장,B,281,11,96.09,23.118505338078293,45.28754448398576,2.8429893238434163
2024-08-31,HWS,화성공장,C,33,2,93.94,23.354545454545455,44.4030303030303,2.7972727272727274
2024-08-31,ULN,울산공장,A,859,32,96.27,22.99406286379511,45.221420256111756,2.778696158323632
2024-08-31,ULN,울산공장,B,843,40,95.26,22.98944246737841,45.07852906287069,2.8014234875444837
2024-08-31,ULN,울산공장,C,104,9,91.35,22.737499999999997,46.670192307692304,2.7895192307692307
2024-09-01,ASN,아산공장,A,488,20,95.9,22.98688524590164,45.28709016393442,2.7962090163934423
2024-09-01,ASN,아산공장,B,446,15,96.64,23.17219730941704,44.82466367713004,2.7906726457399107
2024-09-01,ASN,아산공장,C,60,3,95.0,22.256666666666668,46.58166666666667,2.8393333333333333
2024-09-01,GWJ,광주공장,A,258,7,97.29,23.001162790697673,43.99302325581396,2.795813953488372
2024-09-01,GWJ,광주공장,B,283,11,96.11,22.92190812720848,45.69469964664311,2.8031095406360422
2024-09-01,GWJ,광주공장,C,40,4,90.0,23.1225,43.42,2.898
2024-09-01,HWS,화성공장,A,308,9,97.08,22.99642857142857,45.272402597402596,2.823668831168831
2024-09-01,HWS,화성공장,B,291,10,96.56,22.91993127147766,45.09278350515464,2.789553264604811
2024-09-01,HWS,화성공장,C,40,1,97.5,22.29,46.085,2.8395
2024-09-01,ULN,울산공장,A,898,35,96.1,22.925167037861915,44.804788418708235,2.80304008908686
2024-09-01,ULN,울산공장,B,845,32,96.21,23.000118343195265,45.337278106508876,2.8037633136094673
2024-09-01,ULN,울산공장,C,106,6,94.34,23.0311320754717,44.38490566037736,2.787264150943396
2024-09-02,ASN,아산공장,A,484,26,94.63,22.9349173553719,45.364669421487605,2.813512396694215
2024-09-02,ASN,아산공장,B,462,13,97.19,22.896969696969695,45.23354978354978,2.806471861471861
2024-09-02,ASN,아산공장,C,67,4,94.03,22.580597014925374,43.386567164179105,2.7308955223880598
2024-09-02,GWJ,광주공장,A,263,15,94.3,23.227756653992394,45.38365019011407,2.8325855513307987
2024-09-02,GWJ,광주공장,B,264,16,93.94,23.15378787878788,44.88106060606061,2.803295454545455
2024-09-02,GWJ,광주공장,C,38,1,97.37,22.73157894736842,41.507894736842104,2.7857894736842104
2024-09-02,HWS,화성공장,A,304,13,95.72,23.301644736842103,46.28980263157895,2.8143421052631576
2024-09-02,HWS,화성공장,B,288,11,96.18,22.664930555555557,44.90833333333333,2.786979166666667
2024-09-02,HWS,화성공장,C,43,3,93.02,23.462790697674418,44.22558139534884,2.7876744186046514
2024-09-02,ULN,울산공장,A,845,33,96.09,23.108402366863903,45.142130177514794,2.8037514792899407
2024-09-02,ULN,울산공장,B,863,36,95.83,23.03441483198146,45.42838933951332,2.7915179606025493
2024-09-02,ULN,울산공장,C,113,3,97.35,22.96991150442478,44.67433628318584,2.838141592920354
2024-09-03,ASN,아산공장,A,504,20,96.03,22.965674603174605,45.33988095238095,2.795198412698413
2024-09-03,ASN,아산공장,B,468,17,96.37,22.94252136752137,45.13739316239316,2.807350427350427
2024-09-03,ASN,아산공장,C,74,2,97.3,22.994594594594595,46.644594594594594,2.7786486486486486
2024-09-03,GWJ,광주공장,A,269,10,96.28,22.921561338289962,44.13048327137547,2.7990334572490707
2024-09-03,GWJ,광주공장,B,263,12,95.44,22.653992395437264,44.41939163498098,2.793802281368821
2024-09-03,GWJ,광주공장,C,44,4,90.91,22.672727272727272,45.28409090909091,2.825454545454545
2024-09-03,HWS,화성공장,A,299,16,94.65,22.737123745819396,44.932107023411376,2.781571906354515
2024-09-03,HWS,화성공장,B,289,8,97.23,22.921107266435985,45.202076124567476,2.763494809688581
2024-09-03,HWS,화성공장,C,58,4,93.1,22.50689655172414,45.12586206896552,2.7513793103448276
2024-09-03,ULN,울산공장,A,836,34,95.93,22.944617224880382,44.98959330143541,2.8167822966507177
2024-09-03,ULN,울산공장,B,831,37,95.55,23.109265944645006,45.01841155234657,2.804127557160048
2024-09-03,ULN,울산공장,C,97,6,93.81,22.5979381443299,45.27731958762886,2.752886597938144
2024-09-04,ASN,아산공장,A,471,21,95.54,22.887898089171976,45.191932059447986,2.7951592356687898
2024-09-04,ASN,아산공장,B,486,19,96.09,23.06975308641975,45.45679012345679,2.7966460905349795
2024-09-04,ASN,아산공장,C,54,3,94.44,23.585185185185182,45.36666666666667,2.9135185185185186
2024-09-04,GWJ,광주공장,A,295,15,94.92,22.96135593220339,44.8,2.786135593220339
2024-09-04,GWJ,광주공장,B,281,9,96.8,23.27188612099644,45.37473309608541,2.7957295373665483
2024-09-04,GWJ,광주공장,C,33,1,96.97,22.684848484848487,47.19090909090909,2.796060606060606
2024-09-04,HWS,화성공장,A,291,16,94.5,23.05979381443299,44.879037800687286,2.83340206185567
2024-09-04,HWS,화성공장,B,269,9,96.65,22.987732342007433,45.45353159851301,2.818438661710037
2024-09-04,HWS,화성공장,C,39,1,97.44,22.141025641025642,45.202564102564104,2.841282051282051
2024-09-04,ULN,울산공장,A,819,37,95.48,22.857142857142858,44.57484737484738,2.7925641025641026
2024-09-04,ULN,울산공장,B,838,27,96.78,22.79630071599045,44.67326968973747,2.810441527446301
2024-09-04,ULN,울산공장,C,94,6,93.62,22.837234042553188,45.04468085106383,2.7963829787234045
2024-09-05,ASN,아산공장,A,495,15,96.97,23.0589898989899,45.37959595959596,2.7862020202020203
2024-09-05,ASN,아산공장,B,518,22,95.75,23.26158301158301,45.17084942084942,2.798803088803089
2024-09-05,ASN,아산공장,C,64,4,93.75,22.73125,44.7171875,2.731875
2024-09-05,GWJ,광주공장,A,298,12,95.97,23.120805369127517,44.58523489932886,2.825268456375839
2024-09-05,GWJ,광주공장,B,276,13,95.29,22.893478260869568,45.07463768115942,2.8043115942028987
2024-09-05,GWJ,광주공장,C,42,3,92.86,22.926190476190477,44.56666666666666,2.7635714285714283
2024-09-05,HWS,화성공장,A,285,15,94.74,23.149473684210527,44.764210526315786,2.7795087719298244
2024-09-05,HWS,화성공장,B,268,4,98.51,23.22761194029851,45.31492537313433,2.7845895522388058
2024-09-05,HWS,화성공장,C,46,2,95.65,23.808695652173913,45.300000000000004,2.7280434782608696
2024-09-05,ULN,울산공장,A,836,33,96.05,23.210765550239234,44.89712918660287,2.7985765550239234
2024-09-05,ULN,울산공장,B,858,28,96.74,23.11981351981352,45.29009324009324,2.7915967365967367
2024-09-05,ULN,울산공장,C,104,4,96.15,22.59326923076923,44.74615384615385,2.8358653846153845
2024-09-06,ASN,아산공장,A,453,24,94.7,23.085209713024284,45.22935982339956,2.7962251655629142
2024-09-06,ASN,아산공장,B,477,25,94.76,23.256394129979036,44.681551362683436,2.790125786163522
2024-09-06,ASN,아산공장,C,56,2,96.43,23.023214285714285,47.028571428571425,2.8505357142857144
2024-09-06,GWJ,광주공장,A,288,13,95.49,22.99826388888889,45.24201388888889,2.7830208333333335
2024-09-06,GWJ,광주공장,B,258,16,93.8,22.841860465116277,44.17829457364341,2.7668217054263566
2024-09-06,GWJ,광주공장,C,30,4,86.67,22.62,45.916666666666664,2.8040000000000003
2024-09-06,HWS,화성공장,A,286,8,97.2,22.914685314685315,44.354195804195804,2.8093356643356646
2024-09-06,HWS,화성공장,B,298,8,97.32,22.889261744966444,44.810402684563755,2.8042617449664426
2024-09-06,HWS,화성공장,C,27,3,88.89,23.159259259259258,46.544444444444444,2.8722222222222222
2024-09-06,ULN,울산공장,A,913,37,95.95,22.96144578313253,45.45104052573932,2.795355969331873
2024-09-06,ULN,울산공장,B,836,35,95.81,23.082535885167463,45.143899521531104,2.798516746411483
2024-09-06,ULN,울산공장,C,118,5,95.76,22.84237288135593,45.69322033898305,2.8267796610169493
2024-09-07,ASN,아산공장,A,450,17,96.22,23.259555555555554,45.456,2.7999111111111112
2024-09-07,ASN,아산공장,B,449,21,95.32,22.998218262806237,44.45122494432071,2.7982628062360804
2024-09-07,ASN,아산공장,C,44,0,100.0,22.68409090909091,46.179545454545455,2.733409090909091
2024-09-07,GWJ,광주공장,A,288,14,95.14,22.969791666666666,44.12569444444445,2.814166666666667
2024-09-07,GWJ,광주공장,B,273,11,95.97,23.25897435897436,45.85677655677655,2.8236996336996336
2024-09-07,GWJ,광주공장,C,32,2,93.75,23.571875,44.521875,2.7340625
2024-09-07,HWS,화성공장,A,264,7,97.35,22.96931818181818,44.569318181818176,2.7775757575757574
2024-09-07,HWS,화성공장,B,253,11,95.65,22.90395256916996,44.6596837944664,2.7966403162055333
2024-09-07,HWS,화성공장,C,26,0,100.0,23.76923076923077,45.75384615384615,2.8334615384615387
2024-09-07,ULN,울산공장,A,865,39,95.49,22.945202312138726,45.20658959537572,2.7809364161849714
2024-09-07,ULN,울산공장,B,898,29,96.77,23.112583518930958,45.488975501113586,2.7723942093541205
2024-09-07,ULN,울산공장,C,114,4,96.49,23.17982456140351,45.19649122807017,2.8074561403508773
2024-09-08,ASN,아산공장,A,471,21,95.54,22.805307855626324,44.99087048832272,2.7795329087048835
2024-09-08,ASN,아산공장,B,448,17,96.21,22.982142857142858,44.816964285714285,2.8265401785714284
2024-09-08,ASN,아산공장,C,59,3,94.92,22.837288135593223,44.03898305084746,2.886271186440678
2024-09-08,GWJ,광주공장,A,263,8,96.96,23.024714828897338,45.40874524714829,2.836577946768061
2024-09-08,GWJ,광주공장,B,256,7,97.27,22.766796875,44.357421875,2.786328125
2024-09-08,GWJ,광주공장,C,42,0,100.0,24.123809523809523,46.18809523809524,2.776904761904762
2024-09-08,HWS,화성공장,A,280,6,97.86,22.919642857142858,44.395714285714284,2.7990357142857145
2024-09-08,HWS,화성공장,B,272,17,93.75,22.627205882352943,45.33529411764706,2.766286764705882
2024-09-08,HWS,화성공장,C,35,5,85.71,22.877142857142857,44.68857142857143,2.8417142857142856
2024-09-08,ULN,울산공장,A,780,33,95.77,23.03679487179487,45.249871794871794,2.8013589743589744
2024-09-08,ULN,울산공장,B,841,29,96.55,23.034839476813318,45.40095124851367,2.8025089179548157
2024-09-08,ULN,울산공장,C,114,10,91.23,23.410526315789475,45.20263157894737,2.7999122807017542
2024-09-09,ASN,아산공장,A,474,16,96.62,23.00295358649789,45.74957805907173,2.8090506329113922
2024-09-09,ASN,아산공장,B,465,16,96.56,22.967311827956987,45.39634408602151,2.814967741935484
2024-09-09,ASN,아산공장,C,57,3,94.74,23.271929824561404,45.794736842105266,2.8133333333333335
2024-09-09,GWJ,광주공장,A,289,10,96.54,23.118685121107266,44.529757785467126,2.814809688581315
2024-09-09,GWJ,광주공장,B,269,7,97.4,22.975092936802973,44.56245353159851,2.77996282527881
2024-09-09,GWJ,광주공장,C,40,1,97.5,22.5,46.6225,2.8572499999999996
2024-09-09,HWS,화성공장,A,272,8,97.06,22.87794117647059,43.925000000000004,2.826801470588235
2024-09-09,HWS,화성공장,B,308,9,97.08,22.780844155844157,44.685064935064936,2.7981818181818183
2024-09-09,HWS,화성공장,C,45,2,95.56,22.397777777777776,47.17111111111111,2.814
2024-09-09,ULN,울산공장,A,808,31,96.16,22.998143564356436,45.556435643564356,2.8209158415841586
2024-09-09,ULN,울산공장,B,830,43,94.82,22.920361445783133,44.325301204819276,2.7870722891566264
2024-09-09,ULN,울산공장,C,113,5,95.58,22.987610619469027,45.822123893805305,2.8068141592920357
2024-09-10,ASN,아산공장,A,498,22,95.58,22.924899598393576,45.11807228915662,2.775441767068273
2024-09-10,ASN,아산공장,B,495,11,97.78,23.114949494949496,45.31454545454545,2.8027474747474748
2024-09-10,ASN,아산공장,C,48,4,91.67,22.125,42.38333333333333,2.828125
2024-09-10,GWJ,광주공장,A,275,12,95.64,22.921818181818182,44.62145454545455,2.764690909090909
2024-09-10,GWJ,광주공장,B,269,12,95.54,23.09256505576208,44.755390334572496,2.8056133828996286
2024-09-10,GWJ,광주공장,C,29,5,82.76,22.56551724137931,44.55172413793103,2.8617241379310343
2024-09-10,HWS,화성공장,A,287,16,94.43,22.923693379790944,45.162369337979094,2.848222996515679
2024-09-10,HWS,화성공장,B,260,8,96.92,22.954615384615384,43.95576923076923,2.8205384615384617
2024-09-10,HWS,화성공장,C,36,2,94.44,22.775,43.74444444444444,2.856111111111111
2024-09-10,ULN,울산공장,A,844,25,97.04,23.062796208530806,44.84857819905213,2.817026066350711
2024-09-10,ULN,울산공장,B,871,33,96.21,22.881171067738233,44.885763490241104,2.8101607347876008
2024-09-10,ULN,울산공장,C,119,7,94.12,22.978991596638654,45.10420168067227,2.8134453781512607
2024-09-11,ASN,아산공장,A,458,22,95.2,23.31353711790393,45.15152838427948,2.807096069868996
2024-09-11,ASN,아산공장,B,478,13,97.28,23.005230125523013,44.6081589958159,2.8018410041841
2024-09-11,ASN,아산공장,C,70,2,97.14,22.77285714285714,43.87714285714286,2.8392857142857144
2024-09-11,GWJ,광주공장,A,249,12,95.18,22.780722891566263,45.267469879518075,2.755943775100402
2024-09-11,GWJ,광주공장,B,290,10,96.55,22.841724137931035,44.7248275862069,2.762
2024-09-11,GWJ,광주공장,C,36,3,91.67,22.341666666666665,42.458333333333336,2.9144444444444444
2024-09-11,HWS,화성공장,A,278,11,96.04,22.8773381294964,44.30467625899281,2.7855395683453237
2024-09-11,HWS,화성공장,B,279,10,96.42,23.056989247311826,45.43118279569892,2.7954838709677423
2024-09-11,HWS,화성공장,C,32,0,100.0,23.11875,45.659375,2.7871875
2024-09-11,ULN,울산공장,A,853,39,95.43,22.88569753810082,44.84337631887456,2.821828839390387
2024-09-11,ULN,울산공장,B,861,34,96.05,22.883739837398377,44.89326364692218,2.8104297328687573
2024-09-11,ULN,울산공장,C,90,6,93.33,23.16,44.74111111111111,2.758111111111111
2024-09-12,ASN,아산공장,A,445,18,95.96,23.04449438202247,45.47123595505618,2.7919550561797752
2024-09-12,ASN,아산공장,B,501,22,95.61,23.136926147704592,44.75988023952096,2.793672654690619
2024-09-12,ASN,아산공장,C,59,5,91.53,22.462711864406778,45.0,2.8405084745762714
2024-09-12,GWJ,광주공장,A,302,11,96.36,23.158940397350992,45.092384105960264,2.7608609271523177
2024-09-12,GWJ,광주공장,B,281,16,94.31,23.222419928825623,44.40035587188612,2.7795373665480425
2024-09-12,GWJ,광주공장,C,35,3,91.43,22.782857142857143,43.46,2.7794285714285714
2024-09-12,HWS,화성공장,A,289,7,97.58,22.59204152249135,45.11314878892734,2.8303460207612456
2024-09-12,HWS,화성공장,B,278,9,96.76,23.263669064748203,44.26151079136691,2.7665827338129496
2024-09-12,HWS,화성공장,C,29,0,100.0,23.010344827586206,44.748275862068965,2.813103448275862
2024-09-12,ULN,울산공장,A,857,37,95.68,23.051925320886813,44.96919486581097,2.8004900816802802
2024-09-12,ULN,울산공장,B,845,23,97.28,23.008165680473375,45.10260355029585,2.8192662721893496
2024-09-12,ULN,울산공장,C,108,9,91.67,22.960185185185182,45.425,2.768425925925926
2024-09-13,ASN,아산공장,A,433,19,95.61,23.14711316397229,45.61732101616628,2.81175519630485
2024-09-13,ASN,아산공장,B,459,21,95.42,22.743572984749452,44.92549019607843,2.8117647058823527
2024-09-13,ASN,아산공장,C,44,0,100.0,23.952272727272728,44.63409090909091,2.685227272727273
2024-09-13,GWJ,광주공장,A,282,9,96.81,22.863829787234042,45.28120567375886,2.8063475177304964
2024-09-13,GWJ,광주공장,B,291,7,97.59,23.199656357388317,45.40721649484536,2.774364261168385
2024-09-13,GWJ,광주공장,C,22,1,95.45,22.813636363636363,44.25,2.838181818181818
2024-09-13,HWS,화성공장,A,282,12,95.74,22.83014184397163,44.195035460992905,2.750496453900709
2024-09-13,HWS,화성공장,B,264,7,97.35,23.252651515151513,44.5969696969697,2.7839015151515154
2024-09-13,HWS,화성공장,C,37,4,89.19,23.5,44.62162162162162,2.812162162162162
2024-09-13,ULN,울산공장,A,817,30,96.33,22.93720930232558,44.361444308445535,2.8040758873929006
2024-09-13,ULN,울산공장,B,836,39,95.33,23.004186602870814,45.19210526315789,2.7926674641148326
2024-09-13,ULN,울산공장,C,104,5,95.19,22.765384615384615,45.02403846153846,2.7847115384615386
2024-09-14,ASN,아산공장,A,500,22,95.6,22.948400000000003,44.7712,2.78658
2024-09-14,ASN,아산공장,B,456,15,96.71,23.314912280701755,45.02434210526315,2.8059429824561404
2024-09-14,ASN,아산공장,C,49,1,97.96,23.01224489795918,43.69387755102041,2.7085714285714286
2024-09-14,GWJ,광주공장,A,311,13,95.82,22.912218649517683,45.12765273311897,2.809774919614148
2024-09-14,GWJ,광주공장,B,296,15,94.93,22.71722972972973,44.62364864864865,2.7913513513513513
2024-09-14,GWJ,광주공장,C,33,0,100.0,23.215151515151515,46.47272727272727,2.7675757575757576
2024-09-14,HWS,화성공장,A,275,16,94.18,23.053818181818183,44.224000000000004,2.7804
2024-09-14,HWS,화성공장,B,310,11,96.45,23.414838709677422,45.193548387096776,2.815032258064516
2024-09-14,HWS,화성공장,C,41,1,97.56,23.11951219512195,45.139024390243904,2.7821951219512195
2024-09-14,ULN,울산공장,A,834,34,95.92,22.922661870503596,44.76342925659472,2.8073501199040765
2024-09-14,ULN,울산공장,B,833,31,96.28,22.969867947178873,45.34765906362545,2.8142376950780315
2024-09-14,ULN,울산공장,C,109,10,90.83,22.751376146788992,44.84495412844037,2.7942201834862384
2024-09-15,ASN,아산공장,A,463,19,95.9,23.09157667386609,44.63736501079913,2.8126997840172785
2024-09-15,ASN,아산공장,B,474,18,96.2,22.815189873417722,45.55970464135021,2.7941983122362872
2024-09-15,ASN,아산공장,C,57,1,98.25,23.55087719298246,46.94736842105263,2.8212280701754384
2024-09-15,GWJ,광주공장,A,296,10,96.62,23.12297297297297,44.84087837837838,2.816283783783784
2024-09-15,GWJ,광주공장,B,260,6,97.69,23.185000000000002,44.487692307692306,2.8031153846153845
2024-09-15,GWJ,광주공장,C,35,1,97.14,22.65714285714286,44.754285714285714,2.7762857142857142
2024-09-15,HWS,화성공장,A,268,9,96.64,22.838805970149256,44.72686567164179,2.8015298507462685
2024-09-15,HWS,화성공장,B,292,11,96.23,23.173287671232877,44.49520547945205,2.805308219178082
2024-09-15,HWS,화성공장,C,29,1,96.55,23.99655172413793,45.3448275862069,2.840344827586207
2024-09-15,ULN,울산공장,A,911,35,96.16,22.992864983534577,44.799451152579586,2.7834248079034025
2024-09-15,ULN,울산공장,B,873,32,96.33,22.898510882016037,44.731156930126005,2.7847880870561283
2024-09-15,ULN,울산공장,C,95,5,94.74,22.666315789473686,44.588421052631574,2.8396842105263156
2024-09-16,ASN,아산공장,A,457,18,96.06,23.059737417943104,44.11356673960613,2.7731072210065646
2024-09-16,ASN,아산공장,B,462,17,96.32,23.230086580086578,44.2974025974026,2.817835497835498
2024-09-16,ASN,아산공장,C,49,4,91.84,23.86530612244898,44.04897959183673,2.7608163265306125
2024-09-16,GWJ,광주공장,A,276,15,94.57,22.982246376811595,45.275,2.795905797101449
2024-09-16,GWJ,광주공장,B,274,11,95.99,22.865693430656933,44.759854014598545,2.8196350364963507
2024-09-16,GWJ,광주공장,C,26,2,92.31,23.98846153846154,42.87692307692308,2.756923076923077
2024-09-16,HWS,화성공장,A,269,11,95.91,23.07546468401487,45.07695167286246,2.816542750929368
2024-09-16,HWS,화성공장,B,286,13,95.45,22.893006993006992,45.1013986013986,2.771188811188811
2024-09-16,HWS,화성공장,C,35,3,91.43,23.585714285714285,45.96857142857143,2.845142857142857
2024-09-16,ULN,울산공장,A,832,29,96.51,22.974158653846153,44.998437499999994,2.7913822115384614
2024-09-16,ULN,울산공장,B,854,43,94.96,23.00409836065574,44.6228337236534,2.77152224824356
2024-09-16,ULN,울산공장,C,116,14,87.93,23.401724137931033,44.23534482758621,2.7473275862068967
2024-09-17,ASN,아산공장,A,461,20,95.66,22.93297180043384,45.06659436008677,2.79765726681128
2024-09-17,ASN,아산공장,B,464,22,95.26,23.266379310344828,44.446120689655174,2.7860560344827587
2024-09-17,ASN,아산공장,C,60,3,95.0,23.613333333333333,45.81333333333334,2.7708333333333335
2024-09-17,GWJ,광주공장,A,309,14,95.47,23.14336569579288,45.34336569579288,2.7972815533980584
2024-09-17,GWJ,광주공장,B,275,18,93.45,23.288,44.64363636363636,2.783381818181818
2024-09-17,GWJ,광주공장,C,32,2,93.75,22.740625,46.309375,2.8878125
2024-09-17,HWS,화성공장,A,284,10,96.48,23.174647887323946,44.459154929577466,2.787183098591549
2024-09-17,HWS,화성공장,B,280,12,95.71,22.890714285714285,46.01,2.7976785714285715
2024-09-17,HWS,화성공장,C,34,2,94.12,23.258823529411764,45.98235294117647,2.802941176470588
2024-09-17,ULN,울산공장,A,856,39,95.44,22.834462616822428,44.97126168224299,2.805303738317757
2024-09-17,ULN,울산공장,B,860,31,96.4,23.070232558139537,45.122325581395344,2.8033023255813956
2024-09-17,ULN,울산공장,C,84,6,92.86,22.875,46.43928571428572,2.823095238095238
2024-09-18,ASN,아산공장,A,471,29,93.84,22.955414012738853,45.00106157112526,2.796220806794055
2024-09-18,ASN,아산공장,B,436,18,95.87,23.130733944954127,45.408715596330275,2.808302752293578
2024-09-18,ASN,아산공장,C,59,5,91.53,23.47457627118644,43.86610169491525,2.835084745762712
2024-09-18,GWJ,광주공장,A,284,10,96.48,22.937323943661973,44.971478873239434,2.7873591549295775
2024-09-18,GWJ,광주공장,B,249,9,96.39,23.066666666666666,44.07630522088353,2.771566265060241
2024-09-18,GWJ,광주공장,C,43,2,95.35,22.69302325581395,43.34186046511628,2.7711627906976743
2024-09-18,HWS,화성공장,A,266,10,96.24,23.081954887218046,44.69812030075188,2.8238721804511275
2024-09-18,HWS,화성공장,B,264,7,97.35,22.96590909090909,45.554545454545455,2.802348484848485
2024-09-18,HWS,화성공장,C,33,1,96.97,23.436363636363637,46.84848484848485,2.836363636363636
2024-09-18,ULN,울산공장,A,855,48,94.39,23.19391812865497,45.079181286549705,2.7991345029239767
2024-09-18,ULN,울산공장,B,825,38,95.39,23.132484848484847,44.65418181818181,2.7842545454545458
2024-09-18,ULN,울산공장,C,105,3,97.14,22.55428571428571,44.14952380952381,2.7756190476190477
2024-09-19,ASN,아산공장,A,486,22,95.47,22.970164609053498,45.1440329218107,2.815452674897119
2024-09-19,ASN,아산공장,B,473,24,94.93,23.17864693446089,44.754968287526424,2.7936575052854122
2024-09-19,ASN,아산공장,C,55,3,94.55,22.683636363636364,44.78909090909091,2.831818181818182
2024-09-19,GWJ,광주공장,A,278,10,96.4,22.893525179856113,45.78776978417266,2.8120503597122304
2024-09-19,GWJ,광주공장,B,306,10,96.73,22.953594771241832,45.97581699346405,2.789313725490196
2024-09-19,GWJ,광주공장,C,31,1,96.77,22.73225806451613,47.11290322580645,2.7958064516129033
2024-09-19,HWS,화성공장,A,275,10,96.36,23.054909090909092,44.834545454545456,2.813418181818182
2024-09-19,HWS,화성공장,B,283,11,96.11,23.13922261484099,45.11660777385159,2.776819787985866
2024-09-19,HWS,화성공장,C,27,3,88.89,22.307407407407407,44.15925925925926,2.6855555555555557
2024-09-19,ULN,울산공장,A,834,43,94.84,22.905155875299762,44.952517985611514,2.811702637889688
2024-09-19,ULN,울산공장,B,829,34,95.9,23.04294330518697,45.4897466827503,2.7958986731001207
2024-09-19,ULN,울산공장,C,101,11,89.11,23.019801980198018,44.34851485148515,2.7557425742574257
2024-09-20,ASN,아산공장,A,490,22,95.51,22.724897959183675,45.42795918367347,2.7968979591836733
2024-09-20,ASN,아산공장,B,471,20,95.75,22.876857749469213,45.11804670912951,2.7842887473460722
2024-09-20,ASN,아산공장,C,56,5,91.07,22.866071428571427,43.18035714285714,2.762857142857143
2024-09-20,GWJ,광주공장,A,275,15,94.55,22.527272727272727,43.86472727272727,2.8054545454545456
2024-09-20,GWJ,광주공장,B,288,14,95.14,22.991666666666667,44.53263888888889,2.8216319444444444
2024-09-20,GWJ,광주공장,C,27,0,100.0,23.74074074074074,44.529629629629625,2.911851851851852
2024-09-20,HWS,화성공장,A,301,13,95.68,23.28405315614618,44.162126245847176,2.8061129568106313
2024-09-20,HWS,화성공장,B,293,13,95.56,22.927986348122865,44.6764505119454,2.83
2024-09-20,HWS,화성공장,C,39,2,94.87,23.602564102564102,44.17179487179487,2.786153846153846
2024-09-20,ULN,울산공장,A,828,28,96.62,23.008816425120774,45.007125603864736,2.81072463768116
2024-09-20,ULN,울산공장,B,861,31,96.4,22.87735191637631,44.89605110336818,2.7882694541231126
2024-09-20,ULN,울산공장,C,93,3,96.77,23.08279569892473,44.93225806451613,2.779677419354839
2024-09-21,ASN,아산공장,A,498,15,96.99,23.051204819277107,45.17550200803213,2.794437751004016
2024-09-21,ASN,아산공장,B,479,14,97.08,23.09311064718163,44.69582463465553,2.7917536534446765
2024-09-21,ASN,아산공장,C,46,5,89.13,23.667391304347827,44.28913043478261,2.798478260869565
2024-09-21,GWJ,광주공장,A,249,9,96.39,23.106827309236948,45.40963855421687,2.797309236947791
2024-09-21,GWJ,광주공장,B,257,8,96.89,23.16536964980545,44.82412451361868,2.815058365758755
2024-09-21,GWJ,광주공장,C,23,2,91.3,22.608695652173914,44.39565217391304,2.6939130434782608
2024-09-21,HWS,화성공장,A,256,7,97.27,22.977734375,45.43671875,2.810625
2024-09-21,HWS,화성공장,B,270,14,94.81,23.072222222222223,44.73925925925926,2.8072962962962964
2024-09-21,HWS,화성공장,C,36,2,94.44,22.455555555555556,46.608333333333334,2.7569444444444446
2024-09-21,ULN,울산공장,A,822,35,95.74,23.15766423357664,45.23345498783455,2.8018856447688565
2024-09-21,ULN,울산공장,B,853,36,95.78,22.96647127784291,44.898475967174676,2.794865181711606
2024-09-21,ULN,울산공장,C,118,5,95.76,23.447457627118645,44.95084745762712,2.798135593220339
2024-09-22,ASN,아산공장,A,469,18,96.16,22.946695095948826,45.0912579957356,2.8024733475479744
2024-09-22,ASN,아산공장,B,435,14,96.78,22.9351724137931,45.13770114942529,2.805080459770115
2024-09-22,ASN,아산공장,C,55,4,92.73,22.70909090909091,45.93454545454546,2.8530909090909087
2024-09-22,GWJ,광주공장,A,298,11,96.31,22.948657718120806,44.91308724832215,2.7958053691275166
2024-09-22,GWJ,광주공장,B,285,12,95.79,23.149122807017545,44.35684210526316,2.7916140350877194
2024-09-22,GWJ,광주공장,C,33,0,100.0,22.784848484848485,44.53333333333333,2.785757575757576
2024-09-22,HWS,화성공장,A,300,16,94.67,23.081666666666667,45.56766666666667,2.781066666666667
2024-09-22,HWS,화성공장,B,262,11,95.8,22.882061068702292,45.800000000000004,2.817671755725191
2024-09-22,HWS,화성공장,C,30,0,100.0,22.953333333333333,44.61666666666667,2.835
2024-09-22,ULN,울산공장,A,849,35,95.88,22.88763250883392,45.02826855123675,2.783580683156655
2024-09-22,ULN,울산공장,B,829,24,97.1,23.016887816646562,45.4211097708082,2.7890229191797347
2024-09-22,ULN,울산공장,C,101,4,96.04,22.854455445544556,43.3970297029703,2.7513861386138614
2024-09-23,ASN,아산공장,A,443,13,97.07,23.095485327313767,45.04379232505644,2.7965462753950336
2024-09-23,ASN,아산공장,B,454,16,96.48,23.042070484581497,45.119823788546256,2.8096475770925107
2024-09-23,ASN,아산공장,C,49,0,100.0,23.491836734693877,45.744897959183675,2.845510204081633
2024-09-23,GWJ,광주공장,A,316,6,98.1,22.96518987341772,45.19620253164557,2.7874367088607594
2024-09-23,GWJ,광주공장,B,289,15,94.81,23.134602076124565,44.78339100346021,2.8052595155709343
2024-09-23,GWJ,광주공장,C,25,2,92.0,21.932,43.312,2.8628000000000005
2024-09-23,HWS,화성공장,A,270,8,97.04,22.64222222222222,45.035185185185185,2.808074074074074
2024-09-23,HWS,화성공장,B,306,16,94.77,23.07124183006536,44.93300653594771,2.7929411764705883
2024-09-23,HWS,화성공장,C,46,3,93.48,22.808695652173913,44.7195652173913,2.8471739130434783
2024-09-23,ULN,울산공장,A,884,42,95.25,22.893438914027147,45.045701357466065,2.796481900452489
2024-09-23,ULN,울산공장,B,833,22,97.36,23.190876350540215,45.278991596638654,2.8199279711884753
2024-09-23,ULN,울산공장,C,95,4,95.79,22.858947368421052,46.248421052631585,2.7893684210526315
2024-09-24,ASN,아산공장,A,488,28,94.26,22.93360655737705,45.66905737704918,2.7971926229508197
2024-09-24,ASN,아산공장,B,507,17,96.65,22.95483234714004,44.91913214990138,2.802682445759369
2024-09-24,ASN,아산공장,C,49,2,95.92,23.26530612244898,42.94489795918368,2.9057142857142857
2024-09-24,GWJ,광주공장,A,278,7,97.48,23.1294964028777,45.312230215827334,2.788129496402878
2024-09-24,GWJ,광주공장,B,257,13,94.94,22.875875486381325,44.72607003891051,2.8002723735408557
2024-09-24,GWJ,광주공장,C,27,1,96.3,22.314814814814813,45.25555555555556,2.842962962962963
2024-09-24,HWS,화성공장,A,300,14,95.33,23.018333333333334,45.154333333333334,2.7925999999999997
2024-09-24,HWS,화성공장,B,279,8,97.13,23.420071684587814,44.42867383512545,2.8139426523297493
2024-09-24,HWS,화성공장,C,35,5,85.71,22.12857142857143,41.777142857142856,2.862857142857143
2024-09-24,ULN,울산공장,A,829,34,95.9,22.852593486127866,45.27599517490953,2.7919420989143546
2024-09-24,ULN,울산공장,B,825,27,96.73,23.059636363636365,45.00060606060606,2.825539393939394
2024-09-24,ULN,울산공장,C,96,9,90.62,23.496875,45.6875,2.771770833333333
2024-09-25,ASN,아산공장,A,467,19,95.93,22.672591006423982,44.98415417558886,2.8214989293361885
2024-09-25,ASN,아산공장,B,470,17,96.38,23.205957446808508,44.911914893617016,2.7707659574468084
2024-09-25,ASN,아산공장,C,75,4,94.67,23.270666666666667,47.16266666666667,2.7665333333333333
2024-09-25,GWJ,광주공장,A,274,11,95.99,23.353284671532847,45.39854014598541,2.811934306569343
2024-09-25,GWJ,광주공장,B,292,10,96.58,23.167123287671235,45.41609589041096,2.8176712328767124
2024-09-25,GWJ,광주공장,C,43,2,95.35,23.190697674418605,45.116279069767444,2.79953488372093
2024-09-25,HWS,화성공장,A,274,18,93.43,22.920437956204378,45.596715328467155,2.7629197080291967
2024-09-25,HWS,화성공장,B,274,12,95.62,22.88832116788321,45.153649635036494,2.806459854014599
2024-09-25,HWS,화성공장,C,32,3,90.62,22.95,43.78125,2.830625
2024-09-25,ULN,울산공장,A,842,33,96.08,23.075890736342046,44.6770783847981,2.8064726840855108
2024-09-25,ULN,울산공장,B,846,32,96.22,22.867966903073285,45.08427895981088,2.8090189125295506
2024-09-25,ULN,울산공장,C,120,7,94.17,22.84333333333333,45.05166666666666,2.807666666666667
2024-09-26,ASN,아산공장,A,464,17,96.34,23.12133620689655,44.77543103448276,2.790280172413793
2024-09-26,ASN,아산공장,B,451,15,96.67,23.070953436807095,44.973835920177386,2.7999556541019954
2024-09-26,ASN,아산공장,C,55,2,96.36,22.787272727272725,42.99272727272727,2.7865454545454544
2024-09-26,GWJ,광주공장,A,274,12,95.62,22.58065693430657,44.87992700729927,2.7804744525547447
2024-09-26,GWJ,광주공장,B,267,9,96.63,23.020973782771538,44.944569288389516,2.810749063670412
2024-09-26,GWJ,광주공장,C,42,1,97.62,22.214285714285715,43.95952380952381,2.7635714285714283
2024-09-26,HWS,화성공장,A,277,16,94.22,23.076895306859207,44.4884476534296,2.811913357400722
2024-09-26,HWS,화성공장,B,272,12,95.59,23.045588235294115,45.71066176470588,2.76125
2024-09-26,HWS,화성공장,C,33,1,96.97,22.418181818181818,46.5030303030303,2.8078787878787876
2024-09-26,ULN,울산공장,A,845,49,94.2,22.91621301775148,45.03514792899408,2.782461538461538
2024-09-26,ULN,울산공장,B,816,37,95.47,22.974877450980394,45.3952205882353,2.8266789215686274
2024-09-26,ULN,울산공장,C,100,5,95.0,22.973000000000003,46.544,2.8108999999999997
2024-09-27,ASN,아산공장,A,426,22,94.84,23.14507042253521,44.98568075117371,2.792676056338028
2024-09-27,ASN,아산공장,B,478,15,96.86,22.969456066945607,44.33493723849372,2.7897698744769874
2024-09-27,ASN,아산공장,C,61,6,90.16,22.818032786885247,44.93606557377049,2.7698360655737706
2024-09-27,GWJ,광주공장,A,277,16,94.22,22.91696750902527,44.87075812274369,2.7921299638989168
2024-09-27,GWJ,광주공장,B,285,7,97.54,23.004912280701753,45.56280701754386,2.791333333333333
2024-09-27,GWJ,광주공장,C,29,1,96.55,23.055172413793105,44.47931034482759,2.8058620689655176
2024-09-27,HWS,화성공장,A,280,10,96.43,23.055714285714288,45.089285714285715,2.7943214285714286
2024-09-27,HWS,화성공장,B,314,13,95.86,22.905414012738856,45.40541401273885,2.7937261146496817
2024-09-27,HWS,화성공장,C,39,1,97.44,22.915384615384617,45.274358974358975,2.7730769230769234
2024-09-27,ULN,울산공장,A,889,35,96.06,22.961192350956132,45.1910011248594,2.8023059617547807
2024-09-27,ULN,울산공장,B,875,33,96.23,23.025142857142857,44.896228571428566,2.804845714285714
2024-09-27,ULN,울산공장,C,102,10,90.2,22.545098039215684,44.80294117647058,2.806078431372549
2024-09-28,ASN,아산공장,A,462,23,95.02,23.0017316017316,44.8573593073593,2.795865800865801
2024-09-28,ASN,아산공장,B,477,15,96.86,22.973375262054507,45.081970649895176,2.7853459119496855
2024-09-28,ASN,아산공장,C,45,3,93.33,22.09777777777778,44.00666666666667,2.7866666666666666
2024-09-28,GWJ,광주공장,A,286,8,97.2,23.208391608391608,44.429370629370624,2.8104545454545455
2024-09-28,GWJ,광주공장,B,261,6,97.7,23.077011494252876,45.67969348659004,2.7833333333333337
2024-09-28,GWJ,광주공장,C,30,3,90.0,23.14333333333333,44.69666666666667,2.731666666666667
2024-09-28,HWS,화성공장,A,314,8,97.45,23.104140127388533,45.6156050955414,2.7950636942675158
2024-09-28,HWS,화성공장,B,259,9,96.53,23.027027027027028,44.62355212355212,2.802934362934363
2024-09-28,HWS,화성공장,C,32,3,90.62,23.16875,46.20625,2.8428125
2024-09-28,ULN,울산공장,A,811,28,96.55,23.059926017262637,45.4,2.8024784217016028
2024-09-28,ULN,울산공장,B,835,22,97.37,23.097365269461076,45.36323353293414,2.7928982035928147
2024-09-28,ULN,울산공장,C,118,2,98.31,23.10169491525424,44.82203389830509,2.8022033898305088
2024-09-29,ASN,아산공장,A,485,15,96.91,23.150721649484538,45.261649484536086,2.781463917525773
2024-09-29,ASN,아산공장,B,489,17,96.52,22.90654396728016,45.23946830265849,2.7985071574642126
2024-09-29,ASN,아산공장,C,64,7,89.06,23.021875,45.290625,2.82625
2024-09-29,GWJ,광주공장,A,280,16,94.29,23.190357142857142,44.074285714285715,2.8361785714285714
2024-09-29,GWJ,광주공장,B,284,12,95.77,23.04049295774648,44.803521126760565,2.7817605633802818
2024-09-29,GWJ,광주공장,C,32,1,96.88,23.359375,45.528125,2.7290625
2024-09-29,HWS,화성공장,A,318,11,96.54,22.794025157232703,45.02169811320755,2.8217924528301888
2024-09-29,HWS,화성공장,B,272,7,97.43,22.743382352941175,44.9264705882353,2.8010294117647057
2024-09-29,HWS,화성공장,C,29,1,96.55,22.5,44.3551724137931,2.7586206896551726
2024-09-29,ULN,울산공장,A,867,33,96.19,23.10530565167243,44.961591695501724,2.80838523644752
2024-09-29,ULN,울산공장,B,845,30,96.45,22.722603550295855,44.596804733727815,2.7927692307692307
2024-09-29,ULN,울산공장,C,104,7,93.27,22.88269230769231,43.642307692307696,2.8520192307692307
2024-09-30,ASN,아산공장,A,441,17,96.15,23.08843537414966,44.4374149659864,2.8136507936507935
2024-09-30,ASN,아산공장,B,451,21,95.34,22.997560975609755,44.89223946784923,2.8098447893569847
2024-09-30,ASN,아산공장,C,49,2,95.92,23.66122448979592,44.56938775510204,2.771428571428572
2024-09-30,GWJ,광주공장,A,305,10,96.72,22.79245901639344,45.144590163934424,2.808065573770492
2024-09-30,GWJ,광주공장,B,300,6,98.0,23.150666666666666,45.434000000000005,2.8296333333333332
2024-09-30,GWJ,광주공장,C,33,2,93.94,22.509090909090908,45.372727272727275,2.7724242424242425
2024-09-30,HWS,화성공장,A,287,10,96.52,22.95296167247387,44.63205574912892,2.826933797909408
2024-09-30,HWS,화성공장,B,275,7,97.45,23.3,44.962545454545456,2.7816
2024-09-30,HWS,화성공장,C,32,2,93.75,22.40625,43.70625,2.703125
2024-09-30,ULN,울산공장,A,854,28,96.72,23.05093676814988,44.97669789227166,2.8109367681498827
2024-09-30,ULN,울산공장,B,848,42,95.05,22.84563679245283,45.26922169811321,2.803290094339623
2024-09-30,ULN,울산공장,C,116,9,92.24,23.00344827586207,44.91379310344828,2.8052586206896555
2024-10-01,ASN,아산공장,A,483,16,96.69,22.96625258799172,44.807867494824016,2.800600414078675
2024-10-01,ASN,아산공장,B,471,19,95.97,23.404458598726116,44.311677282377914,2.7851380042462845
2024-10-01,ASN,아산공장,C,59,3,94.92,23.61186440677966,46.13389830508475,2.767457627118644
2024-10-01,GWJ,광주공장,A,274,10,96.35,23.002189781021897,44.721532846715334,2.810474452554745
2024-10-01,GWJ,광주공장,B,271,12,95.57,23.118819188191882,45.511439114391145,2.797121771217712
2024-10-01,GWJ,광주공장,C,29,3,89.66,23.358620689655172,46.51379310344828,2.74448275862069
2024-10-01,HWS,화성공장,A,275,8,97.09,22.804727272727273,44.168,2.814
2024-10-01,HWS,화성공장,B,279,11,96.06,22.75412186379928,44.893189964157706,2.7849820788530466
2024-10-01,HWS,화성공장,C,35,4,88.57,23.68285714285714,46.67142857142857,2.7565714285714287
2024-10-01,ULN,울산공장,A,905,42,95.36,22.761436464088398,44.83303867403315,2.8091160220994476
2024-10-01,ULN,울산공장,B,832,29,96.51,22.905408653846152,44.81310096153846,2.79609375
2024-10-01,ULN,울산공장,C,109,6,94.5,23.25321100917431,44.773394495412845,2.7859633027522936
2024-10-02,ASN,아산공장,A,436,12,97.25,23.06651376146789,45.75504587155964,2.8141284403669724
2024-10-02,ASN,아산공장,B,485,12,97.53,23.083505154639177,45.0,2.771298969072165
2024-10-02,ASN,아산공장,C,51,4,92.16,22.280392156862746,44.931372549019606,2.841372549019608
2024-10-02,GWJ,광주공장,A,267,8,97.0,23.028464419475657,45.97303370786516,2.7794756554307116
2024-10-02,GWJ,광주공장,B,297,6,97.98,23.102693602693602,45.240067340067334,2.7960942760942764
2024-10-02,GWJ,광주공장,C,46,3,93.48,23.07608695652174,47.58043478260869,2.8030434782608693
2024-10-02,HWS,화성공장,A,295,8,97.29,22.86983050847458,45.28305084745763,2.7960677966101697
2024-10-02,HWS,화성공장,B,244,15,93.85,23.302868852459014,45.877049180327866,2.746393442622951
2024-10-02,HWS,화성공장,C,39,2,94.87,22.328205128205127,46.90256410256411,2.775897435897436
2024-10-02,ULN,울산공장,A,878,44,94.99,23.126765375854212,44.87186788154897,2.797243735763098
2024-10-02,ULN,울산공장,B,828,35,95.77,23.083574879227054,45.19661835748793,2.794263285024155
2024-10-02,ULN,울산공장,C,107,10,90.65,22.8392523364486,44.981308411214954,2.787102803738318
2024-10-03,ASN,아산공장,A,485,12,97.53,22.95484536082474,45.090927835051545,2.794123711340206
2024-10-03,ASN,아산공장,B,505,24,95.25,23.02138613861386,44.875841584158415,2.826990099009901
2024-10-03,ASN,아산공장,C,59,3,94.92,23.45762711864407,43.905084745762714,2.832542372881356
2024-10-03,GWJ,광주공장,A,268,15,94.4,23.07313432835821,45.10820895522388,2.7980223880597017
2024-10-03,GWJ,광주공장,B,288,6,97.92,22.969097222222224,44.375,2.8094791666666667
2024-10-03,GWJ,광주공장,C,40,2,95.0,22.64,45.13,2.835
2024-10-03,HWS,화성공장,A,266,10,96.24,22.983834586466166,45.56390977443609,2.7933458646616542
2024-10-03,HWS,화성공장,B,281,9,96.8,22.644839857651245,45.17651245551602,2.7888967971530247
2024-10-03,HWS,화성공장,C,31,2,93.55,23.41290322580645,47.73870967741936,2.834516129032258
2024-10-03,ULN,울산공장,A,871,32,96.33,22.946957520091846,44.705855338691165,2.802617680826636
2024-10-03,ULN,울산공장,B,838,32,96.18,23.058233890214797,45.20799522673031,2.8115990453460618
2024-10-03,ULN,울산공장,C,111,4,96.4,23.08288288288288,44.66846846846847,2.7905405405405403
2024-10-04,ASN,아산공장,A,481,18,96.26,22.885239085239085,44.58877338877339,2.8187110187110185
2024-10-04,ASN,아산공장,B,462,13,97.19,22.826623376623377,44.93073593073593,2.805995670995671
2024-10-04,ASN,아산공장,C,57,8,85.96,23.03157894736842,45.12982456140351,2.7598245614035086
2024-10-04,GWJ,광주공장,A,258,9,96.51,23.554651162790698,45.5437984496124,2.803023255813953
2024-10-04,GWJ,광주공장,B,256,3,98.83,22.848046875,46.123046875,2.7862890625
2024-10-04,GWJ,광주공장,C,34,2,94.12,22.61470588235294,44.59705882352941,2.881470588235294
2024-10-04,HWS,화성공장,A,274,10,96.35,22.7963503649635,45.402919708029195,2.8135401459854013
2024-10-04,HWS,화성공장,B,249,13,94.78,23.000803212851405,44.6578313253012,2.760401606425703
2024-10-04,HWS,화성공장,C,37,3,91.89,23.583783783783783,43.77297297297297,2.825405405405405
2024-10-04,ULN,울산공장,A,895,48,94.64,22.96927374301676,45.262346368715086,2.7909832402234636
2024-10-04,ULN,울산공장,B,842,31,96.32,23.098218527315915,44.87862232779098,2.7995724465558194
2024-10-04,ULN,울산공장,C,124,6,95.16,22.845967741935485,46.501612903225805,2.7824193548387095
2024-10-05,ASN,아산공장,A,484,20,95.87,22.80702479338843,44.630578512396696,2.8015909090909092
2024-10-05,ASN,아산공장,B,486,16,96.71,22.954526748971194,44.95699588477366,2.8057201646090535
2024-10-05,ASN,아산공장,C,63,1,98.41,23.15714285714286,44.701587301587296,2.852222222222222
2024-10-05,GWJ,광주공장,A,280,7,97.5,22.890357142857145,45.14964285714286,2.8115714285714284
2024-10-05,GWJ,광주공장,B,276,10,96.38,22.74963768115942,45.56666666666666,2.8032608695652175
2024-10-05,GWJ,광주공장,C,14,3,78.57,23.885714285714283,49.25,2.732142857142857
2024-10-05,HWS,화성공장,A,299,10,96.66,23.108695652173914,46.07090301003345,2.7934113712374584
2024-10-05,HWS,화성공장,B,278,11,96.04,22.903237410071945,44.91510791366906,2.8067625899280575
2024-10-05,HWS,화성공장,C,23,3,86.96,22.882608695652173,43.391304347826086,2.8339130434782605
2024-10-05,ULN,울산공장,A,831,37,95.55,23.059085439229843,45.517448856799035,2.794645006016847
2024-10-05,ULN,울산공장,B,838,35,95.82,22.980668257756562,45.1200477326969,2.7878639618138426
2024-10-05,ULN,울산공장,C,120,6,95.0,23.305,44.204166666666666,2.8026666666666666
2024-10-06,ASN,아산공장,A,491,30,93.89,23.088798370672098,44.96150712830957,2.8026883910386964
2024-10-06,ASN,아산공장,B,462,18,96.1,22.994805194805195,43.90714285714285,2.787857142857143
2024-10-06,ASN,아산공장,C,58,2,96.55,22.663793103448278,44.275862068965516,2.8312068965517243
2024-10-06,GWJ,광주공장,A,274,12,95.62,23.411678832116788,44.60036496350365,2.850839416058394
2024-10-06,GWJ,광주공장,B,272,7,97.43,23.05735294117647,45.7139705882353,2.775183823529412
2024-10-06,GWJ,광주공장,C,41,1,97.56,23.83170731707317,47.00731707317073,2.768780487804878
2024-10-06,HWS,화성공장,A,259,11,95.75,22.924324324324324,44.464864864864865,2.7990733590733594
2024-10-06,HWS,화성공장,B,309,11,96.44,23.068284789644014,44.9537216828479,2.795663430420712
2024-10-06,HWS,화성공장,C,24,2,91.67,23.075,45.762499999999996,2.7558333333333334
2024-10-06,ULN,울산공장,A,829,39,95.3,22.901326899879372,45.065259348612784,2.7871652593486127
2024-10-06,ULN,울산공장,B,831,16,98.07,22.815282791817086,44.35740072202166,2.7972924187725634
2024-10-06,ULN,울산공장,C,107,7,93.46,23.19252336448598,44.7803738317757,2.7761682242990657
2024-10-07,ASN,아산공장,A,426,14,96.71,23.034507042253523,44.6169014084507,2.7954694835680747
2024-10-07,ASN,아산공장,B,441,23,94.78,22.825396825396826,45.23151927437642,2.7824943310657595
2024-10-07,ASN,아산공장,C,58,6,89.66,22.42758620689655,44.6448275862069,2.708793103448276
2024-10-07,GWJ,광주공장,A,303,11,96.37,23.14026402640264,45.954785478547855,2.7862376237623763
2024-10-07,GWJ,광주공장,B,268,8,97.01,22.97462686567164,44.89291044776119,2.796044776119403
2024-10-07,GWJ,광주공장,C,43,2,95.35,22.425581395348836,47.34186046511628,2.853720930232558
2024-10-07,HWS,화성공장,A,285,16,94.39,22.94877192982456,44.49508771929825,2.8080701754385964
2024-10-07,HWS,화성공장,B,278,17,93.88,23.056474820143883,45.92553956834532,2.802158273381295
2024-10-07,HWS,화성공장,C,37,0,100.0,23.048648648648648,44.935135135135134,2.8556756756756756
2024-10-07,ULN,울산공장,A,849,45,94.7,22.984334511189637,44.98127208480565,2.780188457008245
2024-10-07,ULN,울산공장,B,863,27,96.87,23.025955967555042,44.371726535341836,2.804020857473928
2024-10-07,ULN,울산공장,C,104,7,93.27,22.665384615384614,44.64903846153846,2.7796153846153846
2024-10-08,ASN,아산공장,A,461,15,96.75,22.922125813449025,44.62776572668113,2.8055531453362255
2024-10-08,ASN,아산공장,B,449,18,95.99,22.887973273942094,44.91224944320712,2.8205790645879736
2024-10-08,ASN,아산공장,C,58,4,93.1,23.18103448275862,45.61551724137931,2.8651724137931036
2024-10-08,GWJ,광주공장,A,266,9,96.62,22.851879699248123,44.55375939849624,2.7915789473684214
2024-10-08,GWJ,광주공장,B,318,13,95.91,22.88301886792453,45.42798742138365,2.770817610062893
2024-10-08,GWJ,광주공장,C,34,4,88.24,22.076470588235296,43.4,2.7282352941176473
2024-10-08,HWS,화성공장,A,294,8,97.28,22.77891156462585,44.817687074829934,2.7765306122448976
2024-10-08,HWS,화성공장,B,283,9,96.82,22.968197879858657,45.216607773851585,2.7919787985865723
2024-10-08,HWS,화성공장,C,37,1,97.3,23.145945945945947,44.52972972972973,2.8083783783783782
2024-10-08,ULN,울산공장,A,898,30,96.66,22.948663697104678,44.25890868596882,2.8043875278396437
2024-10-08,ULN,울산공장,B,852,38,95.54,23.09577464788732,44.90598591549296,2.8061854460093896
2024-10-08,ULN,울산공장,C,113,10,91.15,22.56371681415929,44.21150442477876,2.8261946902654866
2024-10-09,ASN,아산공장,A,466,23,95.06,22.99570815450644,44.57618025751073,2.7949356223175967
2024-10-09,ASN,아산공장,B,456,12,97.37,22.892763157894738,45.36447368421053,2.8067324561403506
2024-10-09,ASN,아산공장,C,57,3,94.74,22.528070175438597,43.32105263157895,2.7929824561403507
2024-10-09,GWJ,광주공장,A,287,11,96.17,22.761324041811847,45.42891986062718,2.7753310104529616
2024-10-09,GWJ,광주공장,B,266,11,95.86,23.066165413533835,45.9812030075188,2.8175187969924815
2024-10-09,GWJ,광주공장,C,32,2,93.75,22.425,45.1625,2.888125
2024-10-09,HWS,화성공장,A,278,12,95.68,22.77410071942446,44.54136690647482,2.795863309352518
2024-10-09,HWS,화성공장,B,289,15,94.81,23.380276816608994,44.759515570934255,2.82757785467128
2024-10-09,HWS,화성공장,C,47,0,100.0,23.438297872340424,45.44893617021276,2.83063829787234
2024-10-09,ULN,울산공장,A,832,29,96.51,22.922115384615385,45.01514423076923,2.800733173076923
2024-10-09,ULN,울산공장,B,819,27,96.7,22.998901098901097,44.36483516483517,2.7992063492063495
2024-10-09,ULN,울산공장,C,94,6,93.62,22.868085106382978,44.68617021276596,2.852340425531915
2024-10-10,ASN,아산공장,A,473,17,96.41,22.82706131078224,44.802114164904864,2.819661733615222
2024-10-10,ASN,아산공장,B,489,23,95.3,23.031697341513294,44.92044989775051,2.7966666666666664
2024-10-10,ASN,아산공장,C,58,5,91.38,23.179310344827588,44.029310344827586,2.8167241379310344
2024-10-10,GWJ,광주공장,A,262,11,95.8,23.137786259541986,44.946183206106866,2.7932824427480916
2024-10-10,GWJ,광주공장,B,288,13,95.49,23.02013888888889,44.82951388888889,2.8136805555555555
2024-10-10,GWJ,광주공장,C,30,1,96.67,23.073333333333334,47.39333333333333,2.829333333333333
2024-10-10,HWS,화성공장,A,274,13,95.26,23.074452554744525,45.39817518248175,2.7999635036496353
2024-10-10,HWS,화성공장,B,280,13,95.36,22.810000000000002,44.855,2.7926428571428574
2024-10-10,HWS,화성공장,C,26,4,84.62,23.03076923076923,46.54230769230769,2.7553846153846155
2024-10-10,ULN,울산공장,A,820,36,95.61,22.990853658536587,44.715121951219515,2.787695121951219
2024-10-10,ULN,울산공장,B,858,35,95.92,22.95291375291375,44.90384615384615,2.7934149184149186
2024-10-10,ULN,울산공장,C,99,6,93.94,23.098989898989903,46.385858585858585,2.850808080808081
2024-10-11,ASN,아산공장,A,450,17,96.22,22.7,45.260666666666665,2.8284
2024-10-11,ASN,아산공장,B,437,19,95.65,23.137986270022882,44.35377574370709,2.80187643020595
2024-10-11,ASN,아산공장,C,48,5,89.58,22.829166666666666,44.375,2.800625
2024-10-11,GWJ,광주공장,A,258,11,95.74,23.200000000000003,45.96627906976744,2.803217054263566
2024-10-11,GWJ,광주공장,B,261,8,96.93,22.624137931034483,44.4639846743295,2.7791954022988508
2024-10-11,GWJ,광주공장,C,44,3,93.18,23.502272727272725,46.95,2.806590909090909
2024-10-11,HWS,화성공장,A,291,10,96.56,22.617182130584194,44.85704467353952,2.7875257731958762
2024-10-11,HWS,화성공장,B,268,8,97.01,22.80634328358209,45.51380597014926,2.7925746268656715
2024-10-11,HWS,화성공장,C,35,3,91.43,22.36,45.76285714285714,2.755714285714286
2024-10-11,ULN,울산공장,A,800,30,96.25,22.99,44.647375000000004,2.8183749999999996
2024-10-11,ULN,울산공장,B,823,41,95.02,23.098906439854193,44.71628189550425,2.7985297691373026
2024-10-11,ULN,울산공장,C,94,6,93.62,22.742553191489364,45.015957446808514,2.8347872340425533
2024-10-12,ASN,아산공장,A,487,33,93.22,23.080903490759752,45.15318275154004,2.7962628336755646
2024-10-12,ASN,아산공장,B,466,21,95.49,23.11244635193133,45.67532188841202,2.7986266094420604
2024-10-12,ASN,아산공장,C,71,7,90.14,22.83943661971831,46.16197183098591,2.7994366197183096
2024-10-12,GWJ,광주공장,A,264,6,97.73,22.94280303030303,45.22992424242425,2.787878787878788
2024-10-12,GWJ,광주공장,B,288,12,95.83,22.95034722222222,44.84375,2.792361111111111
2024-10-12,GWJ,광주공장,C,25,4,84.0,23.648000000000003,44.592,2.7607999999999997
2024-10-12,HWS,화성공장,A,268,9,96.64,23.097014925373134,45.01417910447761,2.819440298507463
2024-10-12,HWS,화성공장,B,281,11,96.09,23.25373665480427,45.43594306049822,2.8229893238434163
2024-10-12,HWS,화성공장,C,39,1,97.44,22.53076923076923,45.705128205128204,2.7505128205128204
2024-10-12,ULN,울산공장,A,796,37,95.35,22.876758793969852,45.21482412060301,2.786859296482412
2024-10-12,ULN,울산공장,B,852,48,94.37,23.10281690140845,44.83110328638497,2.812969483568075
2024-10-12,ULN,울산공장,C,100,11,89.0,22.551,45.144,2.8704
2024-10-13,ASN,아산공장,A,457,25,94.53,22.99846827133479,45.020350109409186,2.7973085339168486
2024-10-13,ASN,아산공장,B,511,21,95.89,22.76164383561644,44.62622309197652,2.8053424657534247
2024-10-13,ASN,아산공장,C,73,6,91.78,23.024657534246575,43.57123287671233,2.8426027397260274
2024-10-13,GWJ,광주공장,A,309,10,96.76,22.993527508090615,45.58640776699029,2.802621359223301
2024-10-13,GWJ,광주공장,B,267,8,97.0,23.2438202247191,45.04719101123596,2.7765168539325846
2024-10-13,GWJ,광주공장,C,33,5,84.85,23.003030303030304,45.1,2.798787878787879
2024-10-13,HWS,화성공장,A,307,9,97.07,23.044951140065148,44.79478827361564,2.830456026058632
2024-10-13,HWS,화성공장,B,258,7,97.29,22.85387596899225,44.763953488372096,2.8112790697674415
2024-10-13,HWS,화성공장,C,29,2,93.1,23.475862068965515,46.251724137931035,2.826896551724138
2024-10-13,ULN,울산공장,A,902,38,95.79,23.06807095343681,45.40011086474501,2.801884700665189
2024-10-13,ULN,울산공장,B,812,25,96.92,23.048645320197043,44.87684729064039,2.8155541871921184
2024-10-13,ULN,울산공장,C,101,6,94.06,22.75544554455446,44.582178217821784,2.8250495049504947
2024-10-14,ASN,아산공장,A,477,12,97.48,23.251362683438153,45.1203354297694,2.7872955974842766
2024-10-14,ASN,아산공장,B,470,20,95.74,23.060212765957445,44.88723404255319,2.8006170212765955
2024-10-14,ASN,아산공장,C,61,2,96.72,22.591803278688523,46.01147540983606,2.8177049180327867
2024-10-14,GWJ,광주공장,A,267,12,95.51,22.900374531835205,44.353183520599245,2.797116104868914
2024-10-14,GWJ,광주공장,B,275,5,98.18,23.009090909090908,44.04436363636364,2.814509090909091
2024-10-14,GWJ,광주공장,C,35,1,97.14,22.705714285714286,47.07142857142857,2.811142857142857
2024-10-14,HWS,화성공장,A,292,16,94.52,23.19041095890411,44.580479452054796,2.7896917808219177
2024-10-14,HWS,화성공장,B,260,11,95.77,22.947307692307692,44.32769230769231,2.8028461538461538
2024-10-14,HWS,화성공장,C,29,1,96.55,23.179310344827588,44.60344827586207,2.7575862068965518
2024-10-14,ULN,울산공장,A,823,49,94.05,22.866342648845688,45.091737545565,2.8083110571081407
2024-10-14,ULN,울산공장,B,837,34,95.94,22.947909199522105,45.136678614097974,2.804551971326165
2024-10-14,ULN,울산공장,C,112,8,92.86,22.89107142857143,43.90803571428571,2.794107142857143
2024-10-15,ASN,아산공장,A,468,25,94.66,22.874786324786324,45.74636752136752,2.792713675213675
2024-10-15,ASN,아산공장,B,438,20,95.43,23.03538812785388,45.30525114155251,2.7860730593607306
2024-10-15,ASN,아산공장,C,64,2,96.88,22.9046875,44.925,2.83796875
2024-10-15,GWJ,광주공장,A,273,15,94.51,22.77032967032967,45.49743589743589,2.8156043956043955
2024-10-15,GWJ,광주공장,B,281,6,97.86,23.13274021352313,45.69679715302491,2.816370106761566
2024-10-15,GWJ,광주공장,C,39,1,97.44,22.879487179487178,46.33589743589744,2.831025641025641
2024-10-15,HWS,화성공장,A,315,12,96.19,22.737460317460318,45.18158730158731,2.7838412698412696
2024-10-15,HWS,화성공장,B,258,7,97.29,22.861627906976747,44.674418604651166,2.7992248062015506
2024-10-15,HWS,화성공장,C,27,0,100.0,23.48148148148148,41.851851851851855,2.7588888888888885
2024-10-15,ULN,울산공장,A,831,41,95.07,23.008423586040916,45.11648616125151,2.7814199759326113
2024-10-15,ULN,울산공장,B,870,33,96.21,22.842758620689654,44.65827586206896,2.808310344827586
2024-10-15,ULN,울산공장,C,91,3,96.7,22.910989010989013,46.61428571428571,2.826703296703297
2024-10-16,ASN,아산공장,A,483,21,95.65,23.00910973084886,44.33581780538302,2.7627122153209114
2024-10-16,ASN,아산공장,B,452,23,94.91,23.168805309734513,45.2820796460177,2.7984070796460174
2024-10-16,ASN,아산공장,C,37,0,100.0,22.24864864864865,44.535135135135135,2.764864864864865
2024-10-16,GWJ,광주공장,A,292,11,96.23,23.048972602739727,45.464383561643835,2.7905479452054798
2024-10-16,GWJ,광주공장,B,275,13,95.27,22.866545454545456,45.590545454545456,2.8144727272727272
2024-10-16,GWJ,광주공장,C,35,2,94.29,23.02857142857143,45.99142857142857,2.859714285714286
2024-10-16,HWS,화성공장,A,299,11,96.32,23.213043478260868,45.33812709030101,2.7790969899665554
2024-10-16,HWS,화성공장,B,305,8,97.38,22.95114754098361,45.006557377049184,2.799409836065574
2024-10-16,HWS,화성공장,C,35,0,100.0,22.91142857142857,46.34857142857143,2.767714285714286
2024-10-16,ULN,울산공장,A,869,27,96.89,23.14568469505178,45.43256616800921,2.813084004602992
2024-10-16,ULN,울산공장,B,861,28,96.75,22.975029036004646,44.930313588850176,2.789953542392567
2024-10-16,ULN,울산공장,C,110,8,92.73,23.12636363636364,45.04454545454545,2.760090909090909
2024-10-17,ASN,아산공장,A,458,14,96.94,23.15174672489083,45.049563318777295,2.805633187772926
2024-10-17,ASN,아산공장,B,466,15,96.78,22.89763948497854,44.56866952789699,2.824570815450644
2024-10-17,ASN,아산공장,C,65,4,93.85,22.552307692307693,45.65384615384615,2.7453846153846153
2024-10-17,GWJ,광주공장,A,293,12,95.9,23.046757679180885,44.79317406143345,2.7947440273037545
2024-10-17,GWJ,광주공장,B,309,12,96.12,23.162135922330098,44.89288025889967,2.8267961165048545
2024-10-17,GWJ,광주공장,C,34,3,91.18,23.511764705882353,43.66764705882353,2.851764705882353
2024-10-17,HWS,화성공장,A,289,12,95.85,22.91522491349481,45.1401384083045,2.790657439446367
2024-10-17,HWS,화성공장,B,277,13,95.31,22.78592057761733,44.920938628158844,2.7790974729241875
2024-10-17,HWS,화성공장,C,29,2,93.1,23.782758620689656,44.22758620689655,2.8817241379310348
2024-10-17,ULN,울산공장,A,874,35,96.0,22.94736842105263,44.912471395881006,2.8092562929061784
2024-10-17,ULN,울산공장,B,854,31,96.37,22.953395784543325,44.94051522248243,2.7868618266978924
2024-10-17,ULN,울산공장,C,119,9,92.44,23.18487394957983,46.44705882352941,2.8229411764705885
2024-10-18,ASN,아산공장,A,442,24,94.57,22.8289592760181,45.11538461538461,2.8008144796380092
2024-10-18,ASN,아산공장,B,498,22,95.58,23.128714859437753,45.6921686746988,2.786606425702811
2024-10-18,ASN,아산공장,C,72,3,95.83,23.218055555555555,45.787499999999994,2.810416666666667
2024-10-18,GWJ,광주공장,A,282,9,96.81,22.96808510638298,46.09326241134752,2.770390070921986
2024-10-18,GWJ,광주공장,B,266,10,96.24,23.27481203007519,44.142105263157895,2.8284586466165416
2024-10-18,GWJ,광주공장,C,41,2,95.12,23.348780487804877,45.329268292682926,2.8692682926829267
2024-10-18,HWS,화성공장,A,300,9,97.0,22.727,43.643,2.8116333333333334
2024-10-18,HWS,화성공장,B,288,11,96.18,22.965625000000003,45.68541666666667,2.825625
2024-10-18,HWS,화성공장,C,30,1,96.67,22.386666666666667,43.49666666666667,2.857666666666667
2024-10-18,ULN,울산공장,A,847,34,95.99,22.88193624557261,45.16458087367178,2.791889020070838
2024-10-18,ULN,울산공장,B,844,31,96.33,22.985189573459717,44.85189573459716,2.783483412322275
2024-10-18,ULN,울산공장,C,103,10,90.29,22.966019417475728,44.75922330097087,2.8023300970873786
2024-10-19,ASN,아산공장,A,449,27,93.99,23.0728285077951,45.089532293986636,2.7892650334075726
2024-10-19,ASN,아산공장,B,490,22,95.51,23.049795918367344,45.126326530612246,2.7828571428571425
2024-10-19,ASN,아산공장,C,59,4,93.22,22.771186440677965,46.7271186440678,2.7842372881355932
2024-10-19,GWJ,광주공장,A,275,13,95.27,22.886181818181818,44.87236363636364,2.779018181818182
2024-10-19,GWJ,광주공장,B,285,10,96.49,22.918245614035087,44.69894736842105,2.819684210526316
2024-10-19,GWJ,광주공장,C,47,3,93.62,23.02127659574468,45.02340425531915,2.7972340425531916
2024-10-19,HWS,화성공장,A,268,8,97.01,23.127611940298507,44.88134328358209,2.802649253731343
2024-10-19,HWS,화성공장,B,270,17,93.7,22.717407407407407,44.92740740740741,2.797962962962963
2024-10-19,HWS,화성공장,C,38,2,94.74,23.71578947368421,44.23684210526316,2.7910526315789475
2024-10-19,ULN,울산공장,A,818,32,96.09,22.983740831295844,45.33117359413203,2.8204034229828854
2024-10-19,ULN,울산공장,B,803,29,96.39,22.825529265255295,45.02839352428394,2.7994396014943956
2024-10-19,ULN,울산공장,C,97,4,95.88,22.384536082474227,43.5659793814433,2.826701030927835
2024-10-20,ASN,아산공장,A,406,10,97.54,23.138669950738915,45.315517241379304,2.7969704433497538
2024-10-20,ASN,아산공장,B,460,15,96.74,22.719347826086956,44.787608695652175,2.778804347826087
2024-10-20,ASN,아산공장,C,58,3,94.83,22.837931034482757,46.193103448275856,2.8291379310344826
2024-10-20,GWJ,광주공장,A,270,7,97.41,23.19925925925926,45.42296296296296,2.80237037037037
2024-10-20,GWJ,광주공장,B,297,15,94.95,23.415151515151514,45.08922558922559,2.813838383838384
2024-10-20,GWJ,광주공장,C,37,1,97.3,21.675675675675677,44.891891891891895,2.827297297297297
2024-10-20,HWS,화성공장,A,253,8,96.84,22.704347826086956,44.687747035573125,2.781106719367589
2024-10-20,HWS,화성공장,B,273,9,96.7,23.135164835164833,44.796336996337,2.7856043956043957
2024-10-20,HWS,화성공장,C,33,2,93.94,22.13030303030303,42.71515151515151,2.8415151515151513
2024-10-20,ULN,울산공장,A,842,31,96.32,22.997624703087887,44.814608076009506,2.758230403800475
2024-10-20,ULN,울산공장,B,830,25,96.99,22.972409638554215,44.76072289156627,2.8192168674698794
2024-10-20,ULN,울산공장,C,109,5,95.41,23.2651376146789,46.15045871559633,2.7988990825688074
2024-10-21,ASN,아산공장,A,461,19,95.88,23.13600867678959,44.78546637744034,2.797114967462039
2024-10-21,ASN,아산공장,B,465,9,98.06,22.928602150537632,44.58387096774194,2.8110107526881722
2024-10-21,ASN,아산공장,C,47,0,100.0,22.565957446808508,44.40425531914894,2.8042553191489366
2024-10-21,GWJ,광주공장,A,293,8,97.27,22.99146757679181,44.37883959044368,2.8023549488054607
2024-10-21,GWJ,광주공장,B,284,10,96.48,23.13450704225352,45.842253521126764,2.8091549295774647
2024-10-21,GWJ,광주공장,C,39,2,94.87,23.833333333333332,44.56410256410256,2.79
2024-10-21,HWS,화성공장,A,312,16,94.87,23.011538461538464,45.66346153846154,2.818397435897436
2024-10-21,HWS,화성공장,B,257,11,95.72,23.19338521400778,44.02256809338521,2.7811284046692606
2024-10-21,HWS,화성공장,C,45,4,91.11,23.104444444444447,46.72,2.949333333333333
2024-10-21,ULN,울산공장,A,869,32,96.32,23.06432681242808,45.38504027617952,2.795995397008055
2024-10-21,ULN,울산공장,B,838,29,96.54,22.979594272076373,44.851193317422435,2.7894033412887826
2024-10-21,ULN,울산공장,C,106,5,95.28,23.66509433962264,44.64528301886792,2.8202830188679244
2024-10-22,ASN,아산공장,A,465,25,94.62,22.927956989247313,44.71827956989247,2.8096129032258066
2024-10-22,ASN,아산공장,B,488,17,96.52,23.08831967213115,45.48381147540983,2.7849385245901637
2024-10-22,ASN,아산공장,C,60,5,91.67,22.933333333333334,44.708333333333336,2.7903333333333333
2024-10-22,GWJ,광주공장,A,271,11,95.94,22.767896678966792,45.07785977859779,2.8000738007380077
2024-10-22,GWJ,광주공장,B,264,12,95.45,22.909848484848485,45.67121212121212,2.7839015151515154
2024-10-22,GWJ,광주공장,C,47,1,97.87,22.585106382978722,44.97659574468085,2.7751063829787235
2024-10-22,HWS,화성공장,A,288,11,96.18,22.837847222222223,44.87083333333333,2.797083333333333
2024-10-22,HWS,화성공장,B,268,15,94.4,23.12686567164179,45.94253731343284,2.804216417910448
2024-10-22,HWS,화성공장,C,29,1,96.55,22.96896551724138,46.23103448275862,2.8444827586206896
2024-10-22,ULN,울산공장,A,797,40,94.98,23.034253450439145,44.91643663739021,2.8171643663739023
2024-10-22,ULN,울산공장,B,821,33,95.98,22.888672350791715,44.87393422655298,2.7793300852618756
2024-10-22,ULN,울산공장,C,115,8,93.04,22.778260869565216,43.837391304347825,2.8428695652173914
2024-10-23,ASN,아산공장,A,473,16,96.62,23.194926004228332,45.18625792811839,2.794122621564482
2024-10-23,ASN,아산공장,B,502,10,98.01,22.97171314741036,45.450597609561754,2.8177091633466134
2024-10-23,ASN,아산공장,C,66,4,93.94,23.150000000000002,46.1530303030303,2.772575757575758
2024-10-23,GWJ,광주공장,A,310,9,97.1,23.009032258064515,45.049354838709675,2.819548387096774
2024-10-23,GWJ,광주공장,B,305,10,96.72,22.6072131147541,44.62229508196721,2.8015409836065577
2024-10-23,GWJ,광주공장,C,34,4,88.24,22.88235294117647,43.61470588235294,2.798529411764706
2024-10-23,HWS,화성공장,A,260,11,95.77,22.98153846153846,44.70884615384615,2.789807692307692
2024-10-23,HWS,화성공장,B,267,7,97.38,23.341573033707864,45.25355805243446,2.791498127340824
2024-10-23,HWS,화성공장,C,40,2,95.0,22.669999999999998,45.105000000000004,2.8185
2024-10-23,ULN,울산공장,A,852,40,95.31,22.95551643192488,45.07265258215963,2.78443661971831
2024-10-23,ULN,울산공장,B,854,33,96.14,23.03793911007026,44.93946135831382,2.7963348946135835
2024-10-23,ULN,울산공장,C,99,10,89.9,22.594949494949496,45.4040404040404,2.834242424242424
2024-10-24,ASN,아산공장,A,474,18,96.2,22.87447257383966,45.27299578059072,2.8064978902953586
2024-10-24,ASN,아산공장,B,485,20,95.88,23.063298969072168,45.27257731958763,2.8150721649484534
2024-10-24,ASN,아산공장,C,59,5,91.53,22.815254237288134,45.24067796610169,2.778135593220339
2024-10-24,GWJ,광주공장,A,286,14,95.1,23.01013986013986,44.44370629370629,2.7930069930069927
2024-10-24,GWJ,광주공장,B,275,9,96.73,22.65381818181818,45.52181818181818,2.782509090909091
2024-10-24,GWJ,광주공장,C,34,2,94.12,22.676470588235293,46.40294117647059,2.9032352941176467
2024-10-24,HWS,화성공장,A,273,13,95.24,23.31941391941392,44.353846153846156,2.8202564102564103
2024-10-24,HWS,화성공장,B,282,9,96.81,23.08723404255319,44.31028368794326,2.774964539007092
2024-10-24,HWS,화성공장,C,40,2,95.0,22.947499999999998,44.4125,2.763
2024-10-24,ULN,울산공장,A,832,35,95.79,23.034495192307695,45.35264423076923,2.8172115384615384
2024-10-24,ULN,울산공장,B,842,30,96.44,23.000950118764845,44.813420427553446,2.8034798099762472
2024-10-24,ULN,울산공장,C,93,5,94.62,23.479569892473116,43.70322580645161,2.80752688172043
2024-10-25,ASN,아산공장,A,511,22,95.69,23.20195694716243,45.016438356164386,2.7863013698630135
2024-10-25,ASN,아산공장,B,490,22,95.51,23.026326530612245,45.25183673469388,2.8114489795918365
2024-10-25,ASN,아산공장,C,60,3,95.0,23.40666666666667,43.361666666666665,2.8036666666666665
2024-10-25,GWJ,광주공장,A,282,13,95.39,23.26950354609929,44.672340425531914,2.7895035460992905
2024-10-25,GWJ,광주공장,B,299,10,96.66,23.0314381270903,44.38193979933111,2.7869899665551836
2024-10-25,GWJ,광주공장,C,31,0,100.0,22.883870967741935,44.49032258064516,2.8761290322580644
2024-10-25,HWS,화성공장,A,289,13,95.5,22.688581314878892,44.96712802768166,2.814809688581315
2024-10-25,HWS,화성공장,B,250,10,96.0,22.833599999999997,44.936,2.8047199999999997
2024-10-25,HWS,화성공장,C,28,6,78.57,22.75,45.542857142857144,2.8035714285714284
2024-10-25,ULN,울산공장,A,831,42,94.95,22.847533092659447,45.27581227436823,2.7971600481347774
2024-10-25,ULN,울산공장,B,816,21,97.43,22.855514705882353,44.93026960784314,2.800735294117647
2024-10-25,ULN,울산공장,C,105,7,93.33,23.749523809523808,44.653333333333336,2.8368571428571427
2024-10-26,ASN,아산공장,A,456,20,95.61,23.17543859649123,45.06513157894737,2.7808552631578944
2024-10-26,ASN,아산공장,B,454,24,94.71,22.98237885462555,44.92004405286344,2.7916740088105727
2024-10-26,ASN,아산공장,C,59,6,89.83,23.396610169491527,45.5135593220339,2.8150847457627117
2024-10-26,GWJ,광주공장,A,286,8,97.2,23.288111888111885,45.78426573426573,2.7945454545454544
2024-10-26,GWJ,광주공장,B,268,7,97.39,23.21492537313433,44.44962686567164,2.7667910447761193
2024-10-26,GWJ,광주공장,C,33,1,96.97,23.74848484848485,45.375757575757575,2.7775757575757574
2024-10-26,HWS,화성공장,A,263,9,96.58,22.808745247148288,45.50912547528517,2.816577946768061
2024-10-26,HWS,화성공장,B,299,6,97.99,23.040802675585283,45.27591973244147,2.7945819397993312
2024-10-26,HWS,화성공장,C,34,1,97.06,23.099999999999998,44.96764705882353,2.8744117647058824
2024-10-26,ULN,울산공장,A,864,28,96.76,23.17291666666667,45.050925925925924,2.789837962962963
2024-10-26,ULN,울산공장,B,784,31,96.05,23.074617346938776,44.98239795918367,2.7901658163265304
2024-10-26,ULN,울산공장,C,107,8,92.52,23.030841121495328,44.81682242990654,2.7945794392523364
2024-10-27,ASN,아산공장,A,456,14,96.93,23.00109649122807,44.987938596491226,2.7851973684210525
2024-10-27,ASN,아산공장,B,476,17,96.43,22.9468487394958,44.76155462184874,2.785399159663865
2024-10-27,ASN,아산공장,C,63,4,93.65,23.09206349206349,46.098412698412695,2.7369841269841273
2024-10-27,GWJ,광주공장,A,265,11,95.85,22.792075471698112,44.68528301886793,2.785433962264151
2024-10-27,GWJ,광주공장,B,283,9,96.82,22.757243816254416,45.58162544169611,2.7889045936395758
2024-10-27,GWJ,광주공장,C,32,3,90.62,23.159375,43.26875,2.8640625
2024-10-27,HWS,화성공장,A,274,17,93.8,23.4007299270073,44.17043795620438,2.7902919708029197
2024-10-27,HWS,화성공장,B,253,7,97.23,23.114229249011856,44.705533596837945,2.8181818181818183
2024-10-27,HWS,화성공장,C,34,0,100.0,23.314705882352943,45.391176470588235,2.823823529411765
2024-10-27,ULN,울산공장,A,874,38,95.65,22.898054919908468,45.52299771167048,2.7928718535469104
2024-10-27,ULN,울산공장,B,838,30,96.42,23.023747016706444,44.739856801909305,2.810298329355609
2024-10-27,ULN,울산공장,C,106,8,92.45,22.431132075471698,45.27264150943396,2.8407547169811322
2024-10-28,ASN,아산공장,A,466,22,95.28,22.97725321888412,44.92467811158799,2.78568669527897
2024-10-28,ASN,아산공장,B,474,16,96.62,23.339662447257385,44.98143459915612,2.8163713080168775
2024-10-28,ASN,아산공장,C,65,1,98.46,22.986153846153844,45.667692307692306,2.731692307692308
2024-10-28,GWJ,광주공장,A,272,14,94.85,23.30735294117647,45.70220588235294,2.7825
2024-10-28,GWJ,광주공장,B,300,11,96.33,22.698999999999998,45.97266666666666,2.8368333333333333
2024-10-28,GWJ,광주공장,C,40,0,100.0,22.567500000000003,45.832499999999996,2.7315
2024-10-28,HWS,화성공장,A,283,13,95.41,22.82049469964664,44.42791519434629,2.813321554770318
2024-10-28,HWS,화성공장,B,306,9,97.06,23.316013071895423,45.07483660130719,2.8486601307189545
2024-10-28,HWS,화성공장,C,26,4,84.62,23.01923076923077,46.11923076923077,2.897307692307692
2024-10-28,ULN,울산공장,A,821,42,94.88,23.021437271619973,45.386723507917175,2.7879537149817293
2024-10-28,ULN,울산공장,B,848,35,95.87,22.961556603773587,45.25719339622641,2.7847287735849053
2024-10-28,ULN,울산공장,C,103,5,95.15,23.482524271844657,45.536893203883494,2.84
2024-10-29,ASN,아산공장,A,472,25,94.7,23.182838983050846,45.13347457627118,2.7829025423728813
2024-10-29,ASN,아산공장,B,498,16,96.79,22.735943775100402,45.50783132530121,2.800020080321285
2024-10-29,ASN,아산공장,C,56,3,94.64,22.964285714285715,45.644642857142856,2.8625000000000003
2024-10-29,GWJ,광주공장,A,290,10,96.55,23.163103448275862,44.570344827586204,2.8024482758620692
2024-10-29,GWJ,광주공장,B,288,6,97.92,23.134375,45.219097222222224,2.771909722222222
2024-10-29,GWJ,광주공장,C,32,1,96.88,23.50625,45.309375,2.8625
2024-10-29,HWS,화성공장,A,303,11,96.37,22.84950495049505,44.903300330033005,2.792904290429043
2024-10-29,HWS,화성공장,B,293,6,97.95,22.981911262798633,45.58941979522184,2.8082593856655294
2024-10-29,HWS,화성공장,C,25,0,100.0,22.78,43.843999999999994,2.7512
2024-10-29,ULN,울산공장,A,849,43,94.94,23.01766784452297,45.41743227326266,2.8081625441696114
2024-10-29,ULN,울산공장,B,826,36,95.64,22.902905569007263,45.14709443099274,2.8041162227602903
2024-10-29,ULN,울산공장,C,115,7,93.91,23.25130434782609,44.708695652173915,2.773391304347826
2024-10-30,ASN,아산공장,A,460,22,95.22,22.96369565217391,45.45065217391304,2.8036304347826086
2024-10-30,ASN,아산공장,B,439,12,97.27,22.88382687927107,45.264236902050115,2.810387243735763
2024-10-30,ASN,아산공장,C,75,3,96.0,22.503999999999998,47.024,2.832133333333333
2024-10-30,GWJ,광주공장,A,276,14,94.93,22.747463768115942,44.97463768115942,2.797608695652174
2024-10-30,GWJ,광주공장,B,284,13,95.42,22.773591549295773,45.42992957746479,2.7857746478873238
2024-10-30,GWJ,광주공장,C,36,2,94.44,23.191666666666666,44.97222222222222,2.8375000000000004
2024-10-30,HWS,화성공장,A,293,11,96.25,22.946757679180887,45.016723549488056,2.792150170648464
2024-10-30,HWS,화성공장,B,284,10,96.48,22.9887323943662,45.293661971830986,2.8019718309859156
2024-10-30,HWS,화성공장,C,38,0,100.0,23.28684210526316,43.892105263157895,2.7526315789473683
2024-10-30,ULN,울산공장,A,820,37,95.49,23.02780487804878,45.07792682926829,2.795158536585366
2024-10-30,ULN,울산공장,B,849,24,97.17,22.966077738515903,45.37691401648999,2.7934040047114252
2024-10-30,ULN,울산공장,C,80,5,93.75,22.67625,44.5075,2.879
2024-10-31,ASN,아산공장,A,465,17,96.34,22.93913978494624,44.784086021505374,2.793462365591398
2024-10-31,ASN,아산공장,B,465,25,94.62,22.96838709677419,45.016129032258064,2.78741935483871
2024-10-31,ASN,아산공장,C,48,2,95.83,23.245833333333334,43.9625,2.818125
2024-10-31,GWJ,광주공장,A,285,10,96.49,22.93263157894737,45.023859649122805,2.8060350877192985
2024-10-31,GWJ,광주공장,B,295,5,98.31,22.98372881355932,44.365084745762715,2.820169491525424
2024-10-31,GWJ,광주공장,C,39,4,89.74,22.253846153846155,46.325641025641026,2.885897435897436
2024-10-31,HWS,화성공장,A,259,13,94.98,22.896911196911198,45.037837837837834,2.784942084942085
2024-10-31,HWS,화성공장,B,263,11,95.82,22.756273764258555,45.64942965779468,2.813726235741445
2024-10-31,HWS,화성공장,C,36,2,94.44,22.980555555555554,46.583333333333336,2.7808333333333333
2024-10-31,ULN,울산공장,A,807,36,95.54,22.9542750929368,45.21995043370508,2.8151301115241636
2024-10-31,ULN,울산공장,B,809,33,95.92,23.02707045735476,45.26835599505562,2.815352286773795
2024-10-31,ULN,울산공장,C,108,10,90.74,23.112037037037037,46.27222222222222,2.8033333333333332
2024-11-01,ASN,아산공장,A,450,27,94.0,22.749777777777776,44.09422222222223,2.792422222222222
2024-11-01,ASN,아산공장,B,485,12,97.53,22.979175257731956,45.228865979381446,2.80480412371134
2024-11-01,ASN,아산공장,C,59,2,96.61,23.60169491525424,45.8728813559322,2.8264406779661013
2024-11-01,GWJ,광주공장,A,282,14,95.04,22.933687943262413,45.51808510638298,2.8033333333333332
2024-11-01,GWJ,광주공장,B,293,21,92.83,22.893174061433445,45.61262798634812,2.829829351535836
2024-11-01,GWJ,광주공장,C,27,1,96.3,22.78518518518519,47.11851851851852,2.762592592592593
2024-11-01,HWS,화성공장,A,241,12,95.02,22.914937759336098,45.20082987551867,2.7700829875518673
2024-11-01,HWS,화성공장,B,299,11,96.32,23.10903010033445,45.318060200668896,2.8115384615384613
2024-11-01,HWS,화성공장,C,38,3,92.11,23.007894736842104,45.52368421052632,2.8021052631578947
2024-11-01,ULN,울산공장,A,817,39,95.23,23.06634026927785,45.29424724602203,2.7979314565483473
2024-11-01,ULN,울산공장,B,831,39,95.31,22.95306859205776,44.98868832731648,2.8040794223826717
2024-11-01,ULN,울산공장,C,95,12,87.37,22.722105263157893,44.487368421052636,2.806421052631579
2024-11-02,ASN,아산공장,A,451,15,96.67,22.972949002217295,44.98470066518847,2.798270509977827
2024-11-02,ASN,아산공장,B,438,15,96.58,22.8675799086758,44.261872146118726,2.802260273972603
2024-11-02,ASN,아산공장,C,67,9,86.57,22.83731343283582,45.34776119402985,2.807910447761194
2024-11-02,GWJ,광주공장,A,294,10,96.6,23.209523809523812,45.73809523809524,2.8042176870748303
2024-11-02,GWJ,광주공장,B,306,7,97.71,23.141503267973857,44.35261437908497,2.786143790849673
2024-11-02,GWJ,광주공장,C,39,5,87.18,23.15897435897436,43.920512820512826,2.772051282051282
2024-11-02,HWS,화성공장,A,270,10,96.3,22.786296296296296,45.38148148148148,2.796962962962963
2024-11-02,HWS,화성공장,B,261,12,95.4,22.931800766283523,44.91494252873563,2.801034482758621
2024-11-02,HWS,화성공장,C,31,2,93.55,23.56451612903226,40.774193548387096,2.8535483870967746
2024-11-02,ULN,울산공장,A,850,36,95.76,23.184823529411762,45.331999999999994,2.800870588235294
2024-11-02,ULN,울산공장,B,800,34,95.75,23.061875,44.859125000000006,2.801225
2024-11-02,ULN,울산공장,C,97,3,96.91,23.072164948453608,45.378350515463914,2.7990721649484533
2024-11-03,ASN,아산공장,A,464,20,95.69,22.993750000000002,44.81573275862069,2.8080603448275863
2024-11-03,ASN,아산공장,B,467,18,96.15,22.86980728051392,44.3475374732334,2.789678800856531
2024-11-03,ASN,아산공장,C,48,5,89.58,22.645833333333332,44.31666666666666,2.7825
2024-11-03,GWJ,광주공장,A,291,12,95.88,23.205841924398623,45.00996563573883,2.797319587628866
2024-11-03,GWJ,광주공장,B,253,7,97.23,23.26324110671937,44.9501976284585,2.802332015810277
2024-11-03,GWJ,광주공장,C,45,2,95.56,23.328888888888887,45.80222222222222,2.7871111111111113
2024-11-03,HWS,화성공장,A,304,15,95.07,23.118092105263155,45.56644736842105,2.8449671052631578
2024-11-03,HWS,화성공장,B,295,14,95.25,22.83966101694915,44.980000000000004,2.8007118644067797
2024-11-03,HWS,화성공장,C,44,4,90.91,23.731818181818184,45.36136363636364,2.7618181818181817
2024-11-03,ULN,울산공장,A,845,36,95.74,23.114674556213018,45.28094674556213,2.79294674556213
2024-11-03,ULN,울산공장,B,828,29,96.5,22.96086956521739,45.11485507246377,2.8031884057971013
2024-11-03,ULN,울산공장,C,120,14,88.33,23.048333333333336,44.64416666666667,2.759583333333333
2024-11-04,ASN,아산공장,A,461,23,95.01,23.36702819956616,45.36030368763557,2.8140997830802603
2024-11-04,ASN,아산공장,B,515,17,96.7,23.05359223300971,44.527378640776696,2.802058252427184
2024-11-04,ASN,아산공장,C,71,5,92.96,23.078873239436618,46.816901408450704,2.797323943661972
2024-11-04,GWJ,광주공장,A,285,16,94.39,23.007368421052632,44.873333333333335,2.8075087719298244
2024-11-04,GWJ,광주공장,B,258,13,94.96,22.83449612403101,44.74031007751938,2.829186046511628
2024-11-04,GWJ,광주공장,C,31,2,93.55,23.125806451612902,46.18709677419355,2.8429032258064515
2024-11-04,HWS,화성공장,A,270,7,97.41,22.747037037037035,45.27111111111111,2.7966296296296296
2024-11-04,HWS,화성공장,B,327,6,98.17,22.625076452599387,44.76758409785933,2.820917431192661
2024-11-04,HWS,화성공장,C,41,2,95.12,22.38780487804878,45.21463414634146,2.802439024390244
2024-11-04,ULN,울산공장,A,856,38,95.56,23.051985981308412,45.60946261682243,2.793247663551402
2024-11-04,ULN,울산공장,B,862,25,97.1,23.103596287703017,44.61542923433875,2.7970997679814382
2024-11-04,ULN,울산공장,C,106,2,98.11,23.28490566037736,45.3311320754717,2.8650943396226416
2024-11-05,ASN,아산공장,A,484,13,97.31,22.87334710743802,44.78677685950413,2.7994834710743803
2024-11-05,ASN,아산공장,B,484,11,97.73,23.070661157024794,44.6900826446281,2.8053719008264464
2024-11-05,ASN,아산공장,C,59,4,93.22,23.415254237288135,46.574576271186444,2.7813559322033896
2024-11-05,GWJ,광주공장,A,282,9,96.81,22.98617021276596,45.566312056737594,2.791808510638298
2024-11-05,GWJ,광주공장,B,260,15,94.23,23.15576923076923,44.340384615384615,2.8024615384615386
2024-11-05,GWJ,광주공장,C,36,0,100.0,23.452777777777776,44.28888888888889,2.766388888888889
2024-11-05,HWS,화성공장,A,300,9,97.0,23.332,44.421,2.789266666666667
2024-11-05,HWS,화성공장,B,287,12,95.82,22.762369337979095,44.337282229965155,2.806341463414634
2024-11-05,HWS,화성공장,C,32,1,96.88,21.84375,43.515625,2.75125
2024-11-05,ULN,울산공장,A,881,37,95.8,22.893643586833143,44.645062429057894,2.804790011350738
2024-11-05,ULN,울산공장,B,833,23,97.24,23.16518607442977,44.93505402160864,2.7912845138055222
2024-11-05,ULN,울산공장,C,105,5,95.24,23.135238095238094,45.52,2.8025714285714285
2024-11-06,ASN,아산공장,A,446,24,94.62,22.956278026905828,45.18430493273543,2.7764798206278027
2024-11-06,ASN,아산공장,B,442,15,96.61,23.334841628959275,45.18438914027149,2.7950452488687785
2024-11-06,ASN,아산공장,C,56,3,94.64,22.7375,45.75535714285714,2.7726785714285715
2024-11-06,GWJ,광주공장,A,287,16,94.43,23.272125435540072,44.51881533101045,2.8051567944250873
2024-11-06,GWJ,광주공장,B,271,14,94.83,23.138745387453877,44.58819188191882,2.7800738007380073
2024-11-06,GWJ,광주공장,C,41,2,95.12,23.37560975609756,45.96341463414634,2.779512195121951
2024-11-06,HWS,화성공장,A,292,14,95.21,23.00582191780822,45.20376712328767,2.7857191780821915
2024-11-06,HWS,화성공장,B,260,12,95.38,23.125,46.15038461538462,2.816653846153846
2024-11-06,HWS,화성공장,C,31,2,93.55,22.596774193548388,44.12903225806452,2.7483870967741937
2024-11-06,ULN,울산공장,A,830,25,96.99,23.02903614457831,45.33433734939759,2.7876867469879523
2024-11-06,ULN,울산공장,B,832,25,97.0,22.908533653846156,45.21887019230769,2.8098437499999998
2024-11-06,ULN,울산공장,C,112,6,94.64,22.925892857142856,45.503571428571426,2.7940178571428573
2024-11-07,ASN,아산공장,A,489,21,95.71,23.150511247443763,44.72269938650307,2.818159509202454
2024-11-07,ASN,아산공장,B,465,18,96.13,23.131182795698926,45.15333333333333,2.8034408602150536
2024-11-07,ASN,아산공장,C,54,3,94.44,21.927777777777777,44.553703703703704,2.758518518518519
2024-11-07,GWJ,광주공장,A,294,13,95.58,23.46734693877551,45.51734693877551,2.8207482993197277
2024-11-07,GWJ,광주공장,B,259,9,96.53,23.191891891891892,45.73706563706563,2.801119691119691
2024-11-07,GWJ,광주공장,C,33,0,100.0,23.10909090909091,45.28484848484849,2.717878787878788
2024-11-07,HWS,화성공장,A,293,8,97.27,23.115699658703072,44.31843003412969,2.822150170648464
2024-11-07,HWS,화성공장,B,297,9,96.97,22.91784511784512,45.068350168350165,2.8110437710437712
2024-11-07,HWS,화성공장,C,32,1,96.88,23.540625,45.11875,2.784375
2024-11-07,ULN,울산공장,A,828,37,95.53,23.008816425120774,44.66968599033817,2.80975845410628
2024-11-07,ULN,울산공장,B,863,29,96.64,22.948435689455387,45.21517960602549,2.794391657010429
2024-11-07,ULN,울산공장,C,118,7,94.07,22.639830508474578,45.545762711864406,2.7773728813559324
2024-11-08,ASN,아산공장,A,446,22,95.07,23.086547085201794,45.42152466367713,2.8134304932735423
2024-11-08,ASN,아산공장,B,440,17,96.14,22.890681818181818,45.97727272727273,2.823909090909091
2024-11-08,ASN,아산공장,C,54,6,88.89,23.451851851851853,44.98148148148148,2.8651851851851853
2024-11-08,GWJ,광주공장,A,286,10,96.5,23.03146853146853,44.76538461538461,2.8273426573426574
2024-11-08,GWJ,광주공장,B,316,11,96.52,23.048101265822783,44.383227848101264,2.8039873417721517
2024-11-08,GWJ,광주공장,C,32,0,100.0,22.8625,46.3875,2.7984375
2024-11-08,HWS,화성공장,A,277,7,97.47,23.17653429602888,45.27472924187726,2.759061371841155
2024-11-08,HWS,화성공장,B,268,11,95.9,22.905223880597017,44.022014925373135,2.8094776119402987
2024-11-08,HWS,화성공장,C,34,3,91.18,23.397058823529413,42.14411764705883,2.6591176470588236
2024-11-08,ULN,울산공장,A,865,35,95.95,23.007167630057804,44.90578034682081,2.7883005780346823
2024-11-08,ULN,울산공장,B,885,30,96.61,22.907118644067797,45.03819209039548,2.8134689265536723
2024-11-08,ULN,울산공장,C,106,10,90.57,23.15377358490566,45.45754716981132,2.785849056603774
2024-11-09,ASN,아산공장,A,453,30,93.38,22.767549668874175,44.033995584988965,2.8148123620309047
2024-11-09,ASN,아산공장,B,446,19,95.74,23.017937219730943,44.94641255605381,2.7951121076233183
2024-11-09,ASN,아산공장,C,59,2,96.61,22.906779661016948,43.159322033898306,2.794915254237288
2024-11-09,GWJ,광주공장,A,289,13,95.5,22.87508650519031,45.13771626297578,2.793806228373702
2024-11-09,GWJ,광주공장,B,268,10,96.27,22.876492537313432,44.55373134328358,2.803320895522388
2024-11-09,GWJ,광주공장,C,43,1,97.67,23.27906976744186,43.63023255813953,2.775581395348837
2024-11-09,HWS,화성공장,A,260,14,94.62,22.759615384615383,44.74192307692307,2.7965769230769233
2024-11-09,HWS,화성공장,B,286,9,96.85,22.96853146853147,44.53986013986014,2.775699300699301
2024-11-09,HWS,화성공장,C,43,4,90.7,23.293023255813953,46.116279069767444,2.7525581395348837
2024-11-09,ULN,울산공장,A,860,34,96.05,23.322441860465116,44.860813953488375,2.793325581395349
2024-11-09,ULN,울산공장,B,903,35,96.12,22.835215946843853,44.80797342192691,2.778239202657807
2024-11-09,ULN,울산공장,C,90,0,100.0,22.534444444444443,45.65,2.7595555555555555
2024-11-10,ASN,아산공장,A,487,17,96.51,22.793839835728953,44.88336755646817,2.827761806981519
2024-11-10,ASN,아산공장,B,474,20,95.78,23.00970464135021,44.5879746835443,2.7713502109704637
2024-11-10,ASN,아산공장,C,54,2,96.3,22.62037037037037,44.705555555555556,2.808148148148148
2024-11-10,GWJ,광주공장,A,288,7,97.57,23.05798611111111,44.08298611111111,2.773715277777778
2024-11-10,GWJ,광주공장,B,282,13,95.39,23.167730496453903,45.9468085106383,2.8182624113475176
2024-11-10,GWJ,광주공장,C,30,1,96.67,22.90666666666667,44.8,2.8003333333333336
2024-11-10,HWS,화성공장,A,256,8,96.88,22.819140625,44.065234375,2.8291015625
2024-11-10,HWS,화성공장,B,299,10,96.66,23.032441471571907,45.697324414715716,2.7905685618729095
2024-11-10,HWS,화성공장,C,36,6,83.33,22.783333333333335,46.388888888888886,2.7225
2024-11-10,ULN,울산공장,A,878,38,95.67,23.02608200455581,44.71025056947608,2.8091799544419134
2024-11-10,ULN,울산공장,B,896,37,95.87,23.076562499999998,45.177008928571425,2.7911495535714286
2024-11-10,ULN,울산공장,C,101,5,95.05,23.063366336633663,43.766336633663364,2.778019801980198
2024-11-11,ASN,아산공장,A,457,14,96.94,22.920568927789937,44.99365426695842,2.7820350109409193
2024-11-11,ASN,아산공장,B,475,17,96.42,22.992842105263158,45.247368421052634,2.7878315789473684
2024-11-11,ASN,아산공장,C,54,3,94.44,23.287037037037038,47.479629629629635,2.7809259259259256
2024-11-11,GWJ,광주공장,A,259,10,96.14,23.050579150579154,45.02123552123552,2.7964864864864865
2024-11-11,GWJ,광주공장,B,262,5,98.09,22.986641221374047,45.02213740458015,2.7879770992366413
2024-11-11,GWJ,광주공장,C,29,1,96.55,23.303448275862067,45.06896551724138,2.878965517241379
2024-11-11,HWS,화성공장,A,285,8,97.19,22.811929824561403,45.624210526315785,2.8016842105263158
2024-11-11,HWS,화성공장,B,253,9,96.44,23.031620553359684,44.899604743083,2.8163636363636364
2024-11-11,HWS,화성공장,C,36,3,91.67,23.16111111111111,46.922222222222224,2.7669444444444444
2024-11-11,ULN,울산공장,A,855,45,94.74,22.798362573099414,45.12654970760234,2.805380116959064
2024-11-11,ULN,울산공장,B,832,27,96.75,22.964302884615385,44.41201923076923,2.805985576923077
2024-11-11,ULN,울산공장,C,111,7,93.69,23.302702702702703,46.155855855855854,2.7931531531531535
2024-11-12,ASN,아산공장,A,434,14,96.77,23.150230414746545,44.345391705069126,2.776728110599078
2024-11-12,ASN,아산공장,B,475,17,96.42,22.990526315789474,45.101263157894735,2.816315789473684
2024-11-12,ASN,아산공장,C,57,3,94.74,22.659649122807014,44.1140350877193,2.789824561403509
2024-11-12,GWJ,광주공장,A,267,12,95.51,22.667790262172286,45.152434456928844,2.8101498127340823
2024-11-12,GWJ,광주공장,B,299,7,97.66,22.861872909698995,44.77023411371237,2.7887625418060202
2024-11-12,GWJ,광주공장,C,32,2,93.75,23.39375,45.35625,2.849375
2024-11-12,HWS,화성공장,A,300,10,96.67,22.965666666666667,45.492666666666665,2.8056333333333336
2024-11-12,HWS,화성공장,B,288,12,95.83,23.03576388888889,45.76770833333333,2.808576388888889
2024-11-12,HWS,화성공장,C,34,2,94.12,22.900000000000002,46.108823529411765,2.821470588235294
2024-11-12,ULN,울산공장,A,890,42,95.28,23.054606741573032,44.62595505617978,2.8084719101123596
2024-11-12,ULN,울산공장,B,808,27,96.66,23.0615099009901,45.18502475247525,2.7962499999999997
2024-11-12,ULN,울산공장,C,111,5,95.5,22.72882882882883,45.36486486486486,2.759099099099099
2024-11-13,ASN,아산공장,A,489,21,95.71,23.12924335378323,44.9319018404908,2.7660327198364008
2024-11-13,ASN,아산공장,B,445,18,95.96,23.29123595505618,44.73730337078651,2.806494382022472
2024-11-13,ASN,아산공장,C,63,7,88.89,22.752380952380953,45.111111111111114,2.774603174603175
2024-11-13,GWJ,광주공장,A,293,18,93.86,23.023890784982935,44.865870307167235,2.818668941979522
2024-11-13,GWJ,광주공장,B,285,10,96.49,23.06421052631579,45.47263157894737,2.7963508771929826
2024-11-13,GWJ,광주공장,C,45,0,100.0,22.81111111111111,44.61555555555556,2.8095555555555554
2024-11-13,HWS,화성공장,A,262,11,95.8,22.9618320610687,45.71908396946565,2.7896564885496185
2024-11-13,HWS,화성공장,B,274,12,95.62,23.05912408759124,46.03102189781022,2.8194525547445255
2024-11-13,HWS,화성공장,C,37,3,91.89,22.764864864864865,44.34324324324324,2.7616216216216216
2024-11-13,ULN,울산공장,A,814,37,95.45,23.08783783783784,44.91646191646192,2.7997420147420145
2024-11-13,ULN,울산공장,B,847,32,96.22,22.860802833530105,45.556670602125145,2.7822432113341202
2024-11-13,ULN,울산공장,C,128,2,98.44,22.9765625,46.003125,2.839375
2024-11-14,ASN,아산공장,A,484,17,96.49,22.96095041322314,44.930991735537184,2.7997727272727273
2024-11-14,ASN,아산공장,B,467,19,95.93,22.928051391862954,45.444111349036405,2.7991220556745184
2024-11-14,ASN,아산공장,C,57,3,94.74,23.05263157894737,46.150877192982456,2.8177192982456143
2024-11-14,GWJ,광주공장,A,281,5,98.22,22.701423487544485,45.13843416370106,2.820747330960854
2024-11-14,GWJ,광주공장,B,282,10,96.45,22.77517730496454,45.376950354609924,2.8167021276595743
2024-11-14,GWJ,광주공장,C,39,3,92.31,23.51794871794872,43.68974358974359,2.8033333333333332
2024-11-14,HWS,화성공장,A,262,8,96.95,22.906106870229006,43.6675572519084,2.821526717557252
2024-11-14,HWS,화성공장,B,280,9,96.79,22.799285714285716,45.35821428571428,2.81725
2024-11-14,HWS,화성공장,C,41,3,92.68,23.397560975609753,43.9609756097561,2.8370731707317076
2024-11-14,ULN,울산공장,A,836,32,96.17,23.008492822966506,45.23827751196172,2.8034688995215307
2024-11-14,ULN,울산공장,B,842,37,95.61,22.884916864608073,44.38574821852732,2.8089904988123515
2024-11-14,ULN,울산공장,C,86,4,95.35,23.51279069767442,45.27906976744186,2.8293023255813954
2024-11-15,ASN,아산공장,A,469,26,94.46,23.078038379530916,44.46631130063966,2.7890831556503195
2024-11-15,ASN,아산공장,B,505,14,97.23,23.086732673267324,45.18415841584159,2.801049504950495
2024-11-15,ASN,아산공장,C,54,3,94.44,22.58703703703704,45.21296296296296,2.795
2024-11-15,GWJ,광주공장,A,231,12,94.81,22.698701298701298,45.87359307359307,2.7933766233766235
2024-11-15,GWJ,광주공장,B,274,18,93.43,23.064963503649636,44.68540145985401,2.8214963503649635
2024-11-15,GWJ,광주공장,C,41,4,90.24,23.52926829268293,42.43658536585366,2.8121951219512193
2024-11-15,HWS,화성공장,A,305,21,93.11,23.172786885245902,45.35475409836066,2.8081967213114756
2024-11-15,HWS,화성공장,B,271,8,97.05,23.095940959409592,45.69151291512915,2.793690036900369
2024-11-15,HWS,화성공장,C,42,3,92.86,22.876190476190477,45.90952380952381,2.8092857142857146
2024-11-15,ULN,울산공장,A,825,33,96.0,23.16921212121212,45.00484848484849,2.8010060606060607
2024-11-15,ULN,울산공장,B,865,36,95.84,22.93919075144509,45.044855491329486,2.7846589595375724
2024-11-15,ULN,울산공장,C,127,6,95.28,22.811811023622045,46.311023622047244,2.8079527559055117
2024-11-16,ASN,아산공장,A,458,19,95.85,22.92816593886463,44.88842794759826,2.785982532751092
2024-11-16,ASN,아산공장,B,456,20,95.61,22.948684210526316,45.45043859649123,2.8248245614035086
2024-11-16,ASN,아산공장,C,61,1,98.36,22.514754098360658,44.472131147540985,2.744754098360656
2024-11-16,GWJ,광주공장,A,270,10,96.3,22.94,44.772592592592595,2.8083703703703704
2024-11-16,GWJ,광주공장,B,297,13,95.62,22.618518518518517,44.74141414141415,2.792087542087542
2024-11-16,GWJ,광주공장,C,43,3,93.02,23.627906976744185,43.52093023255814,2.821395348837209
2024-11-16,HWS,화성공장,A,267,7,97.38,22.83370786516854,45.49250936329588,2.7940449438202246
2024-11-16,HWS,화성공장,B,275,10,96.36,22.854909090909093,44.09381818181818,2.7933090909090907
2024-11-16,HWS,화성공장,C,32,2,93.75,23.2625,46.0625,2.7528125
2024-11-16,ULN,울산공장,A,851,37,95.65,23.02491186839013,45.512338425381905,2.8016333725029376
2024-11-16,ULN,울산공장,B,828,28,96.62,23.158695652173915,44.53103864734299,2.8004710144927536
2024-11-16,ULN,울산공장,C,120,7,94.17,22.851666666666667,44.549166666666665,2.7954999999999997
2024-11-17,ASN,아산공장,A,466,18,96.14,23.04527896995708,44.91287553648069,2.78343347639485
2024-11-17,ASN,아산공장,B,455,17,96.26,23.153406593406594,45.59406593406593,2.811186813186813
2024-11-17,ASN,아산공장,C,68,3,95.59,23.23970588235294,46.30588235294118,2.809705882352941
2024-11-17,GWJ,광주공장,A,254,8,96.85,22.89763779527559,44.56220472440945,2.8243307086614173
2024-11-17,GWJ,광주공장,B,274,10,96.35,22.895620437956204,44.886861313868614,2.778905109489051
2024-11-17,GWJ,광주공장,C,34,0,100.0,22.95294117647059,45.26764705882353,2.847941176470588
2024-11-17,HWS,화성공장,A,239,11,95.4,23.080753138075316,43.78033472803347,2.7947280334728033
2024-11-17,HWS,화성공장,B,257,15,94.16,22.877042801556417,45.85019455252918,2.83136186770428
2024-11-17,HWS,화성공장,C,37,3,91.89,22.886486486486486,43.07297297297298,2.828918918918919
2024-11-17,ULN,울산공장,A,889,42,95.28,22.979752530933634,45.06096737907761,2.8025196850393703
2024-11-17,ULN,울산공장,B,858,36,95.8,22.997086247086248,45.033100233100235,2.811048951048951
2024-11-17,ULN,울산공장,C,76,7,90.79,23.186842105263157,45.300000000000004,2.816710526315789
2024-11-18,ASN,아산공장,A,456,22,95.18,22.963377192982456,44.718859649122805,2.7771052631578943
2024-11-18,ASN,아산공장,B,480,20,95.83,22.913124999999997,45.14729166666667,2.827479166666667
2024-11-18,ASN,아산공장,C,69,2,97.1,22.73333333333333,44.515942028985506,2.8307246376811595
2024-11-18,GWJ,광주공장,A,290,15,94.83,22.96103448275862,44.94068965517241,2.794689655172414
2024-11-18,GWJ,광주공장,B,267,8,97.0,22.99063670411985,44.54307116104869,2.8011235955056177
2024-11-18,GWJ,광주공장,C,45,5,88.89,22.602222222222224,44.97555555555556,2.794888888888889
2024-11-18,HWS,화성공장,A,283,12,95.76,22.97243816254417,45.39893992932862,2.8279505300353356
2024-11-18,HWS,화성공장,B,282,8,97.16,23.245744680851065,45.314893617021276,2.804113475177305
2024-11-18,HWS,화성공장,C,22,1,95.45,23.318181818181817,46.32727272727273,2.8336363636363635
2024-11-18,ULN,울산공장,A,826,36,95.64,22.911743341404357,45.32699757869249,2.8122881355932203
2024-11-18,ULN,울산공장,B,861,37,95.7,22.94668989547038,45.204529616724734,2.813008130081301
2024-11-18,ULN,울산공장,C,101,7,93.07,23.316831683168317,45.030693069306935,2.8299999999999996
2024-11-19,ASN,아산공장,A,480,19,96.04,22.748541666666664,44.963541666666664,2.808291666666667
2024-11-19,ASN,아산공장,B,459,11,97.6,22.950108932461873,45.07494553376907,2.7906318082788673
2024-11-19,ASN,아산공장,C,61,5,91.8,23.322950819672133,45.72459016393442,2.8036065573770492
2024-11-19,GWJ,광주공장,A,301,11,96.35,22.8578073089701,45.029235880398666,2.8049501661129566
2024-11-19,GWJ,광주공장,B,270,8,97.04,23.274444444444445,44.97518518518518,2.838185185185185
2024-11-19,GWJ,광주공장,C,26,0,100.0,23.161538461538463,44.400000000000006,2.7453846153846153
2024-11-19,HWS,화성공장,A,288,13,95.49,23.171527777777776,45.00972222222222,2.7968055555555558
2024-11-19,HWS,화성공장,B,273,13,95.24,23.01355311355311,44.88608058608059,2.8054945054945053
2024-11-19,HWS,화성공장,C,31,4,87.1,22.0258064516129,46.81612903225806,2.754516129032258
2024-11-19,ULN,울산공장,A,828,36,95.65,22.958695652173912,45.27185990338164,2.788768115942029
2024-11-19,ULN,울산공장,B,831,22,97.35,22.99338146811071,45.05342960288809,2.8058844765342963
2024-11-19,ULN,울산공장,C,94,5,94.68,23.284042553191487,45.430851063829785,2.8476595744680853
2024-11-20,ASN,아산공장,A,462,21,95.45,23.00281385281385,45.07402597402598,2.804675324675325
2024-11-20,ASN,아산공장,B,493,17,96.55,22.966734279918864,44.77322515212982,2.777403651115619
2024-11-20,ASN,아산공장,C,52,3,94.23,23.434615384615384,45.396153846153844,2.7978846153846155
2024-11-20,GWJ,광주공장,A,272,10,96.32,22.942279411764705,45.43161764705882,2.7656617647058823
2024-11-20,GWJ,광주공장,B,295,10,96.61,23.304745762711864,45.04406779661017,2.7830847457627117
2024-11-20,GWJ,광주공장,C,39,1,97.44,22.95897435897436,45.52564102564103,2.79948717948718
2024-11-20,HWS,화성공장,A,292,11,96.23,22.769863013698632,44.51883561643836,2.827123287671233
2024-11-20,HWS,화성공장,B,273,13,95.24,23.012087912087914,44.838095238095235,2.791062271062271
2024-11-20,HWS,화성공장,C,36,4,88.89,22.569444444444443,44.96111111111111,2.8630555555555555
2024-11-20,ULN,울산공장,A,832,31,96.27,23.16778846153846,45.39879807692308,2.7882932692307696
2024-11-20,ULN,울산공장,B,799,18,97.75,23.09136420525657,45.226533166458076,2.820025031289111
2024-11-20,ULN,울산공장,C,124,12,90.32,23.021774193548385,46.36532258064516,2.831451612903226
2024-11-21,ASN,아산공장,A,462,16,96.54,22.84978354978355,44.99458874458875,2.789090909090909
2024-11-21,ASN,아산공장,B,502,20,96.02,23.285258964143427,45.95179282868526,2.791235059760956
2024-11-21,ASN,아산공장,C,80,6,92.5,22.786250000000003,45.4925,2.84225
2024-11-21,GWJ,광주공장,A,277,10,96.39,23.179783393501804,46.11768953068592,2.7502527075812275
2024-11-21,GWJ,광주공장,B,265,13,95.09,23.1,45.16377358490566,2.8174716981132075
2024-11-21,GWJ,광주공장,C,28,0,100.0,23.682142857142857,45.1,2.8449999999999998
2024-11-21,HWS,화성공장,A,265,9,96.6,22.986792452830187,45.741509433962264,2.7984150943396227
2024-11-21,HWS,화성공장,B,283,10,96.47,22.92862190812721,45.5339222614841,2.796042402826855
2024-11-21,HWS,화성공장,C,36,1,97.22,22.744444444444444,44.05277777777778,2.814166666666667
2024-11-21,ULN,울산공장,A,805,33,95.9,22.817391304347826,44.81416149068323,2.7869565217391306
2024-11-21,ULN,울산공장,B,800,36,95.5,22.986125,45.056374999999996,2.8220625
2024-11-21,ULN,울산공장,C,123,7,94.31,22.90569105691057,43.70975609756098,2.827560975609756
2024-11-22,ASN,아산공장,A,467,14,97.0,23.288222698072804,44.304496788008564,2.811841541755889
2024-11-22,ASN,아산공장,B,470,26,94.47,22.75,45.25404255319149,2.7954893617021277
2024-11-22,ASN,아산공장,C,54,4,92.59,23.014814814814812,45.425925925925924,2.7559259259259257
2024-11-22,GWJ,광주공장,A,289,16,94.46,22.61038062283737,44.55916955017301,2.7871626297577854
2024-11-22,GWJ,광주공장,B,305,18,94.1,23.077704918032786,44.078032786885245,2.807377049180328
2024-11-22,GWJ,광주공장,C,33,2,93.94,22.784848484848485,43.60909090909091,2.7854545454545456
2024-11-22,HWS,화성공장,A,252,9,96.43,22.855555555555558,44.397222222222226,2.834722222222222
2024-11-22,HWS,화성공장,B,263,8,96.96,22.856273764258553,45.1425855513308,2.7981368821292776
2024-11-22,HWS,화성공장,C,28,0,100.0,21.925,43.021428571428565,2.7328571428571427
2024-11-22,ULN,울산공장,A,809,31,96.17,23.0504326328801,44.81372064276886,2.777601977750309
2024-11-22,ULN,울산공장,B,838,30,96.42,22.857040572792364,45.30644391408115,2.7958472553699285
2024-11-22,ULN,울산공장,C,123,5,95.93,22.301626016260162,44.9910569105691,2.7851219512195122
2024-11-23,ASN,아산공장,A,457,19,95.84,22.677680525164117,45.06870897155361,2.793676148796499
2024-11-23,ASN,아산공장,B,497,19,96.18,23.01106639839034,45.24124748490946,2.818390342052314
2024-11-23,ASN,아산공장,C,64,2,96.88,22.7359375,44.54375,2.82453125
2024-11-23,GWJ,광주공장,A,267,9,96.63,22.93183520599251,44.4625468164794,2.8015355805243445
2024-11-23,GWJ,광주공장,B,287,12,95.82,23.05261324041812,44.933449477351914,2.8235191637630663
2024-11-23,GWJ,광주공장,C,32,0,100.0,23.021875,44.725,2.804375
2024-11-23,HWS,화성공장,A,257,12,95.33,22.895330739299613,44.78560311284046,2.7844747081712065
2024-11-23,HWS,화성공장,B,275,10,96.36,22.76,44.598909090909096,2.8109454545454544
2024-11-23,HWS,화성공장,C,36,3,91.67,23.15277777777778,43.28055555555555,2.888888888888889
2024-11-23,ULN,울산공장,A,813,32,96.06,23.012546125461256,45.436654366543664,2.8104428044280443
2024-11-23,ULN,울산공장,B,823,33,95.99,23.143499392466584,45.17120291616039,2.8109599027946537
2024-11-23,ULN,울산공장,C,110,10,90.91,22.80181818181818,44.417272727272724,2.785
2024-11-24,ASN,아산공장,A,477,22,95.39,22.99098532494759,45.461635220125785,2.8178197064989514
2024-11-24,ASN,아산공장,B,473,17,96.41,22.852854122621565,44.27040169133193,2.7896405919661733
2024-11-24,ASN,아산공장,C,61,1,98.36,22.60655737704918,43.54262295081967,2.838360655737705
2024-11-24,GWJ,광주공장,A,284,13,95.42,22.720774647887325,45.52535211267606,2.7749647887323943
2024-11-24,GWJ,광주공장,B,303,9,97.03,23.11980198019802,44.43003300330033,2.772772277227723
2024-11-24,GWJ,광주공장,C,38,3,92.11,23.099999999999998,44.03157894736842,2.778684210526316
2024-11-24,HWS,화성공장,A,262,15,94.27,23.195419847328242,44.60267175572519,2.835534351145038
2024-11-24,HWS,화성공장,B,279,12,95.7,22.81146953405018,44.424731182795696,2.8193189964157708
2024-11-24,HWS,화성공장,C,47,3,93.62,23.15744680851064,44.15531914893617,2.784893617021276
2024-11-24,ULN,울산공장,A,823,23,97.21,23.012758201701093,45.14434993924666,2.8047509113001214
2024-11-24,ULN,울산공장,B,867,44,94.93,23.050980392156863,44.675086505190315,2.8083621683967706
2024-11-24,ULN,울산공장,C,109,8,92.66,22.681651376146792,44.87614678899082,2.864495412844037
2024-11-25,ASN,아산공장,A,495,16,96.77,22.99616161616162,45.285858585858584,2.798969696969697
2024-11-25,ASN,아산공장,B,467,15,96.79,23.08950749464668,45.05117773019272,2.8138972162740896
2024-11-25,ASN,아산공장,C,59,4,93.22,22.947457627118645,46.34237288135593,2.868135593220339
2024-11-25,GWJ,광주공장,A,293,13,95.56,23.079863481228667,44.877815699658704,2.8050511945392493
2024-11-25,GWJ,광주공장,B,287,10,96.52,23.105574912891985,44.297212543554004,2.7922648083623693
2024-11-25,GWJ,광주공장,C,33,2,93.94,22.98787878787879,45.32727272727273,2.813939393939394
2024-11-25,HWS,화성공장,A,268,13,95.15,22.84328358208955,44.84365671641791,2.816082089552239
2024-11-25,HWS,화성공장,B,269,9,96.65,22.8453531598513,44.84237918215614,2.8224907063197024
2024-11-25,HWS,화성공장,C,27,1,96.3,23.00740740740741,44.08518518518518,2.8581481481481483
2024-11-25,ULN,울산공장,A,854,28,96.72,22.91814988290398,45.664519906323186,2.798489461358314
2024-11-25,ULN,울산공장,B,838,28,96.66,22.798806682577567,45.44940334128878,2.8070167064439144
2024-11-25,ULN,울산공장,C,120,0,100.0,22.97416666666667,43.68083333333333,2.8034166666666667
2024-11-26,ASN,아산공장,A,470,28,94.04,22.76787234042553,45.43021276595745,2.795808510638298
2024-11-26,ASN,아산공장,B,477,22,95.39,22.7853249475891,44.59685534591195,2.797085953878407
2024-11-26,ASN,아산공장,C,71,6,91.55,23.190140845070424,45.09154929577465,2.7840845070422535
2024-11-26,GWJ,광주공장,A,259,11,95.75,23.017374517374517,44.38610038610039,2.802586872586873
2024-11-26,GWJ,광주공장,B,270,11,95.93,22.711111111111112,44.236666666666665,2.820037037037037
2024-11-26,GWJ,광주공장,C,43,3,93.02,23.234883720930235,45.34651162790698,2.82046511627907
2024-11-26,HWS,화성공장,A,306,13,95.75,23.23202614379085,44.56503267973856,2.763856209150327
2024-11-26,HWS,화성공장,B,308,10,96.75,22.95974025974026,45.23084415584416,2.797857142857143
2024-11-26,HWS,화성공장,C,37,2,94.59,23.472972972972972,41.96216216216216,2.7997297297297297
2024-11-26,ULN,울산공장,A,837,30,96.42,23.000716845878134,44.63859020310633,2.7935125448028675
2024-11-26,ULN,울산공장,B,865,33,96.18,22.95236994219653,44.9692485549133,2.7675028901734104
2024-11-26,ULN,울산공장,C,96,5,94.79,22.844791666666666,46.209375,2.820520833333333
2024-11-27,ASN,아산공장,A,503,26,94.83,22.978330019880715,45.231212723658054,2.8114314115308154
2024-11-27,ASN,아산공장,B,486,16,96.71,22.79135802469136,44.54032921810699,2.796769547325103
2024-11-27,ASN,아산공장,C,61,7,88.52,22.82622950819672,43.114754098360656,2.7488524590163936
2024-11-27,GWJ,광주공장,A,276,10,96.38,23.019927536231883,45.39057971014493,2.811413043478261
2024-11-27,GWJ,광주공장,B,296,12,95.95,22.868243243243242,44.303716216216216,2.80097972972973
2024-11-27,GWJ,광주공장,C,39,1,97.44,22.761538461538464,43.05897435897436,2.7705128205128204
2024-11-27,HWS,화성공장,A,270,12,95.56,22.639259259259262,44.22518518518518,2.797296296296296
2024-11-27,HWS,화성공장,B,301,11,96.35,22.953488372093023,45.2578073089701,2.791029900332226
2024-11-27,HWS,화성공장,C,31,2,93.55,23.112903225806452,46.18387096774194,2.762903225806452
2024-11-27,ULN,울산공장,A,864,36,95.83,23.01099537037037,44.36793981481482,2.80943287037037
2024-11-27,ULN,울산공장,B,877,27,96.92,23.0824401368301,44.938426453819844,2.8108893956670467
2024-11-27,ULN,울산공장,C,101,4,96.04,23.319801980198022,44.890099009900986,2.8291089108910894
2024-11-28,ASN,아산공장,A,524,24,95.42,22.9706106870229,44.68396946564886,2.783282442748092
2024-11-28,ASN,아산공장,B,459,21,95.42,22.766013071895426,44.819607843137256,2.8037472766884535
2024-11-28,ASN,아산공장,C,71,2,97.18,23.236619718309857,45.04929577464789,2.8056338028169012
2024-11-28,GWJ,광주공장,A,306,14,95.42,23.104901960784314,44.8375816993464,2.778692810457516
2024-11-28,GWJ,광주공장,B,294,9,96.94,23.064965986394558,44.40272108843537,2.7885714285714287
2024-11-28,GWJ,광주공장,C,32,2,93.75,23.615625,44.85625,2.8065625
2024-11-28,HWS,화성공장,A,316,13,95.89,23.315506329113923,45.371202531645565,2.784113924050633
2024-11-28,HWS,화성공장,B,274,11,95.99,23.014233576642333,45.040875912408765,2.788029197080292
2024-11-28,HWS,화성공장,C,41,2,95.12,23.28048780487805,44.90975609756097,2.80609756097561
2024-11-28,ULN,울산공장,A,835,47,94.37,22.952694610778444,44.77760479041917,2.8229221556886226
2024-11-28,ULN,울산공장,B,891,36,95.96,23.10213243546577,45.01335578002245,2.820617283950617
2024-11-28,ULN,울산공장,C,114,9,92.11,23.296491228070177,44.18070175438597,2.7480701754385963
2024-11-29,ASN,아산공장,A,497,19,96.18,23.21106639839034,45.12756539235413,2.8179476861167
2024-11-29,ASN,아산공장,B,454,12,97.36,23.001321585903085,44.871585903083705,2.802863436123348
2024-11-29,ASN,아산공장,C,63,2,96.83,23.515873015873016,45.0,2.82968253968254
2024-11-29,GWJ,광주공장,A,318,19,94.03,22.9,44.85817610062893,2.794308176100629
2024-11-29,GWJ,광주공장,B,260,12,95.38,23.02423076923077,45.777307692307694,2.7908846153846154
2024-11-29,GWJ,광주공장,C,30,0,100.0,22.82,43.43,2.82
2024-11-29,HWS,화성공장,A,276,9,96.74,22.981884057971016,45.26485507246377,2.7779710144927536
2024-11-29,HWS,화성공장,B,267,8,97.0,23.01685393258427,45.30224719101124,2.794719101123596
2024-11-29,HWS,화성공장,C,29,2,93.1,23.17241379310345,44.65172413793104,2.848275862068965
2024-11-29,ULN,울산공장,A,901,41,95.45,23.071920088790232,44.91087680355161,2.800821309655938
2024-11-29,ULN,울산공장,B,855,43,94.97,22.92327485380117,44.79801169590644,2.795847953216374
2024-11-29,ULN,울산공장,C,103,7,93.2,23.290291262135923,45.91165048543689,2.8031067961165053
2024-11-30,ASN,아산공장,A,438,18,95.89,22.721232876712328,44.471689497716895,2.770570776255708
2024-11-30,ASN,아산공장,B,498,15,96.99,22.878915662650606,45.3136546184739,2.7890963855421687
2024-11-30,ASN,아산공장,C,50,1,98.0,22.261999999999997,44.032,2.7722
2024-11-30,GWJ,광주공장,A,292,15,94.86,22.786643835616438,44.37123287671233,2.8160958904109585
2024-11-30,GWJ,광주공장,B,259,10,96.14,22.984555984555985,45.225096525096525,2.788648648648649
2024-11-30,GWJ,광주공장,C,35,1,97.14,22.84285714285714,44.83142857142857,2.7988571428571425
2024-11-30,HWS,화성공장,A,259,8,96.91,22.85984555984556,45.70540540540541,2.7740154440154443
2024-11-30,HWS,화성공장,B,274,9,96.72,23.30912408759124,44.934671532846714,2.7677737226277372
2024-11-30,HWS,화성공장,C,32,1,96.88,22.6125,42.28125,2.7821875
2024-11-30,ULN,울산공장,A,838,34,95.94,22.989021479713603,45.2236276849642,2.792494033412888
2024-11-30,ULN,울산공장,B,821,43,94.76,22.89208282582217,44.46552984165651,2.8082460414129113
2024-11-30,ULN,울산공장,C,123,10,91.87,23.426829268292682,45.826829268292684,2.751951219512195
2024-12-01,ASN,아산공장,A,431,19,95.59,23.276566125290024,45.75127610208816,2.801832946635731
2024-12-01,ASN,아산공장,B,473,16,96.62,23.19281183932347,44.557293868921775,2.7871881606765325
2024-12-01,ASN,아산공장,C,61,2,96.72,22.688524590163933,44.35245901639344,2.7811475409836066
2024-12-01,GWJ,광주공장,A,305,15,95.08,23.020983606557376,44.93213114754098,2.7980983606557377
2024-12-01,GWJ,광주공장,B,305,14,95.41,23.315737704918032,44.70688524590164,2.765967213114754
2024-12-01,GWJ,광주공장,C,28,5,82.14,23.478571428571428,43.871428571428574,2.8335714285714286
2024-12-01,HWS,화성공장,A,277,13,95.31,22.87725631768953,44.75018050541516,2.808158844765343
2024-12-01,HWS,화성공장,B,287,10,96.52,22.83170731707317,44.91463414634146,2.8245296167247385
2024-12-01,HWS,화성공장,C,41,3,92.68,23.31463414634146,46.334146341463416,2.7760975609756096
2024-12-01,ULN,울산공장,A,839,34,95.95,22.88605482717521,45.192967818831946,2.8008939213349224
2024-12-01,ULN,울산공장,B,892,26,97.09,23.098542600896863,44.90145739910314,2.7910762331838566
2024-12-01,ULN,울산공장,C,106,5,95.28,22.849999999999998,45.652830188679246,2.830471698113208
2024-12-02,ASN,아산공장,A,471,23,95.12,22.910615711252653,44.93269639065817,2.771443736730361
2024-12-02,ASN,아산공장,B,491,13,97.35,23.033808553971486,45.38798370672098,2.7957433808553973
2024-12-02,ASN,아산공장,C,54,6,88.89,22.340740740740742,43.90555555555556,2.8294444444444444
2024-12-02,GWJ,광주공장,A,299,13,95.65,23.02307692307692,44.557190635451505,2.7804347826086957
2024-12-02,GWJ,광주공장,B,291,6,97.94,23.157731958762884,45.471477663230246,2.810756013745704
2024-12-02,GWJ,광주공장,C,29,2,93.1,23.53793103448276,47.11034482758621,2.671724137931035
2024-12-02,HWS,화성공장,A,295,10,96.61,22.968474576271184,45.76237288135593,2.795728813559322
2024-12-02,HWS,화성공장,B,307,16,94.79,23.03843648208469,45.22280130293159,2.7676221498371336
2024-12-02,HWS,화성공장,C,27,2,92.59,22.192592592592593,45.65185185185185,2.8244444444444445
2024-12-02,ULN,울산공장,A,837,35,95.82,22.830465949820788,44.66081242532855,2.826272401433692
2024-12-02,ULN,울산공장,B,830,29,96.51,22.88289156626506,45.24795180722892,2.797120481927711
2024-12-02,ULN,울산공장,C,106,4,96.23,23.049056603773582,44.445283018867926,2.7744339622641507
2024-12-03,ASN,아산공장,A,459,17,96.3,22.896514161220043,45.70501089324618,2.814727668845316
2024-12-03,ASN,아산공장,B,467,21,95.5,22.918201284796574,45.554817987152035,2.7707922912205567
2024-12-03,ASN,아산공장,C,52,2,96.15,23.557692307692307,45.11538461538461,2.8201923076923077
2024-12-03,GWJ,광주공장,A,275,6,97.82,22.606909090909088,44.19527272727273,2.7955272727272726
2024-12-03,GWJ,광주공장,B,305,14,95.41,22.987868852459016,45.39639344262295,2.8200000000000003
2024-12-03,GWJ,광주공장,C,26,1,96.15,22.738461538461536,44.54615384615385,2.756153846153846
2024-12-03,HWS,화성공장,A,294,11,96.26,23.0530612244898,44.50816326530612,2.8587414965986397
2024-12-03,HWS,화성공장,B,286,10,96.5,23.00034965034965,45.32517482517483,2.7821678321678323
2024-12-03,HWS,화성공장,C,32,3,90.62,22.8375,47.603125,2.8365625
2024-12-03,ULN,울산공장,A,875,31,96.46,23.047314285714286,44.97417142857143,2.7968114285714285
2024-12-03,ULN,울산공장,B,849,25,97.06,22.87243816254417,45.225559481743225,2.7949705535924614
2024-12-03,ULN,울산공장,C,97,7,92.78,23.396907216494846,45.125773195876285,2.847731958762887
2024-12-04,ASN,아산공장,A,474,14,97.05,22.700632911392407,45.74451476793249,2.8210126582278483
2024-12-04,ASN,아산공장,B,438,25,94.29,23.091324200913242,44.88173515981735,2.801643835616438
2024-12-04,ASN,아산공장,C,55,2,96.36,23.12181818181818,44.53818181818182,2.7640000000000002
2024-12-04,GWJ,광주공장,A,289,8,97.23,22.972318339100347,44.38996539792388,2.8016262975778545
2024-12-04,GWJ,광주공장,B,277,8,97.11,22.78736462093863,44.9303249097473,2.7729241877256317
2024-12-04,GWJ,광주공장,C,35,0,100.0,23.32,45.45428571428572,2.672285714285714
2024-12-04,HWS,화성공장,A,292,12,95.89,23.21027397260274,44.281164383561645,2.8268493150684932
2024-12-04,HWS,화성공장,B,273,17,93.77,23.291575091575094,44.73406593406593,2.805787545787546
2024-12-04,HWS,화성공장,C,37,2,94.59,23.65945945945946,48.04324324324324,2.783513513513513
2024-12-04,ULN,울산공장,A,839,41,95.11,22.93182359952324,45.07353992848629,2.8021811680572113
2024-12-04,ULN,울산공장,B,780,28,96.41,22.876153846153848,45.48282051282051,2.8156794871794872
2024-12-04,ULN,울산공장,C,100,4,96.0,22.906,45.403999999999996,2.7596
2024-12-05,ASN,아산공장,A,501,20,96.01,23.394810379241516,45.00838323353294,2.7967065868263474
2024-12-05,ASN,아산공장,B,456,20,95.61,22.758552631578947,44.84978070175438,2.795657894736842
2024-12-05,ASN,아산공장,C,44,2,95.45,22.722727272727273,44.029545454545456,2.7547727272727274
2024-12-05,GWJ,광주공장,A,286,13,95.45,22.945454545454545,44.88811188811189,2.789965034965035
2024-12-05,GWJ,광주공장,B,271,11,95.94,22.99741697416974,45.43210332103321,2.7680442804428043
2024-12-05,GWJ,광주공장,C,43,4,90.7,22.846511627906978,45.12558139534884,2.75953488372093
2024-12-05,HWS,화성공장,A,266,9,96.62,22.923308270676692,44.49774436090225,2.792330827067669
2024-12-05,HWS,화성공장,B,284,11,96.13,22.838028169014084,45.342253521126764,2.8036267605633802
2024-12-05,HWS,화성공장,C,30,4,86.67,23.3,43.94666666666667,2.895
2024-12-05,ULN,울산공장,A,842,36,95.72,22.903206650831354,44.952375296912116,2.7880760095011876
2024-12-05,ULN,울산공장,B,834,28,96.64,23.055275779376498,45.576618705035976,2.8031175059952043
2024-12-05,ULN,울산공장,C,103,9,91.26,23.317475728155337,44.62135922330097,2.784368932038835
2024-12-06,ASN,아산공장,A,480,14,97.08,22.986458333333335,45.19541666666667,2.783729166666667
2024-12-06,ASN,아산공장,B,442,19,95.7,22.897285067873305,45.41470588235294,2.809977375565611
2024-12-06,ASN,아산공장,C,54,1,98.15,22.53518518518519,44.2925925925926,2.8485185185185182
2024-12-06,GWJ,광주공장,A,282,10,96.45,23.1177304964539,44.91347517730497,2.8020921985815606
2024-12-06,GWJ,광주공장,B,267,12,95.51,22.831086142322096,45.42359550561798,2.778801498127341
2024-12-06,GWJ,광주공장,C,30,3,90.0,22.736666666666668,43.22666666666667,2.859666666666667
2024-12-06,HWS,화성공장,A,331,14,95.77,23.13595166163142,45.01601208459214,2.815770392749245
2024-12-06,HWS,화성공장,B,276,11,96.01,23.032608695652176,44.55797101449275,2.786014492753623
2024-12-06,HWS,화성공장,C,25,1,96.0,23.355999999999998,41.34,2.8715999999999995
2024-12-06,ULN,울산공장,A,851,29,96.59,22.951468860164514,44.863807285546415,2.787156286721504
2024-12-06,ULN,울산공장,B,886,36,95.94,22.8323927765237,44.73984198645598,2.79834085778781
2024-12-06,ULN,울산공장,C,105,7,93.33,22.767619047619046,46.18285714285714,2.8142857142857145
2024-12-07,ASN,아산공장,A,475,20,95.79,22.974947368421052,45.089052631578944,2.782778947368421
2024-12-07,ASN,아산공장,B,463,12,97.41,22.931533477321814,44.89524838012959,2.7987257019438445
2024-12-07,ASN,아산공장,C,63,7,88.89,23.015873015873016,43.544444444444444,2.7777777777777777
2024-12-07,GWJ,광주공장,A,267,5,98.13,22.99625468164794,45.07265917602996,2.77689138576779
2024-12-07,GWJ,광주공장,B,297,9,96.97,22.97070707070707,44.56498316498316,2.8166666666666664
2024-12-07,GWJ,광주공장,C,29,1,96.55,23.52758620689655,45.813793103448276,2.7882758620689656
2024-12-07,HWS,화성공장,A,251,6,97.61,23.33784860557769,45.34900398406375,2.788804780876494
2024-12-07,HWS,화성공장,B,283,8,97.17,23.003533568904594,44.98445229681979,2.75565371024735
2024-12-07,HWS,화성공장,C,38,1,97.37,22.539473684210527,45.652631578947364,2.758947368421053
2024-12-07,ULN,울산공장,A,812,42,94.83,23.05923645320197,45.20948275862069,2.7992364532019707
2024-12-07,ULN,울산공장,B,866,29,96.65,23.188568129330253,44.639607390300235,2.8014203233256354
2024-12-07,ULN,울산공장,C,103,10,90.29,22.83009708737864,45.56504854368932,2.775631067961165
2024-12-08,ASN,아산공장,A,426,20,95.31,23.12183098591549,44.22136150234741,2.7821596244131457
2024-12-08,ASN,아산공장,B,498,26,94.78,23.04437751004016,44.87369477911646,2.792429718875502
2024-12-08,ASN,아산공장,C,60,1,98.33,23.053333333333335,46.63333333333333,2.766833333333333
2024-12-08,GWJ,광주공장,A,264,7,97.35,22.99772727272727,44.71287878787879,2.8224242424242423
2024-12-08,GWJ,광주공장,B,256,10,96.09,22.87109375,45.497265625,2.818359375
2024-12-08,GWJ,광주공장,C,30,4,86.67,23.613333333333333,45.71666666666667,2.8136666666666668
2024-12-08,HWS,화성공장,A,289,11,96.19,22.942560553633218,44.924221453287196,2.7902768166089964
2024-12-08,HWS,화성공장,B,267,10,96.25,22.977902621722848,45.242696629213484,2.8011610486891385
2024-12-08,HWS,화성공장,C,31,1,96.77,23.33225806451613,44.63870967741936,2.830322580645161
2024-12-08,ULN,울산공장,A,759,24,96.84,22.988274044795784,45.44584980237154,2.793175230566535
2024-12-08,ULN,울산공장,B,819,25,96.95,23.086080586080588,44.72783882783882,2.7846275946275947
2024-12-08,ULN,울산공장,C,91,4,95.6,23.07912087912088,45.292307692307695,2.833296703296703
2024-12-09,ASN,아산공장,A,483,26,94.62,22.987163561076603,44.738923395445134,2.7869151138716353
2024-12-09,ASN,아산공장,B,463,22,95.25,23.011663066954643,44.67300215982721,2.7932829373650105
2024-12-09,ASN,아산공장,C,55,3,94.55,23.10909090909091,46.836363636363636,2.8269090909090906
2024-12-09,GWJ,광주공장,A,276,4,98.55,23.066304347826087,44.96521739130435,2.7628985507246373
2024-12-09,GWJ,광주공장,B,274,14,94.89,22.92007299270073,45.27481751824817,2.8245620437956203
2024-12-09,GWJ,광주공장,C,41,1,97.56,23.44878048780488,44.360975609756096,2.7417073170731707
2024-12-09,HWS,화성공장,A,293,14,95.22,22.812627986348126,45.40136518771331,2.8312627986348122
2024-12-09,HWS,화성공장,B,252,14,94.44,23.20952380952381,44.990476190476194,2.769246031746032
2024-12-09,HWS,화성공장,C,37,6,83.78,23.1,44.87027027027027,2.8313513513513513
2024-12-09,ULN,울산공장,A,817,27,96.7,22.95850673194614,44.6686658506732,2.8085556915544676
2024-12-09,ULN,울산공장,B,842,32,96.2,23.10498812351544,44.748574821852735,2.7952375296912115
2024-12-09,ULN,울산공장,C,102,7,93.14,23.03921568627451,45.403921568627446,2.7934313725490196
2024-12-10,ASN,아산공장,A,478,32,93.31,22.731380753138076,45.575523012552296,2.802970711297071
2024-12-10,ASN,아산공장,B,458,20,95.63,22.87161572052402,44.852838427947596,2.806703056768559
2024-12-10,ASN,아산공장,C,64,3,95.31,22.621875,44.3234375,2.78109375
2024-12-10,GWJ,광주공장,A,289,7,97.58,23.046712802768166,45.43321799307959,2.8088235294117645
2024-12-10,GWJ,광주공장,B,288,8,97.22,23.016666666666666,45.217013888888886,2.8368402777777777
2024-12-10,GWJ,광주공장,C,34,2,94.12,23.041176470588233,43.63529411764706,2.758235294117647
2024-12-10,HWS,화성공장,A,286,12,95.8,23.38111888111888,44.836363636363636,2.803671328671329
2024-12-10,HWS,화성공장,B,245,9,96.33,23.03224489795918,45.790612244897964,2.7607755102040814
2024-12-10,HWS,화성공장,C,26,1,96.15,22.361538461538462,47.23461538461538,2.8488461538461536
2024-12-10,ULN,울산공장,A,860,24,97.21,22.958488372093022,44.580232558139535,2.8026162790697673
2024-12-10,ULN,울산공장,B,790,41,94.81,23.133164556962026,45.09632911392405,2.7945949367088607
2024-12-10,ULN,울산공장,C,105,9,91.43,22.850476190476193,45.54666666666666,2.7564761904761905
2024-12-11,ASN,아산공장,A,482,14,97.1,22.928423236514522,45.06203319502075,2.7793153526970955
2024-12-11,ASN,아산공장,B,437,16,96.34,22.965446224256294,44.823112128146455,2.7943478260869568
2024-12-11,ASN,아산공장,C,57,2,96.49,23.40877192982456,46.045614035087716,2.8557894736842107
2024-12-11,GWJ,광주공장,A,276,7,97.46,22.975,45.1463768115942,2.8009782608695653
2024-12-11,GWJ,광주공장,B,306,12,96.08,22.984967320261436,44.76764705882353,2.8054901960784315
2024-12-11,GWJ,광주공장,C,38,2,94.74,21.905263157894737,44.94210526315789,2.845
2024-12-11,HWS,화성공장,A,260,16,93.85,22.77923076923077,45.63230769230769,2.7993846153846156
2024-12-11,HWS,화성공장,B,292,8,97.26,22.970890410958905,44.4527397260274,2.8322945205479453
2024-12-11,HWS,화성공장,C,36,3,91.67,22.49722222222222,46.68055555555556,2.7594444444444446
2024-12-11,ULN,울산공장,A,816,32,96.08,22.90392156862745,44.435049019607845,2.80265931372549
2024-12-11,ULN,울산공장,B,814,43,94.72,22.948157248157248,45.112653562653556,2.7963267813267816
2024-12-11,ULN,울산공장,C,108,9,91.67,23.59259259259259,45.023148148148145,2.7481481481481485
2024-12-12,ASN,아산공장,A,503,17,96.62,23.14353876739563,45.39224652087475,2.781630218687873
2024-12-12,ASN,아산공장,B,441,19,95.69,22.898639455782313,44.683673469387756,2.8214512471655326
2024-12-12,ASN,아산공장,C,56,3,94.64,22.837500000000002,44.051785714285714,2.815
2024-12-12,GWJ,광주공장,A,286,12,95.8,22.974125874125875,44.15944055944056,2.8264685314685316
2024-12-12,GWJ,광주공장,B,320,15,95.31,23.146562499999998,44.793437499999996,2.80134375
2024-12-12,GWJ,광주공장,C,36,0,100.0,24.11111111111111,44.91111111111111,2.82
2024-12-12,HWS,화성공장,A,229,10,95.63,22.6471615720524,44.42489082969432,2.817510917030568
2024-12-12,HWS,화성공장,B,302,8,97.35,22.982781456953642,45.21225165562914,2.785794701986755
2024-12-12,HWS,화성공장,C,39,4,89.74,23.261538461538464,45.0025641025641,2.766923076923077
2024-12-12,ULN,울산공장,A,860,41,95.23,23.11081395348837,44.87988372093023,2.8071279069767443
2024-12-12,ULN,울산공장,B,836,28,96.65,23.026196172248806,45.222966507177034,2.7914832535885163
2024-12-12,ULN,울산공장,C,107,8,92.52,22.53271028037383,45.60280373831776,2.7846728971962613
2024-12-13,ASN,아산공장,A,468,25,94.66,23.090170940170943,43.8525641025641,2.8059829059829062
2024-12-13,ASN,아산공장,B,508,23,95.47,22.94842519685039,44.92716535433071,2.808444881889764
2024-12-13,ASN,아산공장,C,47,1,97.87,23.19148936170213,44.078723404255314,2.789148936170213
2024-12-13,GWJ,광주공장,A,290,9,96.9,23.12793103448276,45.713793103448275,2.809
2024-12-13,GWJ,광주공장,B,281,14,95.02,23.095017793594305,45.25409252669039,2.7934519572953738
2024-12-13,GWJ,광주공장,C,41,2,95.12,23.13170731707317,45.22439024390244,2.8446341463414635
2024-12-13,HWS,화성공장,A,297,10,96.63,23.291582491582492,45.142760942760944,2.801178451178451
2024-12-13,HWS,화성공장,B,289,9,96.89,22.909342560553632,45.33529411764706,2.8129411764705883
2024-12-13,HWS,화성공장,C,32,1,96.88,22.771875,45.859375,2.8278125
2024-12-13,ULN,울산공장,A,915,35,96.17,23.048852459016395,44.559672131147536,2.7992131147540986
2024-12-13,ULN,울산공장,B,854,47,94.5,22.970491803278687,45.05655737704918,2.7793442622950817
2024-12-13,ULN,울산공장,C,105,5,95.24,22.624761904761904,45.20952380952381,2.8826666666666667
2024-12-14,ASN,아산공장,A,482,17,96.47,23.2454356846473,45.124688796680495,2.7850622406639007
2024-12-14,ASN,아산공장,B,463,19,95.9,22.881857451403885,44.96004319654428,2.842462203023758
2024-12-14,ASN,아산공장,C,53,3,94.34,22.579245283018867,44.41320754716981,2.730943396226415
2024-12-14,GWJ,광주공장,A,290,9,96.9,22.734137931034482,44.83620689655172,2.7842413793103447
2024-12-14,GWJ,광주공장,B,269,9,96.65,23.12453531598513,45.19962825278811,2.8162081784386617
2024-12-14,GWJ,광주공장,C,35,2,94.29,23.334285714285716,45.22857142857143,2.8245714285714287
2024-12-14,HWS,화성공장,A,271,12,95.57,23.03321033210332,44.86937269372694,2.8045756457564575
2024-12-14,HWS,화성공장,B,277,14,94.95,22.960649819494588,45.562815884476535,2.7826714801444044
2024-12-14,HWS,화성공장,C,23,2,91.3,22.604347826086954,43.69130434782608,2.747826086956522
2024-12-14,ULN,울산공장,A,822,35,95.74,22.963746958637472,45.0985401459854,2.8022262773722626
2024-12-14,ULN,울산공장,B,842,22,97.39,22.99358669833729,44.64691211401425,2.799085510688836
2024-12-14,ULN,울산공장,C,97,2,97.94,23.47835051546392,44.41340206185567,2.8092783505154637
2024-12-15,ASN,아산공장,A,439,12,97.27,22.94236902050114,44.93189066059225,2.799202733485193
2024-12-15,ASN,아산공장,B,478,22,95.4,23.065899581589957,44.48661087866108,2.787175732217573
2024-12-15,ASN,아산공장,C,59,5,91.53,23.35593220338983,44.067796610169495,2.7576271186440677
2024-12-15,GWJ,광주공장,A,272,13,95.22,22.826470588235296,45.133823529411764,2.7847058823529416
2024-12-15,GWJ,광주공장,B,283,14,95.05,22.79929328621908,44.72402826855124,2.8010247349823323
2024-12-15,GWJ,광주공장,C,40,0,100.0,22.415,44.25,2.7815000000000003
2024-12-15,HWS,화성공장,A,279,12,95.7,23.381720430107528,45.3336917562724,2.823799283154122
2024-12-15,HWS,화성공장,B,306,6,98.04,23.077124183006536,45.226470588235294,2.7882679738562093
2024-12-15,HWS,화성공장,C,39,1,97.44,23.058974358974357,46.67948717948718,2.7325641025641025
2024-12-15,ULN,울산공장,A,834,35,95.8,22.985371702637888,45.1673860911271,2.8038609112709834
2024-12-15,ULN,울산공장,B,860,29,96.63,22.755232558139536,45.219302325581396,2.7787790697674417
2024-12-15,ULN,울산공장,C,114,5,95.61,22.88157894736842,45.8140350877193,2.8201754385964914
2024-12-16,ASN,아산공장,A,474,18,96.2,23.08143459915612,44.29261603375527,2.795801687763713
2024-12-16,ASN,아산공장,B,496,25,94.96,22.994959677419356,45.614717741935486,2.801572580645161
2024-12-16,ASN,아산공장,C,50,0,100.0,23.94,44.946000000000005,2.813
2024-12-16,GWJ,광주공장,A,289,17,94.12,22.740138408304496,44.11280276816609,2.7833910034602076
2024-12-16,GWJ,광주공장,B,304,17,94.41,23.101315789473684,44.70131578947369,2.803190789473684
2024-12-16,GWJ,광주공장,C,38,1,97.37,23.607894736842105,44.93157894736842,2.7342105263157896
2024-12-16,HWS,화성공장,A,314,14,95.54,22.90095541401274,45.07611464968153,2.7797133757961783
2024-12-16,HWS,화성공장,B,273,5,98.17,23.178388278388276,45.21391941391941,2.792271062271062
2024-12-16,HWS,화성공장,C,31,2,93.55,23.5,45.067741935483866,2.797741935483871
2024-12-16,ULN,울산공장,A,824,31,96.24,23.15873786407767,44.94162621359224,2.806104368932039
2024-12-16,ULN,울산공장,B,840,23,97.26,22.942261904761907,45.06011904761905,2.8033690476190474
2024-12-16,ULN,울산공장,C,113,6,94.69,22.761061946902654,45.60973451327433,2.759115044247787
2024-12-17,ASN,아산공장,A,421,15,96.44,23.160807600950122,44.747505938242284,2.792019002375297
2024-12-17,ASN,아산공장,B,473,23,95.14,22.973995771670193,44.788372093023256,2.796955602536998
2024-12-17,ASN,아산공장,C,54,6,88.89,22.944444444444443,45.1,2.89462962962963
2024-12-17,GWJ,광주공장,A,294,16,94.56,23.13639455782313,44.990476190476194,2.8141496598639457
2024-12-17,GWJ,광주공장,B,258,5,98.06,22.99418604651163,44.651162790697676,2.7813178294573646
2024-12-17,GWJ,광주공장,C,38,3,92.11,22.097368421052632,45.52894736842105,2.8492105263157894
2024-12-17,HWS,화성공장,A,292,13,95.55,22.795890410958904,45.25856164383562,2.810890410958904
2024-12-17,HWS,화성공장,B,287,6,97.91,23.18710801393728,44.29547038327526,2.7985017421602785
2024-12-17,HWS,화성공장,C,30,1,96.67,23.4,45.21333333333334,2.8026666666666666
2024-12-17,ULN,울산공장,A,801,48,94.01,23.07815230961298,45.02397003745318,2.8228464419475654
2024-12-17,ULN,울산공장,B,803,26,96.76,23.047322540473225,44.47509339975093,2.78626400996264
2024-12-17,ULN,울산공장,C,120,4,96.67,22.488333333333333,44.66916666666667,2.8301666666666665
2024-12-18,ASN,아산공장,A,449,17,96.21,23.09955456570156,44.800445434298446,2.7723385300668153
2024-12-18,ASN,아산공장,B,487,19,96.1,22.992607802874744,44.95913757700205,2.8049691991786445
2024-12-18,ASN,아산공장,C,65,5,92.31,22.181538461538462,44.684615384615384,2.7653846153846153
2024-12-18,GWJ,광주공장,A,278,11,96.04,23.093884892086333,45.69604316546763,2.7931654676258995
2024-12-18,GWJ,광주공장,B,277,13,95.31,22.95812274368231,45.33898916967509,2.79043321299639
2024-12-18,GWJ,광주공장,C,38,5,86.84,23.24736842105263,46.98157894736842,2.755263157894737
2024-12-18,HWS,화성공장,A,297,10,96.63,22.965319865319866,45.4973063973064,2.7962962962962963
2024-12-18,HWS,화성공장,B,296,13,95.61,23.298986486486488,45.60405405405405,2.8115202702702704
2024-12-18,HWS,화성공장,C,53,4,92.45,23.0,44.87735849056604,2.746981132075472
2024-12-18,ULN,울산공장,A,868,37,95.74,23.15391705069124,44.84228110599078,2.7999193548387096
2024-12-18,ULN,울산공장,B,893,28,96.86,22.977267637178052,45.22687569988802,2.8072340425531914
2024-12-18,ULN,울산공장,C,107,7,93.46,23.241121495327103,43.20841121495327,2.7970093457943928
2024-12-19,ASN,아산공장,A,470,29,93.83,22.902978723404253,44.668510638297874,2.8023617021276594
2024-12-19,ASN,아산공장,B,461,14,96.96,23.151409978308024,45.031019522776575,2.82234273318872
2024-12-19,ASN,아산공장,C,49,4,91.84,23.257142857142856,44.114285714285714,2.770204081632653
2024-12-19,GWJ,광주공장,A,289,16,94.46,22.58235294117647,45.502768166089965,2.8117301038062283
2024-12-19,GWJ,광주공장,B,283,11,96.11,22.97243816254417,45.44452296819788,2.7889752650176676
2024-12-19,GWJ,광주공장,C,40,1,97.5,22.815,44.3875,2.74675
2024-12-19,HWS,화성공장,A,271,11,95.94,22.978597785977858,44.05387453874539,2.7998154981549814
2024-12-19,HWS,화성공장,B,266,10,96.24,23.06466165413534,44.894360902255634,2.800375939849624
2024-12-19,HWS,화성공장,C,30,1,96.67,22.84333333333333,45.20333333333333,2.7873333333333337
2024-12-19,ULN,울산공장,A,848,44,94.81,22.922051886792456,45.12169811320754,2.799681603773585
2024-12-19,ULN,울산공장,B,850,34,96.0,23.12505882352941,44.84835294117647,2.804094117647059
2024-12-19,ULN,울산공장,C,107,9,91.59,23.827102803738317,45.25794392523365,2.7970093457943923
2024-12-20,ASN,아산공장,A,505,19,96.24,23.12950495049505,44.9980198019802,2.803722772277228
2024-12-20,ASN,아산공장,B,465,14,96.99,22.939354838709676,44.98408602150538,2.8139569892473117
2024-12-20,ASN,아산공장,C,57,1,98.25,23.343859649122805,45.38070175438596,2.7857894736842104
2024-12-20,GWJ,광주공장,A,280,11,96.07,22.853571428571428,44.706785714285715,2.814607142857143
2024-12-20,GWJ,광주공장,B,291,12,95.88,23.33127147766323,44.6319587628866,2.8115120274914087
2024-12-20,GWJ,광주공장,C,36,2,94.44,22.6,42.50833333333333,2.8069444444444445
2024-12-20,HWS,화성공장,A,259,8,96.91,22.987258687258688,44.9969111969112,2.795057915057915
2024-12-20,HWS,화성공장,B,306,14,95.42,22.958169934640523,44.94673202614379,2.789901960784314
2024-12-20,HWS,화성공장,C,36,2,94.44,22.266666666666666,46.40555555555555,2.8183333333333334
2024-12-20,ULN,울산공장,A,821,31,96.22,23.053227771010963,44.460901339829476,2.817149817295981
2024-12-20,ULN,울산공장,B,869,30,96.55,23.142232451093207,44.8283084004603,2.815765247410817
2024-12-20,ULN,울산공장,C,115,6,94.78,22.86173913043478,45.38434782608695,2.820956521739131
2024-12-21,ASN,아산공장,A,487,22,95.48,22.94086242299795,45.309034907597535,2.792566735112936
2024-12-21,ASN,아산공장,B,501,11,97.8,22.90938123752495,44.30898203592814,2.7875449101796406
2024-12-21,ASN,아산공장,C,81,3,96.3,22.535802469135803,43.907407407407405,2.7996296296296297
2024-12-21,GWJ,광주공장,A,280,7,97.5,22.91821428571429,45.830714285714286,2.8085
2024-12-21,GWJ,광주공장,B,249,7,97.19,23.101204819277108,44.769879518072294,2.7918072289156624
2024-12-21,GWJ,광주공장,C,32,0,100.0,22.875,46.509375,2.8715625
2024-12-21,HWS,화성공장,A,272,12,95.59,23.002573529411762,44.63897058823529,2.8254044117647057
2024-12-21,HWS,화성공장,B,271,9,96.68,23.24575645756458,43.93690036900369,2.8294833948339484
2024-12-21,HWS,화성공장,C,35,2,94.29,22.39428571428571,45.62571428571429,2.8594285714285714
2024-12-21,ULN,울산공장,A,820,32,96.1,22.97451219512195,45.002804878048785,2.810353658536585
2024-12-21,ULN,울산공장,B,896,32,96.43,22.791517857142857,44.950223214285714,2.8002008928571427
2024-12-21,ULN,울산공장,C,107,5,95.33,23.07943925233645,44.717757009345796,2.7725233644859815
2024-12-22,ASN,아산공장,A,482,14,97.1,22.926141078838175,44.88174273858921,2.81402489626556
2024-12-22,ASN,아산공장,B,435,19,95.63,23.109425287356324,45.17103448275862,2.806022988505747
2024-12-22,ASN,아산공장,C,55,3,94.55,22.985454545454548,46.336363636363636,2.830363636363636
2024-12-22,GWJ,광주공장,A,290,9,96.9,22.97586206896552,45.754137931034485,2.8056551724137933
2024-12-22,GWJ,광주공장,B,265,7,97.36,22.87698113207547,44.83660377358491,2.7993962264150944
2024-12-22,GWJ,광주공장,C,33,2,93.94,23.24848484848485,45.72727272727273,2.787878787878788
2024-12-22,HWS,화성공장,A,306,12,96.08,22.674836601307188,45.17908496732026,2.786862745098039
2024-12-22,HWS,화성공장,B,283,8,97.17,23.016254416961132,45.350883392226145,2.8079858657243815
2024-12-22,HWS,화성공장,C,42,4,90.48,22.847619047619048,45.23095238095238,2.802142857142857
2024-12-22,ULN,울산공장,A,850,37,95.65,22.958588235294116,45.278000000000006,2.798294117647059
2024-12-22,ULN,울산공장,B,860,27,96.86,23.02639534883721,45.59453488372093,2.794244186046512
2024-12-22,ULN,울산공장,C,99,4,95.96,22.984848484848484,44.98282828282829,2.8350505050505053
2024-12-23,ASN,아산공장,A,459,13,97.17,23.00588235294118,45.430283224400874,2.8004575163398693
2024-12-23,ASN,아산공장,B,427,9,97.89,23.091334894613585,45.04941451990632,2.7892037470725994
2024-12-23,ASN,아산공장,C,72,4,94.44,22.737499999999997,44.94444444444444,2.828888888888889
2024-12-23,GWJ,광주공장,A,306,9,97.06,23.10718954248366,44.66372549019608,2.8044771241830064
2024-12-23,GWJ,광주공장,B,265,7,97.36,23.044905660377356,44.21132075471698,2.7804150943396224
2024-12-23,GWJ,광주공장,C,27,1,96.3,22.703703703703702,43.94444444444444,2.852222222222222
2024-12-23,HWS,화성공장,A,291,17,94.16,22.976975945017184,44.76872852233677,2.818213058419244
2024-12-23,HWS,화성공장,B,281,12,95.73,22.95338078291815,44.528113879003556,2.8106405693950176
2024-12-23,HWS,화성공장,C,38,2,94.74,23.013157894736842,43.357894736842105,2.8207894736842105
2024-12-23,ULN,울산공장,A,845,21,97.51,23.04579881656805,44.954437869822485,2.798556213017752
2024-12-23,ULN,울산공장,B,853,25,97.07,23.010668229777256,45.04771395076201,2.7966119577960145
2024-12-23,ULN,울산공장,C,100,7,93.0,22.638,47.108999999999995,2.8177999999999996
2024-12-24,ASN,아산공장,A,510,20,96.08,22.937058823529412,45.31039215686275,2.820254901960784
2024-12-24,ASN,아산공장,B,485,21,95.67,23.075257731958764,45.11814432989691,2.7950309278350516
2024-12-24,ASN,아산공장,C,71,5,92.96,22.035211267605632,44.32112676056338,2.8130985915492954
2024-12-24,GWJ,광주공장,A,271,8,97.05,23.043542435424357,45.57490774907749,2.8133948339483394
2024-12-24,GWJ,광주공장,B,271,14,94.83,23.073431734317342,44.40885608856088,2.7973431734317344
2024-12-24,GWJ,광주공장,C,42,2,95.24,22.469047619047622,46.128571428571426,2.84
2024-12-24,HWS,화성공장,A,266,7,97.37,23.074812030075186,44.483082706766915,2.794398496240601
2024-12-24,HWS,화성공장,B,271,16,94.1,23.20036900369004,45.47970479704797,2.775867158671587
2024-12-24,HWS,화성공장,C,26,0,100.0,22.623076923076926,43.611538461538466,2.8103846153846153
2024-12-24,ULN,울산공장,A,840,30,96.43,23.070595238095237,45.002023809523806,2.7954880952380954
2024-12-24,ULN,울산공장,B,830,30,96.39,23.137951807228916,44.79590361445783,2.810867469879518
2024-12-24,ULN,울산공장,C,110,10,90.91,22.994545454545456,45.50727272727273,2.821181818181818
2024-12-25,ASN,아산공장,A,490,22,95.51,22.969183673469388,45.35693877551021,2.7772244897959184
2024-12-25,ASN,아산공장,B,484,10,97.93,22.916735537190085,45.04049586776859,2.780185950413223
2024-12-25,ASN,아산공장,C,70,2,97.14,22.465714285714284,43.99857142857143,2.774285714285714
2024-12-25,GWJ,광주공장,A,279,10,96.42,23.13763440860215,44.61971326164874,2.7961648745519714
2024-12-25,GWJ,광주공장,B,305,19,93.77,22.98983606557377,44.30262295081967,2.8067868852459017
2024-12-25,GWJ,광주공장,C,34,3,91.18,22.43235294117647,41.88235294117647,2.8120588235294117
2024-12-25,HWS,화성공장,A,261,15,94.25,22.642911877394635,45.04291187739464,2.8104597701149423
2024-12-25,HWS,화성공장,B,323,19,94.12,22.990092879256967,44.99783281733746,2.7960681114551083
2024-12-25,HWS,화성공장,C,30,0,100.0,23.28666666666667,43.97666666666667,2.779333333333333
2024-12-25,ULN,울산공장,A,835,34,95.93,23.09497005988024,45.24131736526946,2.8062275449101794
2024-12-25,ULN,울산공장,B,827,30,96.37,22.998065296251514,44.68790810157195,2.789056831922612
2024-12-25,ULN,울산공장,C,122,7,94.26,23.365573770491803,43.12868852459016,2.7528688524590166
2024-12-26,ASN,아산공장,A,462,10,97.84,22.91904761904762,44.38203463203463,2.805151515151515
2024-12-26,ASN,아산공장,B,472,22,95.34,22.82902542372881,44.780084745762714,2.794279661016949
2024-12-26,ASN,아산공장,C,60,5,91.67,23.73166666666667,44.18,2.784
2024-12-26,GWJ,광주공장,A,281,10,96.44,23.312811387900354,44.31708185053381,2.811103202846975
2024-12-26,GWJ,광주공장,B,266,11,95.86,23.007518796992482,44.768045112781955,2.791315789473684
2024-12-26,GWJ,광주공장,C,41,0,100.0,22.590243902439024,44.84878048780487,2.801463414634146
2024-12-26,HWS,화성공장,A,316,13,95.89,22.864240506329114,45.414556962025316,2.7961392405063292
2024-12-26,HWS,화성공장,B,284,11,96.13,22.831338028169014,45.638732394366194,2.7558450704225352
2024-12-26,HWS,화성공장,C,36,2,94.44,23.883333333333333,46.80277777777778,2.9205555555555556
2024-12-26,ULN,울산공장,A,802,26,96.76,23.08902743142145,44.85623441396508,2.7970947630922693
2024-12-26,ULN,울산공장,B,862,32,96.29,23.09419953596288,44.60394431554524,2.789860788863109
2024-12-26,ULN,울산공장,C,125,4,96.8,22.7424,44.2416,2.822
2024-12-27,ASN,아산공장,A,483,18,96.27,23.157142857142855,44.98695652173913,2.8090683229813664
2024-12-27,ASN,아산공장,B,448,17,96.21,23.109598214285715,45.135714285714286,2.7886830357142856
2024-12-27,ASN,아산공장,C,60,5,91.67,22.986666666666668,44.31333333333334,2.7255
2024-12-27,GWJ,광주공장,A,296,15,94.93,23.16114864864865,43.909797297297295,2.813074324324324
2024-12-27,GWJ,광주공장,B,275,5,98.18,23.18109090909091,43.471272727272726,2.7737090909090907
2024-12-27,GWJ,광주공장,C,25,0,100.0,22.6,43.44,2.8144
2024-12-27,HWS,화성공장,A,268,10,96.27,22.8044776119403,45.99664179104478,2.8230223880597016
2024-12-27,HWS,화성공장,B,293,11,96.25,22.596587030716723,45.16825938566553,2.8012627986348124
2024-12-27,HWS,화성공장,C,37,2,94.59,22.324324324324323,44.80810810810811,2.830540540540541
2024-12-27,ULN,울산공장,A,874,32,96.34,22.94359267734554,44.91109839816934,2.7776773455377577
2024-12-27,ULN,울산공장,B,835,41,95.09,22.907904191616765,45.67233532934132,2.81474251497006
2024-12-27,ULN,울산공장,C,95,7,92.63,23.52315789473684,44.636842105263156,2.7747368421052636
2024-12-28,ASN,아산공장,A,422,14,96.68,23.264691943127964,45.28838862559242,2.8028436018957343
2024-12-28,ASN,아산공장,B,457,19,95.84,23.039824945295408,45.02822757111598,2.79109409190372
2024-12-28,ASN,아산공장,C,64,4,93.75,23.521875,46.05625,2.784375
2024-12-28,GWJ,광주공장,A,285,13,95.44,23.241052631578945,44.976140350877195,2.82540350877193
2024-12-28,GWJ,광주공장,B,283,6,97.88,23.12685512367491,45.50671378091873,2.859399293286219
2024-12-28,GWJ,광주공장,C,38,1,97.37,22.17105263157895,46.21842105263158,2.867368421052632
2024-12-28,HWS,화성공장,A,289,9,96.89,23.13529411764706,45.26297577854671,2.7754671280276817
2024-12-28,HWS,화성공장,B,277,9,96.75,23.11335740072202,45.335018050541514,2.790324909747292
2024-12-28,HWS,화성공장,C,33,0,100.0,22.703030303030303,45.49393939393939,2.846969696969697
2024-12-28,ULN,울산공장,A,884,35,96.04,22.92477375565611,44.89287330316743,2.8006221719457014
2024-12-28,ULN,울산공장,B,818,26,96.82,22.870537897310513,45.23056234718826,2.7927139364303177
2024-12-28,ULN,울산공장,C,104,6,94.23,23.006730769230767,46.8125,2.8089423076923077
2024-12-29,ASN,아산공장,A,481,29,93.97,22.866528066528065,44.93076923076923,2.8174428274428274
2024-12-29,ASN,아산공장,B,455,18,96.04,22.834725274725272,45.14593406593407,2.808021978021978
2024-12-29,ASN,아산공장,C,73,3,95.89,23.778082191780822,43.93561643835616,2.770684931506849
2024-12-29,GWJ,광주공장,A,285,5,98.25,22.855087719298243,44.87824561403509,2.8131929824561404
2024-12-29,GWJ,광주공장,B,284,13,95.42,22.993661971830985,45.60845070422535,2.8150704225352112
2024-12-29,GWJ,광주공장,C,32,1,96.88,23.73125,45.03125,2.7896875
2024-12-29,HWS,화성공장,A,268,16,94.03,23.25223880597015,44.38059701492537,2.791231343283582
2024-12-29,HWS,화성공장,B,300,15,95.0,22.911,44.830999999999996,2.7975
2024-12-29,HWS,화성공장,C,32,2,93.75,23.15,44.05,2.7834375
2024-12-29,ULN,울산공장,A,889,39,95.61,22.98492688413948,45.72553430821147,2.7941732283464566
2024-12-29,ULN,울산공장,B,850,27,96.82,23.264235294117647,44.900588235294116,2.781058823529412
2024-12-29,ULN,울산공장,C,107,7,93.46,22.71121495327103,45.330841121495325,2.7622429906542054
2024-12-30,ASN,아산공장,A,476,23,95.17,22.87878151260504,45.0718487394958,2.779936974789916
2024-12-30,ASN,아산공장,B,443,15,96.61,23.11783295711061,44.84424379232506,2.801060948081264
2024-12-30,ASN,아산공장,C,58,2,96.55,22.943103448275863,46.47241379310345,2.846551724137931
2024-12-30,GWJ,광주공장,A,282,13,95.39,23.0209219858156,45.131560283687946,2.8048226950354613
2024-12-30,GWJ,광주공장,B,288,11,96.18,23.061458333333334,45.45,2.7991666666666664
2024-12-30,GWJ,광주공장,C,27,1,96.3,22.840740740740742,44.025925925925925,2.846296296296296
2024-12-30,HWS,화성공장,A,250,11,95.6,22.9316,44.2104,2.78556
2024-12-30,HWS,화성공장,B,285,11,96.14,23.086315789473687,44.4919298245614,2.8016140350877192
2024-12-30,HWS,화성공장,C,31,2,93.55,22.206451612903226,45.52258064516129,2.839677419354839
2024-12-30,ULN,울산공장,A,817,50,93.88,22.95764993880049,45.07906976744186,2.8042105263157895
2024-12-30,ULN,울산공장,B,864,34,96.06,23.00023148148148,45.302199074074075,2.8077314814814818
2024-12-30,ULN,울산공장,C,112,7,93.75,22.947321428571428,46.13214285714286,2.829553571428572
2024-12-31,ASN,아산공장,A,497,22,95.57,22.751106639839033,44.70764587525151,2.7942857142857145
2024-12-31,ASN,아산공장,B,458,23,94.98,22.91659388646288,44.855021834061134,2.795109170305677
2024-12-31,ASN,아산공장,C,55,2,96.36,22.754545454545454,46.372727272727275,2.750909090909091
2024-12-31,GWJ,광주공장,A,278,15,94.6,22.81115107913669,44.571582733812946,2.820611510791367
2024-12-31,GWJ,광주공장,B,303,8,97.36,22.78151815181518,44.92904290429043,2.8536303630363036
2024-12-31,GWJ,광주공장,C,28,1,96.43,22.900000000000002,47.489285714285714,2.825714285714286
2024-12-31,HWS,화성공장,A,275,10,96.36,23.140363636363638,44.785818181818186,2.7950545454545455
2024-12-31,HWS,화성공장,B,270,10,96.3,22.973333333333333,45.264074074074074,2.792259259259259
2024-12-31,HWS,화성공장,C,37,1,97.3,22.04054054054054,44.98918918918919,2.7343243243243243
2024-12-31,ULN,울산공장,A,834,28,96.64,23.043045563549164,45.09268585131895,2.8063669064748202
2024-12-31,ULN,울산공장,B,849,30,96.47,23.08680800942285,44.99693757361602,2.7929799764428735
2024-12-31,ULN,울산공장,C,111,5,95.5,22.949549549549552,45.116216216216216,2.8408108108108108
2025-01-01,ASN,아산공장,A,466,24,94.85,22.814163090128755,45.41030042918455,2.7998497854077256
2025-01-01,ASN,아산공장,B,449,17,96.21,23.14053452115813,45.42026726057907,2.8133407572383073
2025-01-01,ASN,아산공장,C,56,5,91.07,23.00357142857143,45.019642857142856,2.735178571428571
2025-01-01,GWJ,광주공장,A,277,9,96.75,23.041155234657037,45.917328519855594,2.8137184115523466
2025-01-01,GWJ,광주공장,B,276,8,97.1,23.106521739130432,44.82463768115942,2.782536231884058
2025-01-01,GWJ,광주공장,C,26,3,88.46,23.003846153846155,45.75769230769231,2.8207692307692307
2025-01-01,HWS,화성공장,A,283,15,94.7,22.910247349823322,45.73286219081272,2.785123674911661
2025-01-01,HWS,화성공장,B,254,10,96.06,22.886220472440947,44.48031496062992,2.8284645669291337
2025-01-01,HWS,화성공장,C,43,2,95.35,23.40232558139535,44.123255813953485,2.776511627906977
2025-01-01,ULN,울산공장,A,825,36,95.64,22.87369696969697,45.089090909090906,2.7986545454545455
2025-01-01,ULN,울산공장,B,865,37,95.72,22.994335260115605,45.22601156069364,2.7909826589595372
2025-01-01,ULN,울산공장,C,107,6,94.39,22.63644859813084,45.32336448598131,2.757102803738318
2025-01-02,ASN,아산공장,A,482,20,95.85,22.972406639004152,44.582365145228216,2.792448132780083
2025-01-02,ASN,아산공장,B,504,24,95.24,22.923214285714284,45.015277777777776,2.809563492063492
2025-01-02,ASN,아산공장,C,66,4,93.94,23.542424242424243,45.55757575757576,2.7396969696969697
2025-01-02,GWJ,광주공장,A,292,11,96.23,22.577397260273973,44.86678082191781,2.793835616438356
2025-01-02,GWJ,광주공장,B,288,8,97.22,22.842361111111114,44.58958333333333,2.7934027777777777
2025-01-02,GWJ,광주공장,C,40,4,90.0,22.6575,44.6875,2.79175
2025-01-02,HWS,화성공장,A,266,6,97.74,23.008646616541355,45.47330827067669,2.798984962406015
2025-01-02,HWS,화성공장,B,307,10,96.74,23.182736156351794,45.60879478827361,2.822084690553746
2025-01-02,HWS,화성공장,C,28,1,96.43,23.010714285714283,46.121428571428574,2.700357142857143
2025-01-02,ULN,울산공장,A,859,32,96.27,22.950407450523866,44.951105937136205,2.7852037252619324
2025-01-02,ULN,울산공장,B,861,34,96.05,22.875493612078976,44.70255516840883,2.796898954703833
2025-01-02,ULN,울산공장,C,110,8,92.73,22.919090909090908,43.98909090909091,2.8116363636363633
2025-01-03,ASN,아산공장,A,432,26,93.98,23.188425925925927,44.47777777777778,2.790046296296296
2025-01-03,ASN,아산공장,B,441,19,95.69,22.847845804988662,45.12721088435374,2.8140362811791384
2025-01-03,ASN,아산공장,C,46,3,93.48,23.004347826086956,44.910869565217396,2.861304347826087
2025-01-03,GWJ,광주공장,A,294,11,96.26,23.058163265306124,45.31938775510204,2.78843537414966
2025-01-03,GWJ,광주공장,B,279,16,94.27,23.28888888888889,44.79462365591398,2.7827240143369174
2025-01-03,GWJ,광주공장,C,40,0,100.0,23.057499999999997,43.22,2.7649999999999997
2025-01-03,HWS,화성공장,A,265,4,98.49,23.174339622641508,44.81169811320755,2.800452830188679
2025-01-03,HWS,화성공장,B,270,11,95.93,23.18740740740741,46.16518518518519,2.7834814814814814
2025-01-03,HWS,화성공장,C,29,0,100.0,23.43103448275862,44.313793103448276,2.7475862068965515
2025-01-03,ULN,울산공장,A,889,40,95.5,22.98177727784027,45.45095613048369,2.7938470191226097
2025-01-03,ULN,울산공장,B,839,32,96.19,22.799761620977353,45.06698450536352,2.79507747318236
2025-01-03,ULN,울산공장,C,107,8,92.52,22.66448598130841,44.413084112149534,2.7899999999999996
2025-01-04,ASN,아산공장,A,440,18,95.91,22.972045454545455,44.687045454545455,2.8022045454545457
2025-01-04,ASN,아산공장,B,454,21,95.37,23.05330396475771,45.11806167400881,2.7855286343612335
2025-01-04,ASN,아산공장,C,58,3,94.83,22.394827586206898,45.63793103448276,2.820862068965517
2025-01-04,GWJ,광주공장,A,274,10,96.35,23.151094890510947,45.71642335766423,2.7815693430656934
2025-01-04,GWJ,광주공장,B,267,10,96.25,22.9374531835206,45.12921348314607,2.8139700374531835
2025-01-04,GWJ,광주공장,C,26,1,96.15,23.146153846153844,43.684615384615384,2.855769230769231
2025-01-04,HWS,화성공장,A,285,10,96.49,22.89578947368421,45.25333333333334,2.7912631578947367
2025-01-04,HWS,화성공장,B,296,9,96.96,23.09358108108108,44.7054054054054,2.7694594594594593
2025-01-04,HWS,화성공장,C,39,4,89.74,23.194871794871794,44.90256410256411,2.8525641025641026
2025-01-04,ULN,울산공장,A,816,35,95.71,22.86139705882353,45.03982843137255,2.8003799019607847
2025-01-04,ULN,울산공장,B,837,37,95.58,23.03500597371565,45.113381123058545,2.8173596176821984
2025-01-04,ULN,울산공장,C,114,7,93.86,22.946491228070176,45.38684210526316,2.767017543859649
2025-01-05,ASN,아산공장,A,480,22,95.42,23.210208333333334,44.55583333333333,2.774916666666667
2025-01-05,ASN,아산공장,B,465,23,95.05,23.093978494623656,45.73849462365592,2.8108172043010753
2025-01-05,ASN,아산공장,C,58,3,94.83,23.556896551724137,45.974137931034484,2.794655172413793
2025-01-05,GWJ,광주공장,A,265,10,96.23,22.79396226415094,45.17811320754717,2.785169811320755
2025-01-05,GWJ,광주공장,B,275,8,97.09,22.794181818181816,45.03818181818182,2.843309090909091
2025-01-05,GWJ,광주공장,C,35,3,91.43,22.874285714285715,43.645714285714284,2.809428571428571
2025-01-05,HWS,화성공장,A,305,14,95.41,23.208196721311474,45.300983606557374,2.827409836065574
2025-01-05,HWS,화성공장,B,303,17,94.39,23.104620462046203,45.58118811881188,2.805082508250825
2025-01-05,HWS,화성공장,C,36,3,91.67,23.558333333333334,44.608333333333334,2.8555555555555556
2025-01-05,ULN,울산공장,A,838,31,96.3,23.001073985680193,44.70023866348449,2.8146062052505965
2025-01-05,ULN,울산공장,B,880,29,96.7,23.12272727272727,45.35909090909091,2.7731818181818184
2025-01-05,ULN,울산공장,C,96,6,93.75,23.150000000000002,45.434374999999996,2.7864583333333335
2025-01-06,ASN,아산공장,A,456,19,95.83,22.898684210526316,45.11820175438597,2.7753070175438594
2025-01-06,ASN,아산공장,B,497,25,94.97,23.025352112676057,44.963581488933606,2.79513078470825
2025-01-06,ASN,아산공장,C,59,2,96.61,23.38135593220339,45.85084745762712,2.863559322033898
2025-01-06,GWJ,광주공장,A,284,11,96.13,23.078521126760563,45.18521126760564,2.810457746478873
2025-01-06,GWJ,광주공장,B,278,10,96.4,22.9794964028777,45.242446043165465,2.7798561151079135
2025-01-06,GWJ,광주공장,C,31,3,90.32,23.038709677419355,44.66451612903226,2.762903225806452
2025-01-06,HWS,화성공장,A,278,14,94.96,23.00071942446043,45.05395683453237,2.78726618705036
2025-01-06,HWS,화성공장,B,278,8,97.12,23.070863309352518,45.954316546762584,2.823776978417266
2025-01-06,HWS,화성공장,C,37,1,97.3,23.85135135135135,43.43783783783784,2.7581081081081082
2025-01-06,ULN,울산공장,A,769,30,96.1,23.049544863459037,45.11716514954486,2.808335500650195
2025-01-06,ULN,울산공장,B,858,46,94.64,22.77972027972028,44.75932400932401,2.7818764568764567
2025-01-06,ULN,울산공장,C,111,4,96.4,23.20990990990991,45.527927927927934,2.7938738738738738
2025-01-07,ASN,아산공장,A,477,13,97.27,23.156394129979038,44.64675052410902,2.8226205450733755
2025-01-07,ASN,아산공장,B,490,18,96.33,23.213673469387757,45.244897959183675,2.783673469387755
2025-01-07,ASN,아산공장,C,48,3,93.75,23.277083333333334,43.833333333333336,2.885
2025-01-07,GWJ,광주공장,A,288,14,95.14,23.322916666666668,44.26354166666667,2.7853125
2025-01-07,GWJ,광주공장,B,275,12,95.64,22.72981818181818,45.07781818181818,2.789963636363636
2025-01-07,GWJ,광주공장,C,32,1,96.88,23.478125,41.9375,2.820625
2025-01-07,HWS,화성공장,A,273,6,97.8,22.88681318681319,44.38864468864469,2.821025641025641
2025-01-07,HWS,화성공장,B,312,6,98.08,22.887179487179488,45.60192307692307,2.786346153846154
2025-01-07,HWS,화성공장,C,29,2,93.1,22.917241379310347,44.08620689655172,2.8572413793103446
2025-01-07,ULN,울산공장,A,809,29,96.42,22.874660074165636,45.46637824474661,2.8128800988875153
2025-01-07,ULN,울산공장,B,872,27,96.9,22.943922018348623,45.34449541284404,2.799954128440367
2025-01-07,ULN,울산공장,C,115,7,93.91,23.083478260869565,45.75826086956521,2.7816521739130433
2025-01-08,ASN,아산공장,A,498,18,96.39,23.023293172690764,45.06947791164659,2.796164658634538
2025-01-08,ASN,아산공장,B,487,24,95.07,23.14476386036961,44.92895277207393,2.8025872689938396
2025-01-08,ASN,아산공장,C,55,4,92.73,22.84,44.1,2.8687272727272726
2025-01-08,GWJ,광주공장,A,297,10,96.63,22.98989898989899,46.39259259259259,2.807744107744108
2025-01-08,GWJ,광주공장,B,277,13,95.31,23.037545126353788,44.764620938628155,2.761696750902527
2025-01-08,GWJ,광주공장,C,32,3,90.62,23.4,43.896875,2.8165625
2025-01-08,HWS,화성공장,A,299,13,95.65,22.951839464882944,45.567892976588624,2.810133779264214
2025-01-08,HWS,화성공장,B,289,8,97.23,23.121453287197234,45.27474048442907,2.7768512110726644
2025-01-08,HWS,화성공장,C,39,3,92.31,22.46153846153846,43.08205128205128,2.7666666666666666
2025-01-08,ULN,울산공장,A,823,39,95.26,23.159659781287974,45.00400972053463,2.799149453219927
2025-01-08,ULN,울산공장,B,811,26,96.79,23.053760789149198,44.73921085080148,2.8030332922318126
2025-01-08,ULN,울산공장,C,126,4,96.83,22.695238095238093,44.69206349206349,2.773730158730159
2025-01-09,ASN,아산공장,A,407,12,97.05,22.607616707616707,45.04496314496314,2.810589680589681
2025-01-09,ASN,아산공장,B,500,17,96.6,22.9552,44.847,2.80682
2025-01-09,ASN,아산공장,C,54,6,88.89,23.18148148148148,44.02777777777778,2.771111111111111
2025-01-09,GWJ,광주공장,A,326,14,95.71,23.298159509202453,44.31779141104295,2.7840184049079757
2025-01-09,GWJ,광주공장,B,296,9,96.96,22.9,44.535135135135135,2.7928716216216216
2025-01-09,GWJ,광주공장,C,33,1,96.97,23.266666666666666,46.73030303030303,2.7506060606060605
2025-01-09,HWS,화성공장,A,280,11,96.07,22.83642857142857,45.84857142857143,2.8143214285714286
2025-01-09,HWS,화성공장,B,288,5,98.26,23.217361111111114,44.76284722222223,2.8146180555555556
2025-01-09,HWS,화성공장,C,27,1,96.3,23.274074074074072,46.470370370370375,2.78037037037037
2025-01-09,ULN,울산공장,A,850,37,95.65,22.886588235294116,44.84964705882353,2.7894470588235296
2025-01-09,ULN,울산공장,B,887,36,95.94,22.795715896279592,44.644081172491546,2.812412626832018
2025-01-09,ULN,울산공장,C,99,7,92.93,23.135353535353538,45.61818181818182,2.7953535353535353
2025-01-10,ASN,아산공장,A,484,16,96.69,22.86673553719008,45.14814049586777,2.8039876033057856
2025-01-10,ASN,아산공장,B,448,14,96.88,22.808482142857144,44.591741071428565,2.8064062499999998
2025-01-10,ASN,아산공장,C,59,4,93.22,22.776271186440677,44.7,2.851186440677966
2025-01-10,GWJ,광주공장,A,298,10,96.64,22.934563758389263,44.72651006711409,2.8183557046979866
2025-01-10,GWJ,광주공장,B,294,7,97.62,22.997619047619047,45.05952380952381,2.795612244897959
2025-01-10,GWJ,광주공장,C,33,1,96.97,23.554545454545455,45.130303030303025,2.7115151515151514
2025-01-10,HWS,화성공장,A,267,10,96.25,23.2310861423221,44.31760299625468,2.77314606741573
2025-01-10,HWS,화성공장,B,266,5,98.12,22.921804511278197,44.66466165413534,2.7872180451127817
2025-01-10,HWS,화성공장,C,40,1,97.5,23.0225,43.62,2.8289999999999997
2025-01-10,ULN,울산공장,A,853,39,95.43,22.981008206330596,44.92121922626026,2.8074443141852288
2025-01-10,ULN,울산공장,B,882,29,96.71,23.06020408163265,44.68605442176871,2.791972789115646
2025-01-10,ULN,울산공장,C,113,8,92.92,22.834513274336285,45.161061946902656,2.8300884955752212
2025-01-11,ASN,아산공장,A,475,24,94.95,23.193894736842108,44.39726315789474,2.800757894736842
2025-01-11,ASN,아산공장,B,482,24,95.02,23.17427385892116,45.2460580912863,2.796701244813278
2025-01-11,ASN,아산공장,C,49,2,95.92,22.22244897959184,42.534693877551014,2.8087755102040814
2025-01-11,GWJ,광주공장,A,268,7,97.39,23.25037313432836,45.05820895522388,2.781455223880597
2025-01-11,GWJ,광주공장,B,307,19,93.81,22.91400651465798,45.25244299674267,2.8031596091205215
2025-01-11,GWJ,광주공장,C,34,0,100.0,23.04705882352941,43.64705882352941,2.987352941176471
2025-01-11,HWS,화성공장,A,298,12,95.97,23.078187919463087,45.06308724832215,2.8068456375838924
2025-01-11,HWS,화성공장,B,265,14,94.72,22.99245283018868,45.0788679245283,2.7964150943396224
2025-01-11,HWS,화성공장,C,42,3,92.86,22.935714285714283,45.92619047619048,2.7928571428571427
2025-01-11,ULN,울산공장,A,868,39,95.51,23.05841013824885,45.20138248847927,2.8202534562211983
2025-01-11,ULN,울산공장,B,859,35,95.93,23.18544819557625,45.267287543655414,2.7849126891734572
2025-01-11,ULN,울산공장,C,109,12,88.99,23.406422018348625,45.05229357798165,2.7722018348623854
2025-01-12,ASN,아산공장,A,477,28,94.13,23.143605870020963,45.2916142557652,2.7942767295597486
2025-01-12,ASN,아산공장,B,470,23,95.11,23.0431914893617,44.857021276595745,2.802851063829787
2025-01-12,ASN,아산공장,C,64,1,98.44,23.1296875,44.984375,2.8146875
2025-01-12,GWJ,광주공장,A,289,11,96.19,22.92145328719723,45.278892733564014,2.7867474048442906
2025-01-12,GWJ,광주공장,B,288,12,95.83,22.866666666666667,45.68090277777778,2.7733680555555558
2025-01-12,GWJ,광주공장,C,35,1,97.14,23.305714285714288,44.39714285714286,2.8325714285714287
2025-01-12,HWS,화성공장,A,277,22,92.06,23.127436823104695,45.31119133574008,2.788231046931408
2025-01-12,HWS,화성공장,B,267,15,94.38,22.718726591760298,44.856554307116106,2.790898876404494
2025-01-12,HWS,화성공장,C,35,2,94.29,22.279999999999998,47.22571428571429,2.742
2025-01-12,ULN,울산공장,A,823,36,95.63,22.972417982989064,45.08626974483597,2.794629404617254
2025-01-12,ULN,울산공장,B,832,33,96.03,23.098557692307693,44.9155048076923,2.805721153846154
2025-01-12,ULN,울산공장,C,104,5,95.19,23.354807692307695,44.450961538461534,2.835769230769231
2025-01-13,ASN,아산공장,A,465,18,96.13,22.801935483870967,44.1847311827957,2.801333333333333
2025-01-13,ASN,아산공장,B,474,14,97.05,22.91940928270042,45.04852320675106,2.8075738396624472
2025-01-13,ASN,아산공장,C,52,2,96.15,22.340384615384615,45.10576923076923,2.8034615384615384
2025-01-13,GWJ,광주공장,A,252,13,94.84,23.194444444444443,44.21825396825397,2.7979761904761906
2025-01-13,GWJ,광주공장,B,298,10,96.64,22.94026845637584,45.79865771812081,2.797281879194631
2025-01-13,GWJ,광주공장,C,26,1,96.15,22.692307692307693,44.87307692307692,2.825384615384615
2025-01-13,HWS,화성공장,A,271,5,98.15,22.94169741697417,44.91660516605166,2.790221402214022
2025-01-13,HWS,화성공장,B,298,13,95.64,23.371140939597318,44.844966442953016,2.791812080536913
2025-01-13,HWS,화성공장,C,32,3,90.62,23.403125,45.659375,2.8603125
2025-01-13,ULN,울산공장,A,825,39,95.27,22.963636363636365,44.783151515151516,2.8023757575757577
2025-01-13,ULN,울산공장,B,856,35,95.91,23.1107476635514,45.37021028037383,2.7925116822429903
2025-01-13,ULN,울산공장,C,117,9,92.31,22.898290598290597,44.54102564102564,2.796837606837607
2025-01-14,ASN,아산공장,A,500,21,95.8,23.1968,45.416599999999995,2.77724
2025-01-14,ASN,아산공장,B,454,18,96.04,23.092951541850223,44.533480176211455,2.812422907488987
2025-01-14,ASN,아산공장,C,57,6,89.47,22.598245614035086,44.089473684210525,2.790877192982456
2025-01-14,GWJ,광주공장,A,270,14,94.81,23.0,44.669629629629625,2.8066666666666666
2025-01-14,GWJ,광주공장,B,259,11,95.75,22.858687258687258,43.882625482625485,2.7955598455598456
2025-01-14,GWJ,광주공장,C,33,5,84.85,22.824242424242424,44.24545454545454,2.768787878787879
2025-01-14,HWS,화성공장,A,267,13,95.13,23.222097378277155,45.26479400749064,2.7996629213483146
2025-01-14,HWS,화성공장,B,310,11,96.45,22.803548387096775,44.656129032258065,2.806
2025-01-14,HWS,화성공장,C,32,4,87.5,23.821875,48.325,2.7628125
2025-01-14,ULN,울산공장,A,815,25,96.93,23.101963190184048,45.1917791411043,2.818539877300614
2025-01-14,ULN,울산공장,B,805,34,95.78,23.232546583850933,44.89391304347826,2.794645962732919
2025-01-14,ULN,울산공장,C,112,3,97.32,22.848214285714285,45.99107142857143,2.803035714285714
2025-01-15,ASN,아산공장,A,410,12,97.07,23.11780487804878,45.43414634146342,2.7728536585365853
2025-01-15,ASN,아산공장,B,490,11,97.76,22.75673469387755,44.47081632653062,2.841265306122449
2025-01-15,ASN,아산공장,C,61,3,95.08,22.586885245901637,44.81475409836065,2.7618032786885247
2025-01-15,GWJ,광주공장,A,248,10,95.97,23.110887096774192,45.666532258064514,2.8216532258064517
2025-01-15,GWJ,광주공장,B,284,13,95.42,23.107042253521126,44.44929577464789,2.7963732394366194
2025-01-15,GWJ,광주공장,C,33,1,96.97,22.53939393939394,45.5,2.8457575757575757
2025-01-15,HWS,화성공장,A,261,8,96.93,23.297701149425286,45.67509578544062,2.7958237547892724
2025-01-15,HWS,화성공장,B,273,4,98.53,22.84139194139194,44.97032967032967,2.7860439560439563
2025-01-15,HWS,화성공장,C,33,0,100.0,23.0,44.7939393939394,2.764242424242424
2025-01-15,ULN,울산공장,A,809,31,96.17,23.094808405438815,45.3291718170581,2.8054635352286774
2025-01-15,ULN,울산공장,B,814,32,96.07,23.031326781326783,45.466953316953315,2.807911547911548
2025-01-15,ULN,울산공장,C,113,13,88.5,22.820353982300883,45.478761061946905,2.7839823008849556
2025-01-16,ASN,아산공장,A,409,19,95.35,22.793643031784843,44.51173594132029,2.800831295843521
2025-01-16,ASN,아산공장,B,445,23,94.83,22.799325842696632,45.10516853932584,2.790449438202247
2025-01-16,ASN,아산공장,C,55,4,92.73,22.681818181818183,44.91454545454546,2.8196363636363637
2025-01-16,GWJ,광주공장,A,288,13,95.49,22.990277777777777,45.075694444444444,2.7790625
2025-01-16,GWJ,광주공장,B,258,10,96.12,22.560465116279072,44.070155038759694,2.768875968992248
2025-01-16,GWJ,광주공장,C,42,6,85.71,23.77857142857143,45.71666666666666,2.769285714285714
2025-01-16,HWS,화성공장,A,261,16,93.87,23.030268199233713,44.301149425287356,2.824252873563218
2025-01-16,HWS,화성공장,B,288,9,96.88,22.646875,45.57881944444445,2.8033680555555556
2025-01-16,HWS,화성공장,C,32,2,93.75,22.703125,45.0875,2.8596875
2025-01-16,ULN,울산공장,A,831,33,96.03,22.951263537906136,45.166787003610104,2.8047653429602892
2025-01-16,ULN,울산공장,B,866,35,95.96,22.92852193995381,45.21166281755197,2.7992609699769053
2025-01-16,ULN,울산공장,C,94,5,94.68,22.72978723404255,45.83404255319149,2.7961702127659573
2025-01-17,ASN,아산공장,A,471,22,95.33,22.98343949044586,44.82887473460722,2.804140127388535
2025-01-17,ASN,아산공장,B,428,20,95.33,22.927102803738315,45.37827102803739,2.817546728971963
2025-01-17,ASN,아산공장,C,63,0,100.0,23.27777777777778,44.65873015873016,2.7822222222222224
2025-01-17,GWJ,광주공장,A,283,8,97.17,23.214134275618378,45.148409893992934,2.781872791519435
2025-01-17,GWJ,광주공장,B,294,8,97.28,23.231632653061226,45.49183673469388,2.804421768707483
2025-01-17,GWJ,광주공장,C,41,4,90.24,22.282926829268295,45.83170731707317,2.831951219512195
2025-01-17,HWS,화성공장,A,253,12,95.26,23.02411067193676,45.355731225296445,2.8169169960474307
2025-01-17,HWS,화성공장,B,271,12,95.57,23.247232472324722,44.7169741697417,2.7926937269372694
2025-01-17,HWS,화성공장,C,40,3,92.5,22.555,45.5775,2.8715
2025-01-17,ULN,울산공장,A,813,39,95.2,22.970356703567038,45.27515375153751,2.8134440344403444
2025-01-17,ULN,울산공장,B,856,39,95.44,22.95315420560748,44.700233644859814,2.8023247663551403
2025-01-17,ULN,울산공장,C,95,3,96.84,22.84842105263158,45.602105263157895,2.773894736842105
2025-01-18,ASN,아산공장,A,462,21,95.45,23.061904761904763,44.82965367965368,2.7991991341991342
2025-01-18,ASN,아산공장,B,503,15,97.02,23.060636182902584,45.214711729622266,2.798151093439364
2025-01-18,ASN,아산공장,C,70,0,100.0,23.38142857142857,44.79571428571428,2.7707142857142855
2025-01-18,GWJ,광주공장,A,290,5,98.28,22.853448275862068,45.14,2.834379310344828
2025-01-18,GWJ,광주공장,B,270,10,96.3,23.227407407407405,45.54851851851852,2.775888888888889
2025-01-18,GWJ,광주공장,C,41,4,90.24,23.209756097560977,42.90731707317073,2.8329268292682928
2025-01-18,HWS,화성공장,A,283,4,98.59,23.182332155477035,45.06395759717314,2.805335689045936
2025-01-18,HWS,화성공장,B,306,16,94.77,22.921895424836602,44.7562091503268,2.8059477124183005
2025-01-18,HWS,화성공장,C,39,2,94.87,23.443589743589744,44.130769230769225,2.8615384615384616
2025-01-18,ULN,울산공장,A,859,26,96.97,22.978346915017465,44.599650756693826,2.8070197904540164
2025-01-18,ULN,울산공장,B,817,39,95.23,23.156915544675645,44.908690330477356,2.7982619339045285
2025-01-18,ULN,울산공장,C,97,2,97.94,23.11958762886598,44.93298969072165,2.7780412371134022
2025-01-19,ASN,아산공장,A,488,25,94.88,22.956352459016394,45.35102459016393,2.8025409836065576
2025-01-19,ASN,아산공장,B,445,18,95.96,23.28426966292135,45.06831460674157,2.7985393258426963
2025-01-19,ASN,아산공장,C,50,1,98.0,22.848000000000003,44.088,2.8169999999999997
2025-01-19,GWJ,광주공장,A,259,13,94.98,22.915057915057915,45.21467181467182,2.812741312741313
2025-01-19,GWJ,광주공장,B,246,7,97.15,22.623577235772355,44.61178861788618,2.785772357723577
2025-01-19,GWJ,광주공장,C,37,1,97.3,23.6,43.77297297297297,2.866216216216216
2025-01-19,HWS,화성공장,A,244,18,92.62,23.17622950819672,45.27172131147541,2.8056967213114756
2025-01-19,HWS,화성공장,B,279,8,97.13,22.884229390681003,45.49354838709678,2.80584229390681
2025-01-19,HWS,화성공장,C,34,0,100.0,22.376470588235293,44.62352941176471,2.701470588235294
2025-01-19,ULN,울산공장,A,861,30,96.52,23.12636469221835,44.64250871080139,2.805760743321719
2025-01-19,ULN,울산공장,B,846,41,95.15,23.054728132387705,45.24633569739953,2.7974113475177305
2025-01-19,ULN,울산공장,C,112,11,90.18,22.88214285714286,45.128571428571426,2.8051785714285713
2025-01-20,ASN,아산공장,A,495,18,96.36,23.025252525252526,45.38080808080808,2.804888888888889
2025-01-20,ASN,아산공장,B,480,16,96.67,23.13875,45.51229166666667,2.8048124999999997
2025-01-20,ASN,아산공장,C,63,4,93.65,22.820634920634923,44.26984126984127,2.828095238095238
2025-01-20,GWJ,광주공장,A,285,8,97.19,23.147368421052633,43.860350877192985,2.8101403508771927
2025-01-20,GWJ,광주공장,B,289,9,96.89,22.941868512110727,45.19342560553633,2.8042906574394464
2025-01-20,GWJ,광주공장,C,25,3,88.0,23.184,45.903999999999996,2.8248
2025-01-20,HWS,화성공장,A,285,11,96.14,22.92982456140351,45.066315789473684,2.783157894736842
2025-01-20,HWS,화성공장,B,315,9,97.14,23.036507936507938,45.18952380952381,2.814761904761905
2025-01-20,HWS,화성공장,C,29,3,89.66,23.57586206896552,45.244827586206895,2.756896551724138
2025-01-20,ULN,울산공장,A,842,50,94.06,23.081353919239906,44.80985748218527,2.798634204275534
2025-01-20,ULN,울산공장,B,866,23,97.34,22.851847575057736,45.070207852193995,2.789630484988453
2025-01-20,ULN,울산공장,C,131,8,93.89,22.84732824427481,44.47175572519084,2.8072519083969465
2025-01-21,ASN,아산공장,A,490,19,96.12,22.835306122448976,45.05938775510204,2.799591836734694
2025-01-21,ASN,아산공장,B,449,14,96.88,22.647884187082404,45.79086859688196,2.787728285077951
2025-01-21,ASN,아산공장,C,67,4,94.03,23.240298507462686,44.54477611940298,2.775074626865672
2025-01-21,GWJ,광주공장,A,279,11,96.06,23.25663082437276,45.06810035842294,2.7835125448028673
2025-01-21,GWJ,광주공장,B,278,10,96.4,22.885251798561153,44.933093525179856,2.8121223021582735
2025-01-21,GWJ,광주공장,C,37,1,97.3,23.44864864864865,44.5918918918919,2.826216216216216
2025-01-21,HWS,화성공장,A,254,7,97.24,22.55236220472441,45.07086614173228,2.7808267716535435
2025-01-21,HWS,화성공장,B,271,6,97.79,23.32509225092251,45.140221402214024,2.7798523985239854
2025-01-21,HWS,화성공장,C,43,4,90.7,23.144186046511628,46.36976744186047,2.7990697674418605
2025-01-21,ULN,울산공장,A,843,31,96.32,22.89584816132859,44.84009489916963,2.795836298932384
2025-01-21,ULN,울산공장,B,825,24,97.09,22.908606060606058,44.67842424242424,2.801139393939394
2025-01-21,ULN,울산공장,C,117,7,94.02,22.727350427350427,45.193162393162396,2.7910256410256413
2025-01-22,ASN,아산공장,A,479,19,96.03,23.19248434237996,45.21210855949895,2.7781628392484343
2025-01-22,ASN,아산공장,B,491,18,96.33,23.00244399185336,45.090224032586555,2.806069246435845
2025-01-22,ASN,아산공장,C,58,2,96.55,23.400000000000002,46.13103448275862,2.8593103448275863
2025-01-22,GWJ,광주공장,A,282,12,95.74,22.797163120567376,45.032269503546104,2.8056737588652485
2025-01-22,GWJ,광주공장,B,279,12,95.7,22.886379928315414,44.75232974910394,2.8052329749103944
2025-01-22,GWJ,광주공장,C,44,1,97.73,22.354545454545455,46.18181818181818,2.768181818181818
2025-01-22,HWS,화성공장,A,305,16,94.75,23.072131147540983,44.50918032786885,2.8354098360655735
2025-01-22,HWS,화성공장,B,280,16,94.29,23.102857142857143,44.785714285714285,2.8050357142857143
2025-01-22,HWS,화성공장,C,30,1,96.67,23.043333333333333,44.526666666666664,2.689
2025-01-22,ULN,울산공장,A,877,42,95.21,22.995667046750285,44.836259977194985,2.8014139110604335
2025-01-22,ULN,울산공장,B,843,29,96.56,23.059430604982204,45.380664294187426,2.79785290628707
2025-01-22,ULN,울산공장,C,102,8,92.16,23.152941176470588,45.63333333333334,2.8332352941176473
2025-01-23,ASN,아산공장,A,474,24,94.94,23.0210970464135,44.71540084388185,2.788713080168776
2025-01-23,ASN,아산공장,B,466,20,95.71,22.845922746781117,45.72296137339056,2.8178755364806864
2025-01-23,ASN,아산공장,C,52,5,90.38,22.942307692307693,45.4673076923077,2.9228846153846155
2025-01-23,GWJ,광주공장,A,279,15,94.62,23.021863799283157,45.236559139784944,2.814802867383513
2025-01-23,GWJ,광주공장,B,267,10,96.25,22.811610486891386,44.451310861423224,2.8204494382022474
2025-01-23,GWJ,광주공장,C,34,3,91.18,22.870588235294118,45.65588235294118,2.8376470588235296
2025-01-23,HWS,화성공장,A,302,12,96.03,22.90298013245033,44.604304635761586,2.8091059602649007
2025-01-23,HWS,화성공장,B,284,11,96.13,23.02007042253521,45.326760563380276,2.812394366197183
2025-01-23,HWS,화성공장,C,29,3,89.66,22.351724137931036,41.61379310344827,2.713448275862069
2025-01-23,ULN,울산공장,A,866,28,96.77,22.892147806004616,44.78140877598152,2.805092378752887
2025-01-23,ULN,울산공장,B,844,32,96.21,22.918364928909952,45.02843601895734,2.7958530805687203
2025-01-23,ULN,울산공장,C,108,6,94.44,22.58240740740741,46.26759259259259,2.7849074074074074
2025-01-24,ASN,아산공장,A,468,18,96.15,22.931410256410256,44.55106837606838,2.7946794871794873
2025-01-24,ASN,아산공장,B,473,26,94.5,23.11860465116279,44.867441860465114,2.7963213530655393
2025-01-24,ASN,아산공장,C,52,4,92.31,23.817307692307693,42.15384615384615,2.748653846153846
2025-01-24,GWJ,광주공장,A,298,14,95.3,22.94295302013423,44.4255033557047,2.7843288590604027
2025-01-24,GWJ,광주공장,B,274,11,95.99,22.83248175182482,44.77189781021898,2.7886131386861317
2025-01-24,GWJ,광주공장,C,41,2,95.12,22.66829268292683,45.44878048780488,2.779268292682927
2025-01-24,HWS,화성공장,A,301,12,96.01,22.680730897009965,45.46511627906977,2.7993355481727575
2025-01-24,HWS,화성공장,B,281,13,95.37,23.191103202846975,45.94519572953737,2.798896797153025
2025-01-24,HWS,화성공장,C,35,1,97.14,22.654285714285713,42.14857142857143,2.782
2025-01-24,ULN,울산공장,A,875,36,95.89,22.81417142857143,45.02217142857143,2.8023657142857146
2025-01-24,ULN,울산공장,B,814,23,97.17,23.089434889434887,44.913390663390665,2.7978746928746925
2025-01-24,ULN,울산공장,C,96,4,95.83,22.744791666666668,45.234375,2.794583333333333
